{"root_pos": [-45.091407775878906, 83.37974548339844, 17.829708099365234], "local_quat": [[0.1529293954372406, 0.6971263885498047, 0.6922333836555481, 0.1069595143198967], [0.06855306029319763, 0.03326134383678436, -0.9965931177139282, -0.03156491369009018], [0.9048063158988953, -0.013777251355350018, 0.0810149759054184, -0.4178183674812317], [0.7225447297096252, -0.05558029189705849, -0.04727136716246605, 0.6874629855155945], [0.9821550250053406, 0.00029164954321458936, -0.001789849135093391, 0.18806450068950653], [0.011756807565689087, 0.22767594456672668, 0.9729957580566406, -0.03611995652318001], [0.9375485181808472, -0.045155543833971024, -0.01757902093231678, -0.34446290135383606], [0.759101927280426, 0.05787542834877968, 0.1181599423289299, 0.6375366449356079], [0.9826192855834961, 0.0011717505985870957, 0.0019270284101366997, 0.1856185495853424], [0.9975253939628601, -0.005045303609222174, 0.011669858358800411, 0.06914817541837692], [0.9987096190452576, -0.005301938392221928, 0.01921018771827221, 0.04671082645654678], [0.9988813400268555, -0.0017052933108061552, 0.017139675095677376, 0.0440390445291996], [0.9957621693611145, -0.003787105670198798, 0.07772799581289291, -0.049008630216121674], [0.9959471225738525, 0.044720638543367386, -0.06842485070228577, 0.037515755742788315], [0.008680222555994987, -0.594531774520874, 0.025825442746281624, -0.8036104440689087], [0.8433822989463806, 0.29996076226234436, 0.3849670886993408, -0.22478920221328735], [0.9367300868034363, -0.038599055260419846, -0.13312098383903503, -0.3214430809020996], [0.9891615509986877, 0.1263742744922638, -0.0422830656170845, 0.06165330857038498], [0.012304169125854969, 0.5874658823013306, -0.033055029809474945, -0.808479905128479], [0.8702774047851562, -0.15632784366607666, -0.4374937415122986, -0.1636401265859604], [0.9958059191703796, 0.005094984080642462, 0.02068014070391655, -0.08897735178470612], [0.9270734190940857, -0.3324023187160492, -0.14026737213134766, 0.1018262431025505]], "joint_names": ["Hips", "LeftUpLeg", "LeftLeg", "LeftFoot", "LeftToe", "RightUpLeg", "RightLeg", "RightFoot", "RightToe", "Spine", "Spine1", "Spine2", "Neck", "Head", "LeftShoulder", "LeftArm", "LeftForeArm", "LeftHand", "RightShoulder", "RightArm", "RightForeArm", "RightHand"]}