{"root_pos": [-41.72718811035156, 84.3353042602539, 19.675437927246094], "local_quat": [[0.13729968667030334, 0.6970347166061401, 0.6991209983825684, 0.08075419068336487], [0.08560916781425476, -0.0062685776501894, -0.9957148432731628, -0.034404005855321884], [0.8754895329475403, -0.010644936934113503, 0.0842171311378479, -0.4757227301597595], [0.7534461617469788, -0.04845154285430908, -0.04043511301279068, 0.6544740796089172], [0.9819788336753845, -3.580416887416504e-05, -0.0020249392837285995, 0.1889800727367401], [0.008346405811607838, 0.2035313993692398, 0.9782651662826538, -0.03876236081123352], [0.9340370893478394, -0.04046028107404709, -0.019116926938295364, -0.3543615937232971], [0.7515738606452942, 0.0648496150970459, 0.12137658149003983, 0.6451348066329956], [0.9826827049255371, 0.0012795719085261226, 0.0026158937253057957, 0.18527360260486603], [0.9973030090332031, -0.0054045869037508965, 0.01564178802073002, 0.07150400429964066], [0.9984456300735474, -0.003865791717544198, 0.025093762204051018, 0.04961530491709709], [0.9986658096313477, 0.0015256217448040843, 0.021932512521743774, 0.04672457277774811], [0.9958457946777344, -0.0034308561589568853, 0.07724947482347488, -0.04808229207992554], [0.9954802989959717, 0.04633853957056999, -0.07432074099779129, 0.036718182265758514], [0.00935191847383976, -0.5926000475883484, 0.026072196662425995, -0.8050205111503601], [0.8369239568710327, 0.3111989498138428, 0.3953684866428375, -0.21540012955665588], [0.942828357219696, -0.03838009387254715, -0.13328026235103607, -0.3030478060245514], [0.9898445010185242, 0.12199171632528305, -0.03471332788467407, 0.06419454514980316], [0.008747996762394905, 0.5926890969276428, -0.030055593699216843, -0.8048228025436401], [0.8745837211608887, -0.14261601865291595, -0.42216646671295166, -0.19115281105041504], [0.9940266013145447, 0.007240416016429663, 0.021833688020706177, -0.10668659955263138], [0.928081750869751, -0.3346880078315735, -0.13010354340076447, 0.09859666228294373]], "joint_names": ["Hips", "LeftUpLeg", "LeftLeg", "LeftFoot", "LeftToe", "RightUpLeg", "RightLeg", "RightFoot", "RightToe", "Spine", "Spine1", "Spine2", "Neck", "Head", "LeftShoulder", "LeftArm", "LeftForeArm", "LeftHand", "RightShoulder", "RightArm", "RightForeArm", "RightHand"]}