{"root_pos": [-34.72883224487305, 88.26966857910156, 24.48678970336914], "local_quat": [[0.06856933236122131, 0.7001237273216248, 0.7107122540473938, -0.0036169569939374924], [0.0819183960556984, -0.1403723955154419, -0.9860243797302246, -0.03661864995956421], [0.820667028427124, -0.011581393890082836, 0.08304590731859207, -0.5652209520339966], [0.8114960789680481, -0.036940883845090866, -0.028873484581708908, 0.5824738144874573], [0.9815763235092163, -0.0011852645548060536, -0.0027878256514668465, 0.19104665517807007], [0.0013106245314702392, 0.1255107969045639, 0.9911996722221375, -0.04205382615327835], [0.9648182988166809, -0.017590021714568138, -0.016860926523804665, -0.26178598403930664], [0.7688003778457642, 0.08127538859844208, 0.12027333676815033, 0.622795820236206], [0.9828479290008545, 0.0016440327744930983, 0.004093791823834181, 0.18436504900455475], [0.9972987771034241, -0.007370150648057461, 0.02031094953417778, 0.07020195573568344], [0.9985590577125549, -0.002068231115117669, 0.030267296358942986, 0.044265083968639374], [0.9988335967063904, 0.007811973337084055, 0.024109894409775734, 0.041098691523075104], [0.9967346787452698, -0.001445020199753344, 0.06590379029512405, -0.046632181853055954], [0.9943419694900513, 0.04814981296658516, -0.08430306613445282, 0.04311085864901543], [0.011958795599639416, -0.5924540758132935, 0.02759658545255661, -0.8050426244735718], [0.8184170722961426, 0.3404666483402252, 0.417949914932251, -0.1989818513393402], [0.9556347131729126, -0.03502538800239563, -0.13105598092079163, -0.26145699620246887], [0.9919252395629883, 0.10307994484901428, -0.0059512099251151085, 0.0736444815993309], [0.0022768608760088682, 0.6089150905609131, -0.02551792748272419, -0.7928215861320496], [0.8796752095222473, -0.10716913640499115, -0.3939417600631714, -0.243918314576149], [0.977610170841217, 0.01099331583827734, 0.01823994517326355, -0.2093440443277359], [0.9317756295204163, -0.33666133880615234, -0.10818372666835785, 0.08215608447790146]], "joint_names": ["Hips", "LeftUpLeg", "LeftLeg", "LeftFoot", "LeftToe", "RightUpLeg", "RightLeg", "RightFoot", "RightToe", "Spine", "Spine1", "Spine2", "Neck", "Head", "LeftShoulder", "LeftArm", "LeftForeArm", "LeftHand", "RightShoulder", "RightArm", "RightForeArm", "RightHand"]}