{"root_pos": [-53.47358322143555, 83.85746002197266, 9.192717552185059], "local_quat": [[0.20429635047912598, 0.6966226100921631, 0.6635035276412964, 0.18095029890537262], [0.011648078449070454, 0.09502840787172318, -0.9950019717216492, -0.028372719883918762], [0.9618821144104004, -0.029358135536313057, 0.07443775236606598, -0.26149576902389526], [0.6581513285636902, -0.06911545246839523, -0.04654812812805176, 0.7482600808143616], [0.9824907183647156, 0.00022632005857303739, -0.00046577188186347485, 0.18631063401699066], [0.03788946568965912, 0.29841217398643494, 0.9536412358283997, -0.009106341749429703], [0.9755771160125732, -0.04733724519610405, -0.010886898264288902, -0.21421931684017181], [0.8065659999847412, 0.05226713791489601, 0.12040192633867264, 0.5763877034187317], [0.9825260043144226, 0.00027884007431566715, 0.00029878379427827895, 0.1861250400543213], [0.9981508255004883, -0.003965515643358231, 0.002763061784207821, 0.060594215989112854], [0.9993559122085571, -0.007253693882375956, 0.005644595716148615, 0.034688472747802734], [0.9994329810142517, -0.007130838930606842, 0.005463493522256613, 0.03244984894990921], [0.9961123466491699, 0.00118816620670259, 0.07209507375955582, -0.05060689523816109], [0.9963822364807129, 0.04550639167428017, -0.05949792638421059, 0.0401429608464241], [0.01029939018189907, -0.5985441207885742, 0.029995707795023918, -0.8004617691040039], [0.8513339757919312, 0.3051621615886688, 0.37529832124710083, -0.203119695186615], [0.9269611835479736, -0.03460870310664177, -0.1280916929244995, -0.35091009736061096], [0.9885475635528564, 0.13035322725772858, -0.045031558722257614, 0.06126910448074341], [0.019693516194820404, 0.5784486532211304, -0.040135350078344345, -0.8144927620887756], [0.8498722910881042, -0.21276654303073883, -0.4718736708164215, -0.09890783578157425], [0.9981274008750916, 0.0004721590084955096, 0.017539020627737045, -0.05859829857945442], [0.9256173968315125, -0.32840174436569214, -0.15525400638580322, 0.10621124505996704]], "joint_names": ["Hips", "LeftUpLeg", "LeftLeg", "LeftFoot", "LeftToe", "RightUpLeg", "RightLeg", "RightFoot", "RightToe", "Spine", "Spine1", "Spine2", "Neck", "Head", "LeftShoulder", "LeftArm", "LeftForeArm", "LeftHand", "RightShoulder", "RightArm", "RightForeArm", "RightHand"]}