{"root_pos": [-32.74403762817383, 88.89350891113281, 25.902952194213867], "local_quat": [[0.044515129178762436, 0.7003337144851685, 0.7118151783943176, -0.029498567804694176], [0.07321248948574066, -0.18172207474708557, -0.979949414730072, -0.0362786129117012], [0.8262231349945068, -0.012313483282923698, 0.07730169594287872, -0.557878315448761], [0.8101986646652222, -0.0302957221865654, -0.023974429816007614, 0.5848808288574219], [0.9814616441726685, -0.001439553452655673, -0.003003599587827921, 0.19162961840629578], [-0.0024315810296684504, 0.10223621129989624, 0.9938170909881592, -0.04323732852935791], [0.973779022693634, -0.012164412066340446, -0.014110383577644825, -0.22673174738883972], [0.7682424783706665, 0.07992691546678543, 0.1136835515499115, 0.6248928904533386], [0.9828896522521973, 0.001761191408149898, 0.004426547791808844, 0.1841338872909546], [0.9973397254943848, -0.006971919909119606, 0.020472902804613113, 0.0696115717291832], [0.9986494183540344, -0.00023840635549277067, 0.030156347900629044, 0.0423060767352581], [0.9989277124404907, 0.010534181259572506, 0.02274535410106182, 0.038924235850572586], [0.9968797564506531, 5.697353481082246e-05, 0.06210138276219368, -0.04872478172183037], [0.9940764904022217, 0.04889317974448204, -0.08551681041717529, 0.045916467905044556], [0.013331989757716656, -0.5925647020339966, 0.028687117621302605, -0.8049015402793884], [0.8144760131835938, 0.3407747149467468, 0.42305588722229004, -0.20377714931964874], [0.9592363834381104, -0.03401493653655052, -0.130591481924057, -0.2483028769493103], [0.9923919439315796, 0.09620849043130875, 0.0015322128310799599, 0.07681075483560562], [0.0006888058851473033, 0.6135113835334778, -0.024600882083177567, -0.7893022894859314], [0.8805424571037292, -0.0935651957988739, -0.38492411375045776, -0.26023802161216736], [0.968002438545227, 0.012133907526731491, 0.0161517933011055, -0.25012627243995667], [0.9325830340385437, -0.3378255069255829, -0.1029110997915268, 0.07464659959077835]], "joint_names": ["Hips", "LeftUpLeg", "LeftLeg", "LeftFoot", "LeftToe", "RightUpLeg", "RightLeg", "RightFoot", "RightToe", "Spine", "Spine1", "Spine2", "Neck", "Head", "LeftShoulder", "LeftArm", "LeftForeArm", "LeftHand", "RightShoulder", "RightArm", "RightForeArm", "RightHand"]}