{"root_pos": [-47.97769546508789, 82.82311248779297, 15.554405212402344], "local_quat": [[0.1675097793340683, 0.69880211353302, 0.6830369234085083, 0.1306777149438858], [0.04756341502070427, 0.06739287823438644, -0.9961782097816467, -0.028720734640955925], [0.92989581823349, -0.016260942444205284, 0.07580319792032242, -0.3595595955848694], [0.6908955574035645, -0.06109650805592537, -0.05358964204788208, 0.7183722257614136], [0.9823130369186401, 0.0003961308393627405, -0.0014095291262492537, 0.18724031746387482], [0.017038989812135696, 0.25061675906181335, 0.9674514532089233, -0.030635757371783257], [0.9478875994682312, -0.048309534788131714, -0.014871155843138695, -0.3145699203014374], [0.7753386497497559, 0.0524563267827034, 0.11631448566913605, 0.6185218691825867], [0.9825631380081177, 0.0009078092407435179, 0.001308513106778264, 0.18592233955860138], [0.9978179931640625, -0.004801388364285231, 0.008563457056879997, 0.06529034674167633], [0.9990031123161316, -0.006480296608060598, 0.014722812920808792, 0.04164250195026398], [0.9991227388381958, -0.004606763832271099, 0.013451378792524338, 0.039389949291944504], [0.9957294464111328, -0.002660104539245367, 0.07760214805603027, -0.049936987459659576], [0.996122419834137, 0.044826265424489975, -0.06505946069955826, 0.038704972714185715], [0.009041104465723038, -0.596671998500824, 0.026967588812112808, -0.8019810318946838], [0.846276044845581, 0.2961515188217163, 0.38195306062698364, -0.2241048514842987], [0.9312515258789062, -0.037591416388750076, -0.1314152032136917, -0.3377684950828552], [0.9886547327041626, 0.12987415492534637, -0.045460596680641174, 0.060230910778045654], [0.016086282208561897, 0.5831168293952942, -0.03654637187719345, -0.8114064335823059], [0.8644710779190063, -0.1736740618944168, -0.4523155391216278, -0.13393168151378632], [0.9970808029174805, 0.0028121795039623976, 0.019199343398213387, -0.07384666800498962], [0.9271834492683411, -0.32807499170303345, -0.14718236029148102, 0.10504712164402008]], "joint_names": ["Hips", "LeftUpLeg", "LeftLeg", "LeftFoot", "LeftToe", "RightUpLeg", "RightLeg", "RightFoot", "RightToe", "Spine", "Spine1", "Spine2", "Neck", "Head", "LeftShoulder", "LeftArm", "LeftForeArm", "LeftHand", "RightShoulder", "RightArm", "RightForeArm", "RightHand"]}