{"root_pos": [-30.35137176513672, 89.0543441772461, 26.991899490356445], "local_quat": [[0.024771936237812042, 0.6998758912086487, 0.7120367884635925, -0.05063329264521599], [0.06122088059782982, -0.20570673048496246, -0.9761742949485779, -0.03194604068994522], [0.8382147550582886, -0.01357800792902708, 0.06997647136449814, -0.5406616926193237], [0.8056412935256958, -0.021748395636677742, -0.016322694718837738, 0.5917792916297913], [0.9813306331634521, -0.0016947347903624177, -0.0031645754352211952, 0.19229477643966675], [-0.006312272977083921, 0.0825594812631607, 0.9957073330879211, -0.04136326536536217], [0.9787760376930237, -0.01029597781598568, -0.009543227963149548, -0.20445115864276886], [0.7638379335403442, 0.07833424210548401, 0.11205250024795532, 0.6307610869407654], [0.9829339981079102, 0.0018451991491019726, 0.004839998669922352, 0.18388590216636658], [0.9973776936531067, -0.006520801689475775, 0.02074686996638775, 0.06902637332677841], [0.9987019896507263, 0.0015177977038547397, 0.030559180304408073, 0.040718480944633484], [0.9989895820617676, 0.012944577261805534, 0.02190364897251129, 0.03704751282930374], [0.9969157576560974, 0.00261371536180377, 0.05905938148498535, -0.05161517113447189], [0.9938545823097229, 0.05034733563661575, -0.08633634448051453, 0.047583065927028656], [0.014756295830011368, -0.5932595133781433, 0.030135946348309517, -0.8043116927146912], [0.8144592642784119, 0.3320334553718567, 0.4263489246368408, -0.2112734168767929], [0.9609283804893494, -0.0332472138106823, -0.13002248108386993, -0.24208584427833557], [0.9926335215568542, 0.09282296150922775, 0.0042479014955461025, 0.07774654030799866], [-0.00048196702846325934, 0.6170872449874878, -0.023919960483908653, -0.7865309119224548], [0.8805354833602905, -0.08965476602315903, -0.37724870443344116, -0.27258527278900146], [0.9611733555793762, 0.013394895009696484, 0.015516432002186775, -0.2751830816268921], [0.9339614510536194, -0.3371303677558899, -0.0960516631603241, 0.06952071189880371]], "joint_names": ["Hips", "LeftUpLeg", "LeftLeg", "LeftFoot", "LeftToe", "RightUpLeg", "RightLeg", "RightFoot", "RightToe", "Spine", "Spine1", "Spine2", "Neck", "Head", "LeftShoulder", "LeftArm", "LeftForeArm", "LeftHand", "RightShoulder", "RightArm", "RightForeArm", "RightHand"]}