{"root_pos": [-37.0294189453125, 87.23906707763672, 22.88994598388672], "local_quat": [[0.09230639785528183, 0.6989947557449341, 0.70883709192276, 0.02087569423019886], [0.09269951283931732, -0.09741462767124176, -0.9902666807174683, -0.03590400516986847], [0.8287176489830017, -0.010415238328278065, 0.08640868961811066, -0.5528581738471985], [0.8034179210662842, -0.042570389807224274, -0.03460567444562912, 0.5928826928138733], [0.9816960692405701, -0.0008007145952433348, -0.0025578513741493225, 0.19043532013893127], [0.004795885644853115, 0.15186503529548645, 0.9876218438148499, -0.03894911706447601], [0.9526633024215698, -0.024474885314702988, -0.019086359068751335, -0.30243876576423645], [0.7634006142616272, 0.0791950672864914, 0.12377835810184479, 0.62898850440979], [0.9828006625175476, 0.001573877059854567, 0.0036587617360055447, 0.1846267431974411], [0.9971998333930969, -0.006552864797413349, 0.01956276223063469, 0.07188080996274948], [0.998401403427124, -0.002101603662595153, 0.029796211048960686, 0.047983307391405106], [0.9986682534217834, 0.006600065156817436, 0.024724088609218597, 0.04479734227061272], [0.9964401721954346, -0.002731541870161891, 0.07064443826675415, -0.04592194780707359], [0.9947029948234558, 0.04752711206674576, -0.08216817677021027, 0.039439890533685684], [0.01103146281093359, -0.5916775465011597, 0.027045391499996185, -0.8056454658508301], [0.8221566677093506, 0.33758652210235596, 0.41442760825157166, -0.195814847946167], [0.9521144032478333, -0.03601725772023201, -0.13151855766773224, -0.2736489176750183], [0.9913710951805115, 0.1093875914812088, -0.01445519644767046, 0.07077272236347198], [0.0035647787153720856, 0.6038694381713867, -0.026120560243725777, -0.7966471910476685], [0.8784963488578796, -0.11870038509368896, -0.4016806483268738, -0.22979770600795746], [0.9853232502937317, 0.009995546191930771, 0.020362289622426033, -0.1691851168870926], [0.9309492707252502, -0.33546653389930725, -0.11341114342212677, 0.08907057344913483]], "joint_names": ["Hips", "LeftUpLeg", "LeftLeg", "LeftFoot", "LeftToe", "RightUpLeg", "RightLeg", "RightFoot", "RightToe", "Spine", "Spine1", "Spine2", "Neck", "Head", "LeftShoulder", "LeftArm", "LeftForeArm", "LeftHand", "RightShoulder", "RightArm", "RightForeArm", "RightHand"]}