{"root_pos": [-39.77021789550781, 85.85649871826172, 21.690277099609375], "local_quat": [[0.11958867311477661, 0.6966082453727722, 0.7053671479225159, 0.05378403514623642], [0.0927274152636528, -0.05164800211787224, -0.9938042759895325, -0.03297146409749985], [0.8450136780738831, -0.010880693793296814, 0.08809065073728561, -0.527326762676239], [0.783512532711029, -0.047722648829221725, -0.038809847086668015, 0.6183238625526428], [0.9818485379219055, -0.00030193175189197063, -0.0023206749465316534, 0.18965227901935577], [0.007055670488625765, 0.1767076700925827, 0.983488142490387, -0.03841478005051613], [0.9404035806655884, -0.03418608382344246, -0.018131596967577934, -0.33785152435302734], [0.7537818551063538, 0.07198897749185562, 0.12521852552890778, 0.6410545110702515], [0.9827398657798767, 0.00148483132943511, 0.0030417705420404673, 0.18496184051036835], [0.997144877910614, -0.005759391468018293, 0.018213091418147087, 0.07305578142404556], [0.9983029365539551, -0.002408184576779604, 0.028412075713276863, 0.05077599361538887], [0.9985580444335938, 0.004842613358050585, 0.0243279617279768, 0.04760884866118431], [0.9961221814155579, -0.0032105538994073868, 0.07460474222898483, -0.04652317985892296], [0.9950804114341736, 0.04713095724582672, -0.07910015434026718, 0.03655952960252762], [0.010057319886982441, -0.5917384624481201, 0.02655310183763504, -0.8056297898292542], [0.8291475176811218, 0.3255103826522827, 0.40671291947364807, -0.20283472537994385], [0.9480358958244324, -0.03731419891119003, -0.13250364363193512, -0.28684231638908386], [0.9905366897583008, 0.11673549562692642, -0.02505231276154518, 0.06769134104251862], [0.005462988279759884, 0.5988491773605347, -0.027303235605359077, -0.8003776669502258], [0.877986490726471, -0.129691019654274, -0.408307820558548, -0.21355265378952026], [0.9907494783401489, 0.009090011939406395, 0.022008968517184258, -0.13359826803207397], [0.929021418094635, -0.3363134562969208, -0.12182295322418213, 0.09471911936998367]], "joint_names": ["Hips", "LeftUpLeg", "LeftLeg", "LeftFoot", "LeftToe", "RightUpLeg", "RightLeg", "RightFoot", "RightToe", "Spine", "Spine1", "Spine2", "Neck", "Head", "LeftShoulder", "LeftArm", "LeftForeArm", "LeftHand", "RightShoulder", "RightArm", "RightForeArm", "RightHand"]}