{"root_pos": [-51.2032356262207, 83.10279083251953, 12.666483879089355], "local_quat": [[0.18562230467796326, 0.6980204582214355, 0.6737474799156189, 0.15612857043743134], [0.026230884715914726, 0.08823712170124054, -0.995366632938385, -0.027774803340435028], [0.9493645429611206, -0.023139039054512978, 0.07482917606830597, -0.3042566478252411], [0.6712182760238647, -0.0667344480752945, -0.05203307420015335, 0.7364136576652527], [0.9824363589286804, 0.0004133992188144475, -0.0009913754183799028, 0.18659505248069763], [0.026845324784517288, 0.28344956040382385, 0.9584580063819885, -0.017145352438092232], [0.9645017385482788, -0.04893956705927849, -0.011344341561198235, -0.25925391912460327], [0.7914929986000061, 0.05001586303114891, 0.117426797747612, 0.5977025032043457], [0.9825326800346375, 0.0006351540214382112, 0.0006864292663522065, 0.18608754873275757], [0.9980723261833191, -0.0038054529577493668, 0.005134575068950653, 0.06173257529735565], [0.9992663860321045, -0.0059800599701702595, 0.009508132934570312, 0.03661493957042694], [0.9993484616279602, -0.005359375383704901, 0.008916723541915417, 0.03456014394760132], [0.9959327578544617, -0.0007981536327861249, 0.07482761889696121, -0.05018114298582077], [0.9962865710258484, 0.04495678097009659, -0.06163047254085541, 0.039921022951602936], [0.010305678471922874, -0.5976740121841431, 0.029298782348632812, -0.8011374473571777], [0.8489068746566772, 0.3002244532108307, 0.380208820104599, -0.2113378494977951], [0.9281049966812134, -0.035798948258161545, -0.12920859456062317, -0.34733933210372925], [0.9885478615760803, 0.13026216626167297, -0.04634855315089226, 0.06047053635120392], [0.01855371706187725, 0.5802422761917114, -0.03883480280637741, -0.8133059144020081], [0.8563001751899719, -0.1954977661371231, -0.4646020233631134, -0.11258581280708313], [0.9977075457572937, 0.0012857061810791492, 0.017963487654924393, -0.06523168087005615], [0.9260075688362122, -0.3283715546131134, -0.15305165946483612, 0.10609962791204453]], "joint_names": ["Hips", "LeftUpLeg", "LeftLeg", "LeftFoot", "LeftToe", "RightUpLeg", "RightLeg", "RightFoot", "RightToe", "Spine", "Spine1", "Spine2", "Neck", "Head", "LeftShoulder", "LeftArm", "LeftForeArm", "LeftHand", "RightShoulder", "RightArm", "RightForeArm", "RightHand"]}