{"root_pos": [-26.105268478393555, 88.81195831298828, 28.940460205078125], "local_quat": [[-0.006767377723008394, 0.6950834393501282, 0.7139431238174438, -0.08425220102071762], [0.04063091427087784, -0.2198576182126999, -0.9745354652404785, -0.017098281532526016], [0.8799852728843689, -0.02132856287062168, 0.058682478964328766, -0.4708794951438904], [0.7939111590385437, -0.010503728874027729, -0.0007162070251069963, 0.607942521572113], [0.9810752272605896, -0.00200822320766747, -0.0035038331989198923, 0.19358471035957336], [-0.011584270745515823, 0.04242059215903282, 0.9986351132392883, -0.028180837631225586], [0.9842270016670227, -0.009139325469732285, -0.00045444248826242983, -0.17667365074157715], [0.7581586241722107, 0.07093808054924011, 0.10637690871953964, 0.6394116878509521], [0.9830202460289001, 0.0023012759629637003, 0.005553725175559521, 0.1833985596895218], [0.9973248839378357, -0.0034065786749124527, 0.018241962417960167, 0.07070199400186539], [0.998744547367096, 0.008351565338671207, 0.02583528496325016, 0.0420958586037159], [0.9989748597145081, 0.02089058980345726, 0.01502557098865509, 0.03724336624145508], [0.9968729019165039, 0.00641569634899497, 0.054360371083021164, -0.056993305683135986], [0.9941737651824951, 0.0511036142706871, -0.08359313011169434, 0.04493563622236252], [0.018930060788989067, -0.593110978603363, 0.03457256406545639, -0.8041553497314453], [0.8179247379302979, 0.32147765159606934, 0.4312998056411743, -0.20403864979743958], [0.9629698991775513, -0.030425457283854485, -0.12696082890033722, -0.23589013516902924], [0.9932104349136353, 0.08627926558256149, 0.008266950026154518, 0.07759162783622742], [-0.002940613077953458, 0.6225589513778687, -0.02186230570077896, -0.7822619676589966], [0.8792415857315063, -0.08259009569883347, -0.3672437369823456, -0.2919677197933197], [0.9545360207557678, 0.0163181871175766, 0.017213450744748116, -0.29715049266815186], [0.9377498626708984, -0.3330352008342743, -0.07485074549913406, 0.0641111359000206]], "joint_names": ["Hips", "LeftUpLeg", "LeftLeg", "LeftFoot", "LeftToe", "RightUpLeg", "RightLeg", "RightFoot", "RightToe", "Spine", "Spine1", "Spine2", "Neck", "Head", "LeftShoulder", "LeftArm", "LeftForeArm", "LeftHand", "RightShoulder", "RightArm", "RightForeArm", "RightHand"]}