{"root_pos": [-9.361956596374512, 85.80608367919922, 29.105257034301758], "local_quat": [[-0.0860503762960434, 0.6822035908699036, 0.7094371914863586, -0.1545717567205429], [0.0025666067376732826, -0.241946280002594, -0.9702509641647339, -0.008272803388535976], [0.9889221787452698, -0.04882681742310524, 0.022897660732269287, -0.13829132914543152], [0.7987259030342102, 0.006535160820931196, 0.031710099428892136, 0.6008233428001404], [0.9800426959991455, -0.003079344518482685, -0.006483457516878843, 0.19865767657756805], [0.005302554462105036, -0.10942984372377396, 0.9934707283973694, -0.0318252369761467], [0.993681788444519, -0.017786772921681404, 0.017307471483945847, -0.10945555567741394], [0.7346239686012268, 0.05872317776083946, 0.1073366105556488, 0.667351484298706], [0.9834225177764893, 0.005055357236415148, 0.009664038196206093, 0.18100053071975708], [0.9970299005508423, 0.002770239021629095, 0.0060933902859687805, 0.07672401517629623], [0.9984981417655945, 0.02388649992644787, -0.0010229997569695115, 0.049294695258140564], [0.9982489347457886, 0.039440322667360306, -0.01439603976905346, 0.04166705533862114], [0.9973299503326416, 0.02644774131476879, 0.030435711145401, -0.06088685616850853], [0.9952844381332397, 0.05942995473742485, -0.07345025986433029, 0.0219571553170681], [0.03635898232460022, -0.5947112441062927, 0.04866006225347519, -0.8016412854194641], [0.831105649471283, 0.3203037977218628, 0.43322035670280457, -0.13780078291893005], [0.9732534289360046, -0.026768606156110764, -0.12294050306081772, -0.19221538305282593], [0.9944472312927246, 0.06689297407865524, 0.013578248210251331, 0.08009833097457886], [-0.0050300415605306625, 0.6290464997291565, -0.02129785716533661, -0.7770595550537109], [0.8668438792228699, -0.07025621086359024, -0.3869929015636444, -0.3064020872116089], [0.9310619831085205, 0.024910105392336845, 0.02368122525513172, -0.36323869228363037], [0.9429765343666077, -0.32734623551368713, -0.03254469484090805, 0.050798285752534866]], "joint_names": ["Hips", "LeftUpLeg", "LeftLeg", "LeftFoot", "LeftToe", "RightUpLeg", "RightLeg", "RightFoot", "RightToe", "Spine", "Spine1", "Spine2", "Neck", "Head", "LeftShoulder", "LeftArm", "LeftForeArm", "LeftHand", "RightShoulder", "RightArm", "RightForeArm", "RightHand"]}