{"root_pos": [-23.76168441772461, 88.57950592041016, 29.626558303833008], "local_quat": [[-0.021820031106472015, 0.6923998594284058, 0.7142247557640076, -0.09994629770517349], [0.03434262052178383, -0.2191232591867447, -0.9750367999076843, -0.010431971400976181], [0.9077496528625488, -0.025836510583758354, 0.05179828777909279, -0.4154997169971466], [0.7864007949829102, -0.008362352848052979, 0.0022193039767444134, 0.6176559925079346], [0.9809429049491882, -0.002148775150999427, -0.0037279189564287663, 0.19424836337566376], [-0.012666880153119564, 0.020051220431923866, 0.9994127750396729, -0.024725941941142082], [0.9868181347846985, -0.00803404115140438, 0.002698494354262948, -0.16161106526851654], [0.7548708915710449, 0.06797441840171814, 0.10257424414157867, 0.644226610660553], [0.9830614328384399, 0.0026194024831056595, 0.005985351745039225, 0.18316003680229187], [0.9973138570785522, -0.001815606141462922, 0.016072170808911324, 0.07143773883581161], [0.998780369758606, 0.01156530063599348, 0.021900545805692673, 0.04271196946501732], [0.9989504814147949, 0.02451452426612377, 0.010201005265116692, 0.037322256714105606], [0.9968411922454834, 0.00781484879553318, 0.05209120735526085, -0.05943910405039787], [0.994541585445404, 0.0507289282977581, -0.08104005455970764, 0.04178595915436745], [0.021332796663045883, -0.5927836298942566, 0.03683795779943466, -0.8042359352111816], [0.8199317455291748, 0.32215824723243713, 0.4311494529247284, -0.19502830505371094], [0.9644080400466919, -0.029110070317983627, -0.12558846175670624, -0.23086225986480713], [0.9935424327850342, 0.0820077508687973, 0.01078016683459282, 0.07766661792993546], [-0.003541443031281233, 0.6240133047103882, -0.021440567448735237, -0.781111478805542], [0.8767674565315247, -0.07829131931066513, -0.368217796087265, -0.29927384853363037], [0.9511910080909729, 0.01765737310051918, 0.01806664653122425, -0.3075670301914215], [0.9390694499015808, -0.3321624994277954, -0.0636109858751297, 0.061403218656778336]], "joint_names": ["Hips", "LeftUpLeg", "LeftLeg", "LeftFoot", "LeftToe", "RightUpLeg", "RightLeg", "RightFoot", "RightToe", "Spine", "Spine1", "Spine2", "Neck", "Head", "LeftShoulder", "LeftArm", "LeftForeArm", "LeftHand", "RightShoulder", "RightArm", "RightForeArm", "RightHand"]}