{"root_pos": [-14.029569625854492, 86.83047485351562, 30.283287048339844], "local_quat": [[-0.06763744354248047, 0.6832766532897949, 0.7128936052322388, -0.14262139797210693], [0.015852468088269234, -0.24015480279922485, -0.9706012606620789, -0.0027440558187663555], [0.9818188548088074, -0.04217877238988876, 0.026348892599344254, -0.18318955600261688], [0.7844107151031494, 0.0019075623713433743, 0.019621863961219788, 0.6199283599853516], [0.9803683757781982, -0.002678693737834692, -0.005278443451970816, 0.19708585739135742], [-0.007149494253098965, -0.07013347744941711, 0.9971901774406433, -0.02533854730427265], [0.9933671355247498, -0.012582373805344105, 0.014018361456692219, -0.11343178898096085], [0.7309761643409729, 0.06260113418102264, 0.10503292083740234, 0.6713591814041138], [0.9832791090011597, 0.004166016820818186, 0.008188367821276188, 0.18187275528907776], [0.9971062541007996, 0.003010902786627412, 0.007894052192568779, 0.07554929703474045], [0.9986090660095215, 0.02219330333173275, 0.0051492140628397465, 0.0475495383143425], [0.998479962348938, 0.0366576611995697, -0.008154732175171375, 0.04034126549959183], [0.9971504807472229, 0.01900111511349678, 0.03732693940401077, -0.06274181604385376], [0.9954049587249756, 0.054379239678382874, -0.0738460049033165, 0.02754380740225315], [0.03182023763656616, -0.5942032337188721, 0.04563036561012268, -0.8023888468742371], [0.82895427942276, 0.3239663243293762, 0.42940497398376465, -0.15327107906341553], [0.9704854488372803, -0.026736000552773476, -0.1229129284620285, -0.2057563215494156], [0.9943081736564636, 0.0688299909234047, 0.016538312658667564, 0.07962552458047867], [-0.005121621303260326, 0.6287047266960144, -0.02076895162463188, -0.7773498296737671], [0.8684419393539429, -0.07205795496702194, -0.3804834187030792, -0.309594064950943], [0.9355690479278564, 0.022396674379706383, 0.020706741139292717, -0.3518241047859192], [0.9417310357093811, -0.32970717549324036, -0.04023032262921333, 0.053079329431056976]], "joint_names": ["Hips", "LeftUpLeg", "LeftLeg", "LeftFoot", "LeftToe", "RightUpLeg", "RightLeg", "RightFoot", "RightToe", "Spine", "Spine1", "Spine2", "Neck", "Head", "LeftShoulder", "LeftArm", "LeftForeArm", "LeftHand", "RightShoulder", "RightArm", "RightForeArm", "RightHand"]}