{"root_pos": [-16.455188751220703, 87.37713623046875, 30.42679214477539], "local_quat": [[-0.05757148936390877, 0.6848537921905518, 0.7139679193496704, -0.13383027911186218], [0.019946079701185226, -0.234709694981575, -0.9718608856201172, 1.6938996850512922e-05], [0.9713461995124817, -0.038583699613809586, 0.03146587684750557, -0.23239566385746002], [0.7774150371551514, -0.002197657013311982, 0.012198342010378838, 0.6288658380508423], [0.9805246591567993, -0.002555888844653964, -0.004739394877105951, 0.19632229208946228], [-0.010729803703725338, -0.049400556832551956, 0.9984190464019775, -0.024573592469096184], [0.9924411773681641, -0.009071659296751022, 0.010128669440746307, -0.1219659075140953], [0.7351534366607666, 0.06356415152549744, 0.10018017888069153, 0.6674374938011169], [0.9832167029380798, 0.003703799331560731, 0.007531272247433662, 0.18224839866161346], [0.9971413016319275, 0.0022564528044313192, 0.00962699856609106, 0.07490958273410797], [0.9986646771430969, 0.020023174583911896, 0.009293575771152973, 0.04670776426792145], [0.9986184239387512, 0.034010663628578186, -0.003945131320506334, 0.039861783385276794], [0.9969541430473328, 0.01483006402850151, 0.041587717831134796, -0.0642891600728035], [0.9953947067260742, 0.05192217603325844, -0.0745019018650055, 0.03070305660367012], [0.02894848957657814, -0.5935628414154053, 0.043192505836486816, -0.8031061291694641], [0.8262501358985901, 0.3259080946445465, 0.42840057611465454, -0.16603466868400574], [0.9691336750984192, -0.027081551030278206, -0.12337972968816757, -0.21171621978282928], [0.9941416382789612, 0.07125314325094223, 0.017536308616399765, 0.07935876399278641], [-0.0048601580783724785, 0.6277803778648376, -0.02071879431605339, -0.7780995965003967], [0.8694664239883423, -0.07177413254976273, -0.37775662541389465, -0.3101232349872589], [0.939055323600769, 0.02129598706960678, 0.019838131964206696, -0.34253180027008057], [0.9407840967178345, -0.33151188492774963, -0.04504615068435669, 0.05473538115620613]], "joint_names": ["Hips", "LeftUpLeg", "LeftLeg", "LeftFoot", "LeftToe", "RightUpLeg", "RightLeg", "RightFoot", "RightToe", "Spine", "Spine1", "Spine2", "Neck", "Head", "LeftShoulder", "LeftArm", "LeftForeArm", "LeftHand", "RightShoulder", "RightArm", "RightForeArm", "RightHand"]}