{"root_pos": [-18.905616760253906, 87.93798828125, 30.264719009399414], "local_quat": [[-0.047639042139053345, 0.6872634887695312, 0.7140464782714844, -0.1246478408575058], [0.02492528222501278, -0.22845888137817383, -0.9732332229614258, -0.001531024114228785], [0.9561370611190796, -0.03413400799036026, 0.036477651447057724, -0.288627952337265], [0.7756922245025635, -0.00325208087451756, 0.008601421490311623, 0.631044328212738], [0.9806698560714722, -0.0024289244320243597, -0.004303552210330963, 0.19560734927654266], [-0.012648092582821846, -0.027842802926898003, 0.9992422461509705, -0.02407446689903736], [0.9912585020065308, -0.007021505385637283, 0.007092998828738928, -0.1315557360649109], [0.7419690489768982, 0.06525474041700363, 0.09877458214759827, 0.6598993539810181], [0.9831567406654358, 0.0033123029861599207, 0.006960019003599882, 0.18260151147842407], [0.997201681137085, 0.0009691769373603165, 0.011448959819972515, 0.07387083768844604], [0.9987329244613647, 0.017115313559770584, 0.013206252828240395, 0.04544540494680405], [0.9987661838531494, 0.030769987031817436, 0.00021776946960017085, 0.03897792100906372], [0.9968252778053284, 0.01162697933614254, 0.04593607410788536, -0.06398629397153854], [0.9952357411384583, 0.05066567659378052, -0.07623429596424103, 0.03357226774096489], [0.025981036946177483, -0.5929902195930481, 0.040650997310876846, -0.8037630915641785], [0.8242937326431274, 0.32611027359962463, 0.4277731478214264, -0.17664086818695068], [0.9678125977516174, -0.027583012357354164, -0.12401390820741653, -0.21725216507911682], [0.993969202041626, 0.0745377391576767, 0.016554689034819603, 0.0787089392542839], [-0.0043864683248102665, 0.6265475749969482, -0.021038541570305824, -0.7790867686271667], [0.8710017204284668, -0.07101467996835709, -0.37461158633232117, -0.3098050355911255], [0.9429061412811279, 0.02016528882086277, 0.019200613722205162, -0.33189260959625244], [0.94046550989151, -0.33156272768974304, -0.048874225467443466, 0.05658732354640961]], "joint_names": ["Hips", "LeftUpLeg", "LeftLeg", "LeftFoot", "LeftToe", "RightUpLeg", "RightLeg", "RightFoot", "RightToe", "Spine", "Spine1", "Spine2", "Neck", "Head", "LeftShoulder", "LeftArm", "LeftForeArm", "LeftHand", "RightShoulder", "RightArm", "RightForeArm", "RightHand"]}