{"root_pos": [-21.530498504638672, 88.21499633789062, 30.098112106323242], "local_quat": [[-0.03572244197130203, 0.6896116137504578, 0.7142384052276611, -0.11411933600902557], [0.029768183827400208, -0.22062300145626068, -0.9748926162719727, -0.004880743566900492], [0.9344009160995483, -0.03012659214437008, 0.04388012737035751, -0.35222405195236206], [0.7795073390007019, -0.005935931112617254, 0.005021592136472464, 0.6263448596000671], [0.9808157086372375, -0.002260236768051982, -0.003990177996456623, 0.19488319754600525], [-0.013251095078885555, -0.0051996526308357716, 0.9996163845062256, -0.02376379258930683], [0.9891788363456726, -0.007225746754556894, 0.005182802677154541, -0.14644519984722137], [0.748489499092102, 0.06599271297454834, 0.0996825248003006, 0.6522819995880127], [0.9831027984619141, 0.0029777013696730137, 0.006416989490389824, 0.18291756510734558], [0.9972684383392334, -0.0003259312070440501, 0.01359761506319046, 0.0725989118218422], [0.9987767934799194, 0.014478220604360104, 0.017352530732750893, 0.043980248272418976], [0.9988795518875122, 0.0277496799826622, 0.004916548728942871, 0.03802022710442543], [0.9968149065971375, 0.009398420341312885, 0.0494520477950573, -0.06185728684067726], [0.994939386844635, 0.05041542276740074, -0.07838411629199982, 0.03754768148064613], [0.02359062433242798, -0.5927345752716064, 0.038750018924474716, -0.8041191697120667], [0.8220000267028809, 0.32462698221206665, 0.42938798666000366, -0.18590107560157776], [0.9662371873855591, -0.0281691737473011, -0.1246509924530983, -0.2237282246351242], [0.9937856793403625, 0.0778997540473938, 0.013997232541441917, 0.07826652377843857], [-0.003894885303452611, 0.6253166794776917, -0.021326327696442604, -0.780069887638092], [0.8736879229545593, -0.07397717982530594, -0.3714900016784668, -0.30527350306510925], [0.9470599889755249, 0.018933530896902084, 0.01863049529492855, -0.3199559450149536], [0.9398950934410095, -0.3318348526954651, -0.05498778074979782, 0.0588148795068264]], "joint_names": ["Hips", "LeftUpLeg", "LeftLeg", "LeftFoot", "LeftToe", "RightUpLeg", "RightLeg", "RightFoot", "RightToe", "Spine", "Spine1", "Spine2", "Neck", "Head", "LeftShoulder", "LeftArm", "LeftForeArm", "LeftHand", "RightShoulder", "RightArm", "RightForeArm", "RightHand"]}