{"root_pos": [-28.164602279663086, 89.01150512695312, 28.116830825805664], "local_quat": [[0.008944647386670113, 0.6978137493133545, 0.7129924297332764, -0.06795352697372437], [0.04863373935222626, -0.21551288664340973, -0.9749751687049866, -0.02474663220345974], [0.8555487990379333, -0.017380429431796074, 0.0650453120470047, -0.5133256912231445], [0.8007462024688721, -0.016156431287527084, -0.008334296755492687, 0.598727822303772], [0.9812014698982239, -0.0018712972523644567, -0.0033246518578380346, 0.19294844567775726], [-0.00924755074083805, 0.06367458403110504, 0.997313380241394, -0.035015132278203964], [0.9817563891410828, -0.010034373961389065, -0.004264518618583679, -0.18983007967472076], [0.7604847550392151, 0.07428887486457825, 0.10978550463914871, 0.6356817483901978], [0.9829782247543335, 0.002030368894338608, 0.005183071363717318, 0.18363775312900543], [0.9973563551902771, -0.005119971930980682, 0.019728580489754677, 0.06974821537733078], [0.998729407787323, 0.004723342135548592, 0.02866201288998127, 0.04118037968873978], [0.9989978671073914, 0.016745897009968758, 0.018892349675297737, 0.036958444863557816], [0.9969155788421631, 0.004819342866539955, 0.05644780769944191, -0.054310500621795654], [0.9939263463020325, 0.051064375787973404, -0.08536043018102646, 0.04708055779337883], [0.016663730144500732, -0.5935105681419373, 0.03220416605472565, -0.8040090203285217], [0.8161408305168152, 0.3246678411960602, 0.4290418326854706, -0.21077963709831238], [0.9620697498321533, -0.031938403844833374, -0.1286444067955017, -0.2384375035762787], [0.9928556680679321, 0.09006760269403458, 0.00638590008020401, 0.07800496369600296], [-0.0018430504715070128, 0.6203001141548157, -0.022724933922290802, -0.7840331196784973], [0.8805657625198364, -0.08669273555278778, -0.37039241194725037, -0.28266215324401855], [0.9571704864501953, 0.01488388143479824, 0.01610104739665985, -0.28869330883026123], [0.9356938004493713, -0.3355025053024292, -0.08665533363819122, 0.06637808680534363]], "joint_names": ["Hips", "LeftUpLeg", "LeftLeg", "LeftFoot", "LeftToe", "RightUpLeg", "RightLeg", "RightFoot", "RightToe", "Spine", "Spine1", "Spine2", "Neck", "Head", "LeftShoulder", "LeftArm", "LeftForeArm", "LeftHand", "RightShoulder", "RightArm", "RightForeArm", "RightHand"]}