{"root_pos": [-11.732751846313477, 86.27996826171875, 29.859838485717773], "local_quat": [[-0.07701946794986725, 0.682711124420166, 0.7111117243766785, -0.14931033551692963], [0.00907400157302618, -0.24079450964927673, -0.9705124497413635, -0.006413993891328573], [0.9872692227363586, -0.046302322298288345, 0.024141672998666763, -0.15024250745773315], [0.7916684746742249, 0.0038249732460826635, 0.025982694700360298, 0.6103861331939697], [0.9802106618881226, -0.0028288732282817364, -0.005883526988327503, 0.19784967601299286], [-0.0016247312305495143, -0.09184092283248901, 0.9953573346138, -0.02874785102903843], [0.9938517808914185, -0.01550351269543171, 0.016568243503570557, -0.1083691194653511], [0.7304114699363708, 0.060711439698934555, 0.10715439170598984, 0.6718119382858276], [0.9833459258079529, 0.004633279051631689, 0.008885947056114674, 0.18146730959415436], [0.9970663785934448, 0.003233138006180525, 0.006908903364092112, 0.0761614441871643], [0.9985450506210327, 0.02366618625819683, 0.0019864197820425034, 0.048413924872875214], [0.9983488321304321, 0.03867722302675247, -0.011357043869793415, 0.040922924876213074], [0.9972903728485107, 0.023133033886551857, 0.033344682306051254, -0.061359234154224396], [0.9953248500823975, 0.05712771415710449, -0.07378845661878586, 0.024902233853936195], [0.034472718834877014, -0.5947662591934204, 0.04766542464494705, -0.8017435669898987], [0.830213189125061, 0.3221944272518158, 0.432023823261261, -0.1424509435892105], [0.9719506502151489, -0.02652926743030548, -0.12268618494272232, -0.1988874226808548], [0.9944393038749695, 0.0667579248547554, 0.015071029774844646, 0.08004091680049896], [-0.005296624265611172, 0.629219114780426, -0.02081999182701111, -0.7769310474395752], [0.8677893877029419, -0.07127540558576584, -0.3825801908969879, -0.30902066826820374], [0.9325651526451111, 0.023612920194864273, 0.022015344351530075, -0.35955536365509033], [0.9424752593040466, -0.3283136785030365, -0.0358891561627388, 0.05159924179315567]], "joint_names": ["Hips", "LeftUpLeg", "LeftLeg", "LeftFoot", "LeftToe", "RightUpLeg", "RightLeg", "RightFoot", "RightToe", "Spine", "Spine1", "Spine2", "Neck", "Head", "LeftShoulder", "LeftArm", "LeftForeArm", "LeftHand", "RightShoulder", "RightArm", "RightForeArm", "RightHand"]}