{"root_pos": [-7.019751071929932, 85.36285400390625, 28.050308227539062], "local_quat": [[-0.09651870280504227, 0.6815982460975647, 0.7073153257369995, -0.16066434979438782], [-0.003523769322782755, -0.24219106137752533, -0.9701724052429199, -0.009828050620853901], [0.9881337285041809, -0.05082391947507858, 0.023677514865994453, -0.14299656450748444], [0.8039445281028748, 0.00722108967602253, 0.03465568274259567, 0.5936496257781982], [0.9798804521560669, -0.0033759663347154856, -0.007102579344063997, 0.19943052530288696], [0.013922059908509254, -0.1193736344575882, 0.9921931624412537, -0.03329649940133095], [0.9919098019599915, -0.019457997754216194, 0.015460154972970486, -0.12448878586292267], [0.7441117167472839, 0.05591309815645218, 0.10416530817747116, 0.657511293888092], [0.9835069179534912, 0.0054277111776173115, 0.010473903268575668, 0.18048514425754547], [0.9970148205757141, 0.002240437315776944, 0.005073018372058868, 0.07700982689857483], [0.9984573721885681, 0.023829445242881775, -0.004441863391548395, 0.04995390772819519], [0.9981518983840942, 0.039722636342048645, -0.017791740596294403, 0.04240662232041359], [0.9973660111427307, 0.02874896489083767, 0.02779262326657772, -0.060516200959682465], [0.9954102635383606, 0.06073027104139328, -0.07141862064599991, 0.019223317503929138], [0.03769915923476219, -0.594382643699646, 0.04899429902434349, -0.8018026947975159], [0.8320962190628052, 0.31714075803756714, 0.43260428309440613, -0.14103583991527557], [0.9740748405456543, -0.027354907244443893, -0.12359677255153656, -0.18749308586120605], [0.994379460811615, 0.06868606805801392, 0.010889981873333454, 0.07983201742172241], [-0.004820013418793678, 0.628339946269989, -0.021488171070814133, -0.7776271104812622], [0.8653799891471863, -0.07224128395318985, -0.3945322632789612, -0.30040469765663147], [0.9319970011711121, 0.026014963164925575, 0.02550673671066761, -0.36063018441200256], [0.9432684779167175, -0.3267020881175995, -0.030593156814575195, 0.05073900148272514]], "joint_names": ["Hips", "LeftUpLeg", "LeftLeg", "LeftFoot", "LeftToe", "RightUpLeg", "RightLeg", "RightFoot", "RightToe", "Spine", "Spine1", "Spine2", "Neck", "Head", "LeftShoulder", "LeftArm", "LeftForeArm", "LeftHand", "RightShoulder", "RightArm", "RightForeArm", "RightHand"]}