{"root_pos": [0.5654218196868896, 83.758544921875, 23.367115020751953], "local_quat": [[-0.13394781947135925, 0.6755768656730652, 0.7028422355651855, -0.17795158922672272], [-0.03574846684932709, -0.2199890911579132, -0.9741045832633972, -0.038040030747652054], [0.9692122340202332, -0.05035290867090225, 0.020896170288324356, -0.24011565744876862], [0.7963345050811768, 0.028782526031136513, 0.05880150943994522, 0.601302981376648], [0.9794579148292542, -0.00489408103749156, -0.00830667745321989, 0.20141807198524475], [0.047969669103622437, -0.10225317627191544, 0.9930366277694702, -0.03349011018872261], [0.9640828967094421, -0.027994534000754356, -0.0009272015886381269, -0.26412057876586914], [0.802271842956543, 0.062088266015052795, 0.11323648691177368, 0.582822859287262], [0.9837722778320312, 0.005453214049339294, 0.012753389775753021, 0.17888452112674713], [0.9971327185630798, 0.002586956135928631, -0.0009327530860900879, 0.07562282681465149], [0.9982293844223022, 0.025052247568964958, -0.019678819924592972, 0.05023328959941864], [0.9976667761802673, 0.04036679118871689, -0.033000070601701736, 0.04407373070716858], [0.9976149201393127, 0.028661752119660378, 0.019777165725827217, -0.05959844961762428], [0.9968544244766235, 0.056322939693927765, -0.05486128106713295, 0.009966958314180374], [0.03909286856651306, -0.5936327576637268, 0.04879126325249672, -0.8023037910461426], [0.8365948796272278, 0.2983584702014923, 0.42612606287002563, -0.1717783361673355], [0.9736615419387817, -0.028601428493857384, -0.12523701786994934, -0.18836350739002228], [0.993947446346283, 0.07802639901638031, -0.0009386261808685958, 0.07732745260000229], [-0.002919913502410054, 0.6258717775344849, -0.02242169715464115, -0.7795981168746948], [0.8555251955986023, -0.08868127316236496, -0.43125468492507935, -0.2724546790122986], [0.9435267448425293, 0.02662891335785389, 0.02865334041416645, -0.3289790749549866], [0.9426423907279968, -0.3275570869445801, -0.03510607033967972, 0.05384409427642822]], "joint_names": ["Hips", "LeftUpLeg", "LeftLeg", "LeftFoot", "LeftToe", "RightUpLeg", "RightLeg", "RightFoot", "RightToe", "Spine", "Spine1", "Spine2", "Neck", "Head", "LeftShoulder", "LeftArm", "LeftForeArm", "LeftHand", "RightShoulder", "RightArm", "RightForeArm", "RightHand"]}