{"root_pos": [-4.530434608459473, 84.80657958984375, 26.665775299072266], "local_quat": [[-0.10924219340085983, 0.6799612045288086, 0.7053043842315674, -0.1681210696697235], [-0.0108218714594841, -0.24314910173416138, -0.9698017239570618, -0.015686050057411194], [0.983818769454956, -0.05150130018591881, 0.0235638115555048, -0.16997921466827393], [0.8071069121360779, 0.012885771691799164, 0.04228738322854042, 0.5887478590011597], [0.9797215461730957, -0.003848328022286296, -0.0076341088861227036, 0.20018135011196136], [0.02439446933567524, -0.11911744624376297, 0.992029070854187, -0.03307902812957764], [0.9870267510414124, -0.02204948477447033, 0.01146029308438301, -0.15862098336219788], [0.7611178159713745, 0.05693574249744415, 0.10623291879892349, 0.6373167037963867], [0.9836020469665527, 0.005612108390778303, 0.011343656107783318, 0.17990781366825104], [0.9970466494560242, 0.0018430197378620505, 0.0032178170513361692, 0.07670874893665314], [0.9984161257743835, 0.023651953786611557, -0.009437143802642822, 0.05016665533185005], [0.9980348348617554, 0.039565421640872955, -0.022677579894661903, 0.04297362267971039], [0.9974321722984314, 0.028997110202908516, 0.025685423985123634, -0.06023646518588066], [0.9958627223968506, 0.059771884232759476, -0.06667851656675339, 0.015453427098691463], [0.03803429380059242, -0.5938335061073303, 0.048458412289619446, -0.8022262454032898], [0.8334386944770813, 0.3121640980243683, 0.4301393926143646, -0.15137240290641785], [0.9742116332054138, -0.028015047311782837, -0.12425224483013153, -0.1862480491399765], [0.9942554235458374, 0.0721927359700203, 0.007021494209766388, 0.07870883494615555], [-0.003980373032391071, 0.6271198987960815, -0.022166064009070396, -0.7785971164703369], [0.8626823425292969, -0.07708658277988434, -0.406440407037735, -0.29093503952026367], [0.9344634413719177, 0.026565099135041237, 0.02673046663403511, -0.3540591597557068], [0.9432427287101746, -0.32656872272491455, -0.031702905893325806, 0.05138954147696495]], "joint_names": ["Hips", "LeftUpLeg", "LeftLeg", "LeftFoot", "LeftToe", "RightUpLeg", "RightLeg", "RightFoot", "RightToe", "Spine", "Spine1", "Spine2", "Neck", "Head", "LeftShoulder", "LeftArm", "LeftForeArm", "LeftHand", "RightShoulder", "RightArm", "RightForeArm", "RightHand"]}