{"root_pos": [8.843035697937012, 84.42893981933594, 17.308977127075195], "local_quat": [[-0.18247659504413605, 0.6661471724510193, 0.6911054849624634, -0.21289311349391937], [-0.06931523233652115, -0.1726038008928299, -0.9806662797927856, -0.06080217286944389], [0.9553129076957703, -0.04655739665031433, 0.02080407179892063, -0.2911646068096161], [0.7472543716430664, 0.04619176313281059, 0.07921736687421799, 0.6581807136535645], [0.979205310344696, -0.006077813915908337, -0.007900039665400982, 0.20262683928012848], [0.06885885447263718, -0.015791380777955055, 0.9970064759254456, -0.03141910210251808], [0.871428906917572, -0.02822054550051689, -0.038302820175886154, -0.4882091283798218], [0.8386029601097107, 0.0591280497610569, 0.08466632664203644, 0.5348649024963379], [0.9838992953300476, 0.004019806627184153, 0.013449206948280334, 0.17817144095897675], [0.9973917603492737, -0.0017709084786474705, -0.005913800559937954, 0.07191359251737595], [0.9983736276626587, 0.013076952658593655, -0.02754058688879013, 0.048173338174819946], [0.997790515422821, 0.026542140170931816, -0.04153596609830856, 0.044545501470565796], [0.9975782036781311, 0.02649768814444542, 0.02163127064704895, -0.060560788959264755], [0.9974117279052734, 0.05395234748721123, -0.046329010277986526, 0.010621738620102406], [0.03663716837763786, -0.5923993587493896, 0.044053561985492706, -0.8036043643951416], [0.8300601840019226, 0.283432275056839, 0.42798149585723877, -0.217940554022789], [0.9668704271316528, -0.03119339793920517, -0.1282140016555786, -0.218517005443573], [0.9927663803100586, 0.09826135635375977, -0.015611285343766212, 0.06719948351383209], [0.0027647786773741245, 0.6145091652870178, -0.028340648859739304, -0.7883955836296082], [0.8414798974990845, -0.11578358709812164, -0.46846795082092285, -0.24298888444900513], [0.9612640738487244, 0.0259824488312006, 0.03139306232333183, -0.27260011434555054], [0.9387909173965454, -0.3363054096698761, -0.045349184423685074, 0.05927622690796852]], "joint_names": ["Hips", "LeftUpLeg", "LeftLeg", "LeftFoot", "LeftToe", "RightUpLeg", "RightLeg", "RightFoot", "RightToe", "Spine", "Spine1", "Spine2", "Neck", "Head", "LeftShoulder", "LeftArm", "LeftForeArm", "LeftHand", "RightShoulder", "RightArm", "RightForeArm", "RightHand"]}