{"root_pos": [-1.827845811843872, 84.33477783203125, 24.946191787719727], "local_quat": [[-0.12191702425479889, 0.6780416965484619, 0.7037675380706787, -0.173513725399971], [-0.02324533276259899, -0.23529067635536194, -0.9712505340576172, -0.02775517851114273], [0.9772346615791321, -0.05199684947729111, 0.023223910480737686, -0.20437560975551605], [0.8048233389854431, 0.020746389403939247, 0.05227784067392349, 0.5908434391021729], [0.9795708060264587, -0.0044104536063969135, -0.008055580779910088, 0.20088942348957062], [0.03594480827450752, -0.11252757906913757, 0.9924190044403076, -0.033913206309080124], [0.9781520962715149, -0.025059565901756287, 0.005867733620107174, -0.20629127323627472], [0.7830454111099243, 0.060308266431093216, 0.1113833412528038, 0.6089307069778442], [0.9836978912353516, 0.005602484568953514, 0.012175247073173523, 0.1793287992477417], [0.9971059560775757, 0.0022863992489874363, 0.0009925984777510166, 0.07598325610160828], [0.9983348846435547, 0.02466687373816967, -0.015069334767758846, 0.04991922900080681], [0.9978494048118591, 0.04037262871861458, -0.028233688324689865, 0.04323830083012581], [0.9975470900535583, 0.02862541563808918, 0.02252522110939026, -0.05977578088641167], [0.9964391589164734, 0.05769358202815056, -0.06018839031457901, 0.01256401278078556], [0.03857683017849922, -0.5934278964996338, 0.04852272570133209, -0.8024965524673462], [0.8352192640304565, 0.3059006631374359, 0.42741459608078003, -0.1617104560136795], [0.9741319417953491, -0.028369322419166565, -0.1247495785355568, -0.18627868592739105], [0.9941005706787109, 0.07525749504566193, 0.0030519827269017696, 0.0780443623661995], [-0.003502095816656947, 0.6265959739685059, -0.022217553108930588, -0.7790196537971497], [0.8597562909126282, -0.08363859355449677, -0.4184611439704895, -0.2805600166320801], [0.9389031529426575, 0.026661135256290436, 0.027725448831915855, -0.3420252203941345], [0.9431324601173401, -0.32654401659965515, -0.03336691856384277, 0.05250551551580429]], "joint_names": ["Hips", "LeftUpLeg", "LeftLeg", "LeftFoot", "LeftToe", "RightUpLeg", "RightLeg", "RightFoot", "RightToe", "Spine", "Spine1", "Spine2", "Neck", "Head", "LeftShoulder", "LeftArm", "LeftForeArm", "LeftHand", "RightShoulder", "RightArm", "RightForeArm", "RightHand"]}