{"root_pos": [2.9498064517974854, 83.98494720458984, 21.656742095947266], "local_quat": [[-0.14695599675178528, 0.6734141111373901, 0.7004418969154358, -0.18519887328147888], [-0.047072820365428925, -0.21312695741653442, -0.9747070670127869, -0.04803275316953659], [0.9605038166046143, -0.049827516078948975, 0.021714812144637108, -0.272906631231308], [0.7789798378944397, 0.03715507686138153, 0.07053666561841965, 0.6219601631164551], [0.9793751835823059, -0.005318668205291033, -0.008222689852118492, 0.20181234180927277], [0.059433117508888245, -0.08488338440656662, 0.9941361546516418, -0.030914466828107834], [0.9421282410621643, -0.028496624901890755, -0.011921903118491173, -0.33382654190063477], [0.8202111124992371, 0.06444429606199265, 0.1100064069032669, 0.5576730370521545], [0.9838250875473022, 0.005050004459917545, 0.013016259297728539, 0.17858681082725525], [0.9972341656684875, 0.0014484087005257607, -0.0030330494046211243, 0.07424729317426682], [0.9982539415359497, 0.022108830511569977, -0.0238259918987751, 0.04932241886854172], [0.997638463973999, 0.037111327052116394, -0.03745508939027786, 0.04401552304625511], [0.997643768787384, 0.028007684275507927, 0.01889452524483204, -0.05971255153417587], [0.9971230030059814, 0.054988961666822433, -0.051249999552965164, 0.009760834276676178], [0.0383111946284771, -0.5935384035110474, 0.04755127429962158, -0.8024857044219971], [0.8351156711578369, 0.2935653030872345, 0.4267254173755646, -0.1852206140756607], [0.9731349349021912, -0.029378343373537064, -0.12664295732975006, -0.19001826643943787], [0.9937224984169006, 0.08191794157028198, -0.006883226800709963, 0.07588006556034088], [-0.001474193180911243, 0.6231573224067688, -0.02401007153093815, -0.7817264795303345], [0.8500334620475769, -0.09356629103422165, -0.4452676475048065, -0.26537731289863586], [0.9488802552223206, 0.02639986388385296, 0.029249461367726326, -0.3131675124168396], [0.9412515759468079, -0.33103787899017334, -0.03738948702812195, 0.055329084396362305]], "joint_names": ["Hips", "LeftUpLeg", "LeftLeg", "LeftFoot", "LeftToe", "RightUpLeg", "RightLeg", "RightFoot", "RightToe", "Spine", "Spine1", "Spine2", "Neck", "Head", "LeftShoulder", "LeftArm", "LeftForeArm", "LeftHand", "RightShoulder", "RightArm", "RightForeArm", "RightHand"]}