{"root_pos": [17.89919090270996, 86.28076934814453, 9.8034029006958], "local_quat": [[-0.2504331171512604, 0.6442472338676453, 0.6670868396759033, -0.27789196372032166], [-0.0881519764661789, -0.0760926827788353, -0.9918478727340698, -0.05174004286527634], [0.9698309302330017, -0.035029225051403046, 0.007782470900565386, -0.24112311005592346], [0.7455810308456421, 0.05493152514100075, 0.07340509444475174, 0.6600781083106995], [0.9789275527000427, -0.007071097381412983, -0.006981515325605869, 0.20396585762500763], [0.057669054716825485, 0.13987746834754944, 0.9879554510116577, -0.03244299441576004], [0.7412626147270203, -0.023797400295734406, -0.07150788605213165, -0.6669707894325256], [0.8285087943077087, 0.04730720445513725, 0.03851207718253136, 0.5566434264183044], [0.9839510321617126, 0.0024713226594030857, 0.013898694887757301, 0.17787954211235046], [0.9976462125778198, -0.003929414786398411, -0.008115855976939201, 0.06797577440738678], [0.9986499547958374, 0.0016067209653556347, -0.025441931560635567, 0.04526088386774063], [0.9981682896614075, 0.011870180256664753, -0.040074389427900314, 0.043740201741456985], [0.9974947571754456, 0.019140921533107758, 0.02799585647881031, -0.062081363052129745], [0.9981489777565002, 0.04788157716393471, -0.03627174720168114, 0.009501811116933823], [0.03369562327861786, -0.5922584533691406, 0.038412388414144516, -0.8041262626647949], [0.8301793336868286, 0.25577089190483093, 0.41723066568374634, -0.2670244574546814], [0.9468557834625244, -0.034253817051649094, -0.12885384261608124, -0.29272425174713135], [0.9898980855941772, 0.12981054186820984, -0.0322069376707077, 0.04704929143190384], [0.009205625392496586, 0.6025637984275818, -0.034846231341362, -0.7972564697265625], [0.8336670994758606, -0.17014364898204803, -0.48132067918777466, -0.21066761016845703], [0.9816588163375854, 0.02438114956021309, 0.03584075719118118, -0.185652494430542], [0.9419240951538086, -0.3244372606277466, -0.05177715793251991, 0.06956038624048233]], "joint_names": ["Hips", "LeftUpLeg", "LeftLeg", "LeftFoot", "LeftToe", "RightUpLeg", "RightLeg", "RightFoot", "RightToe", "Spine", "Spine1", "Spine2", "Neck", "Head", "LeftShoulder", "LeftArm", "LeftForeArm", "LeftHand", "RightShoulder", "RightArm", "RightForeArm", "RightHand"]}