{"root_pos": [5.481200218200684, 83.9417495727539, 19.487171173095703], "local_quat": [[-0.1638478934764862, 0.6714110374450684, 0.6951433420181274, -0.1978304535150528], [-0.06139693036675453, -0.17924030125141144, -0.9802210330963135, -0.05718441307544708], [0.9583800435066223, -0.048912785947322845, 0.019928965717554092, -0.2805674374103546], [0.7584485411643982, 0.045007169246673584, 0.0799512192606926, 0.6452425122261047], [0.9793134331703186, -0.005646616220474243, -0.008109093643724918, 0.20210795104503632], [0.06401441246271133, -0.0556606724858284, 0.9959659576416016, -0.029256805777549744], [0.9094348549842834, -0.028511282056570053, -0.025804908946156502, -0.4140646159648895], [0.8320018649101257, 0.06457354873418808, 0.1003493070602417, 0.5417869687080383], [0.9838562607765198, 0.004608955234289169, 0.013170041143894196, 0.17841576039791107], [0.9973214268684387, -5.26443291164469e-05, -0.004705899860709906, 0.07299134135246277], [0.9983085989952087, 0.017881711944937706, -0.02603909559547901, 0.04880758002400398], [0.997712254524231, 0.03201736882328987, -0.039947714656591415, 0.04415145888924599], [0.9976182579994202, 0.027646688744425774, 0.020906317979097366, -0.059635959565639496], [0.997247040271759, 0.05485301837325096, -0.049063049256801605, 0.009072167798876762], [0.03732672333717346, -0.5937403440475464, 0.045904312282800674, -0.8024786114692688], [0.8325493931770325, 0.2881479859352112, 0.4284428060054779, -0.20067155361175537], [0.9709976315498352, -0.030060816556215286, -0.1273694783449173, -0.20009206235408783], [0.9932803511619568, 0.08946342766284943, -0.011544089764356613, 0.07250595092773438], [0.0009990023681893945, 0.6188045144081116, -0.026609282940626144, -0.7850935459136963], [0.8440837860107422, -0.10222452133893967, -0.45971715450286865, -0.2563844919204712], [0.9539764523506165, 0.026232289150357246, 0.030045073479413986, -0.29721733927726746], [0.9395710825920105, -0.3354019224643707, -0.03909023106098175, 0.05642428621649742]], "joint_names": ["Hips", "LeftUpLeg", "LeftLeg", "LeftFoot", "LeftToe", "RightUpLeg", "RightLeg", "RightFoot", "RightToe", "Spine", "Spine1", "Spine2", "Neck", "Head", "LeftShoulder", "LeftArm", "LeftForeArm", "LeftHand", "RightShoulder", "RightArm", "RightForeArm", "RightHand"]}