{"root_pos": [12.0809326171875, 85.08480834960938, 14.743488311767578], "local_quat": [[-0.20576226711273193, 0.6599103212356567, 0.6827213168144226, -0.23679490387439728], [-0.07813939452171326, -0.13736674189567566, -0.9853112697601318, -0.06470183283090591], [0.9595527648925781, -0.04132958874106407, 0.014746286906301975, -0.2780880630016327], [0.7402114868164062, 0.054225854575634, 0.08173836767673492, 0.6651806831359863], [0.9791181683540344, -0.00644194008782506, -0.007599677424877882, 0.20304745435714722], [0.06667127460241318, 0.036007724702358246, 0.9966168999671936, -0.03182888776063919], [0.8185977935791016, -0.02726375125348568, -0.05363250896334648, -0.5712074041366577], [0.8419188261032104, 0.05923616513609886, 0.07267266511917114, 0.5313966870307922], [0.9839208722114563, 0.0034490388352423906, 0.013629727996885777, 0.17805089056491852], [0.9974911212921143, -0.002041500061750412, -0.00736314756795764, 0.07037854939699173], [0.9984278082847595, 0.010079405270516872, -0.02843646891415119, 0.04724124073982239], [0.9978514313697815, 0.022441677749156952, -0.04268675670027733, 0.044347651302814484], [0.9976009726524353, 0.02488894760608673, 0.023294368758797646, -0.06025049090385437], [0.9976664185523987, 0.05246957764029503, -0.042535483837127686, 0.009973243810236454], [0.03561101853847504, -0.590891420841217, 0.042224593460559845, -0.8048579096794128], [0.829850435256958, 0.2746230959892273, 0.425853967666626, -0.233621284365654], [0.9621805548667908, -0.03214549273252487, -0.1287875473499298, -0.23788471519947052], [0.9920470118522644, 0.10782226175069809, -0.02098669484257698, 0.06145578622817993], [0.004644978791475296, 0.6099226474761963, -0.030133802443742752, -0.7918741703033447], [0.8379358053207397, -0.13283772766590118, -0.47567257285118103, -0.23227840662002563], [0.9688516855239868, 0.025758877396583557, 0.032906632870435715, -0.2440899908542633], [0.9392678737640381, -0.33429598808288574, -0.04642413929104805, 0.06218463554978371]], "joint_names": ["Hips", "LeftUpLeg", "LeftLeg", "LeftFoot", "LeftToe", "RightUpLeg", "RightLeg", "RightFoot", "RightToe", "Spine", "Spine1", "Spine2", "Neck", "Head", "LeftShoulder", "LeftArm", "LeftForeArm", "LeftHand", "RightShoulder", "RightArm", "RightForeArm", "RightHand"]}