{"root_pos": [20.69307518005371, 86.89490509033203, 7.466529846191406], "local_quat": [[-0.27021414041519165, 0.6382340788841248, 0.6584033966064453, -0.29350724816322327], [-0.08871807157993317, -0.040200866758823395, -0.9942394495010376, -0.04473121091723442], [0.9771480560302734, -0.032992687076330185, 0.0026134992949664593, -0.20996735990047455], [0.7461485266685486, 0.05540773645043373, 0.06997916847467422, 0.6597691774368286], [0.9788455367088318, -0.007387702353298664, -0.006684510037302971, 0.20435768365859985], [0.04970715194940567, 0.184663787484169, 0.9811367988586426, -0.028266990557312965], [0.7326233386993408, -0.02030094526708126, -0.07706084102392197, -0.6759530901908875], [0.8205122947692871, 0.047476381063461304, 0.029612567275762558, 0.5688837766647339], [0.9839578866958618, 0.0020984462462365627, 0.013984841294586658, 0.17783918976783752], [0.9976509213447571, -0.00623297318816185, -0.007822698913514614, 0.06776916235685349], [0.9987262487411499, -0.005031609442085028, -0.022308943793177605, 0.04497606307268143], [0.9983465671539307, 0.004320816602557898, -0.03721380978822708, 0.04359516501426697], [0.9973359107971191, 0.01568981632590294, 0.03291863203048706, -0.06317474693059921], [0.9983135461807251, 0.0457116961479187, -0.035081468522548676, 0.007054158486425877], [0.031222183257341385, -0.5965273380279541, 0.03480947017669678, -0.8012294173240662], [0.8333700895309448, 0.2419467568397522, 0.40877097845077515, -0.28259947896003723], [0.9353892803192139, -0.03534453734755516, -0.12821361422538757, -0.3276565372943878], [0.9882896542549133, 0.1430000215768814, -0.037100374698638916, 0.03818754479289055], [0.011891958303749561, 0.6010398864746094, -0.03816703334450722, -0.7982186079025269], [0.8350722193717957, -0.18030215799808502, -0.47793087363243103, -0.20427365601062775], [0.9854586720466614, 0.023676041513681412, 0.037182871252298355, -0.16409742832183838], [0.943711519241333, -0.3185391128063202, -0.05190342664718628, 0.07243979722261429]], "joint_names": ["Hips", "LeftUpLeg", "LeftLeg", "LeftFoot", "LeftToe", "RightUpLeg", "RightLeg", "RightFoot", "RightToe", "Spine", "Spine1", "Spine2", "Neck", "Head", "LeftShoulder", "LeftArm", "LeftForeArm", "LeftHand", "RightShoulder", "RightArm", "RightForeArm", "RightHand"]}