{"root_pos": [14.904796600341797, 85.56900024414062, 12.229385375976562], "local_quat": [[-0.22785480320453644, 0.6539266705513, 0.6747942566871643, -0.2551760673522949], [-0.08674944192171097, -0.10808125883340836, -0.98850017786026, -0.06050112098455429], [0.9648942947387695, -0.03773120045661926, 0.011033069342374802, -0.259679913520813], [0.7383034229278564, 0.05556425452232361, 0.07824989408254623, 0.6676059365272522], [0.9790408611297607, -0.0067228819243609905, -0.0073354532942175865, 0.2034206986427307], [0.0629301592707634, 0.08870827406644821, 0.9933465123176575, -0.03785974904894829], [0.7666783928871155, -0.025658803060650826, -0.06582897156476974, -0.6381320357322693], [0.8394910097122192, 0.05217417702078819, 0.05194145813584328, 0.5383630990982056], [0.9839335083961487, 0.00292312353849411, 0.013727979734539986, 0.17798267304897308], [0.9976117610931396, -0.004201337695121765, -0.007371759042143822, 0.06854698807001114], [0.9985948801040649, 0.0037891515530645847, -0.026504263281822205, 0.04573186859488487], [0.998090386390686, 0.01515265554189682, -0.04089399427175522, 0.04374530538916588], [0.9976046681404114, 0.02119017206132412, 0.025510340929031372, -0.06070556491613388], [0.9979371428489685, 0.049432236701250076, -0.039636511355638504, 0.010343753732740879], [0.034366730600595474, -0.5912263989448547, 0.039763037115335464, -0.8047913312911987], [0.8276597261428833, 0.2693988084793091, 0.4233565032482147, -0.25134238600730896], [0.9557785391807556, -0.03301161527633667, -0.12885399162769318, -0.26228630542755127], [0.9911186099052429, 0.1185203567147255, -0.025174833834171295, 0.05479958653450012], [0.007396461442112923, 0.6054809093475342, -0.03299952670931816, -0.7951409816741943], [0.8365825414657593, -0.15158070623874664, -0.47838839888572693, -0.2197667956352234], [0.9758394360542297, 0.025141354650259018, 0.03470826894044876, -0.21424423158168793], [0.9403078556060791, -0.33018380403518677, -0.049299344420433044, 0.06610114872455597]], "joint_names": ["Hips", "LeftUpLeg", "LeftLeg", "LeftFoot", "LeftToe", "RightUpLeg", "RightLeg", "RightFoot", "RightToe", "Spine", "Spine1", "Spine2", "Neck", "Head", "LeftShoulder", "LeftArm", "LeftForeArm", "LeftHand", "RightShoulder", "RightArm", "RightForeArm", "RightHand"]}