{"root_pos": [43.135009765625, 85.17996215820312, -22.942245483398438], "local_quat": [[-0.35130131244659424, 0.5990105867385864, 0.6085222959518433, -0.3840235471725464], [-0.02407282404601574, 0.1940254122018814, -0.9804965853691101, 0.020026974380016327], [0.9977209568023682, -0.014994065277278423, -0.005696943961083889, -0.06554193049669266], [0.7189502120018005, 0.027255933731794357, 0.0069647179916501045, 0.6944920420646667], [0.9773684740066528, -0.013003446161746979, -0.007949945516884327, 0.2109941840171814], [-0.022752875462174416, 0.33705762028694153, 0.941002607345581, 0.019712625071406364], [0.9867123365402222, -0.013772019185125828, -0.020494768396019936, -0.16058968007564545], [0.8290839195251465, 0.04804602637887001, 0.056112173944711685, 0.5542227625846863], [0.984386682510376, 0.0013696784153580666, 0.019980499520897865, 0.1748763918876648], [0.9966414570808411, -0.020137038081884384, -0.00358280329965055, 0.07929449528455734], [0.9974405765533447, -0.04154396429657936, 0.00028228643350303173, 0.058191049844026566], [0.9976396560668945, -0.041758663952350616, -0.015399985946714878, 0.05228942260146141], [0.9931280016899109, -0.0027394001372158527, 0.07053826004266739, -0.09334693104028702], [0.998485803604126, 0.03732745721936226, -0.026462046429514885, -0.03053608164191246], [0.019855746999382973, -0.6307170987129211, 0.012103167362511158, -0.7756643891334534], [0.8595989346504211, 0.18610879778862, 0.35320621728897095, -0.3189021050930023], [0.826482355594635, -0.04924445599317551, -0.1205214187502861, -0.5477011203765869], [0.9759119749069214, 0.21729670464992523, -0.019249113276600838, -0.0027453009970486164], [0.03655358776450157, 0.5934296250343323, -0.07032951712608337, -0.8009737133979797], [0.8340684771537781, -0.2503357529640198, -0.47544270753860474, -0.12496371567249298], [0.9893267750740051, 0.019188132137060165, 0.03846190124750137, -0.1392303854227066], [0.9414642453193665, -0.3183285892009735, -0.09091140329837799, 0.06361662596464157]], "joint_names": ["Hips", "LeftUpLeg", "LeftLeg", "LeftFoot", "LeftToe", "RightUpLeg", "RightLeg", "RightFoot", "RightToe", "Spine", "Spine1", "Spine2", "Neck", "Head", "LeftShoulder", "LeftArm", "LeftForeArm", "LeftHand", "RightShoulder", "RightArm", "RightForeArm", "RightHand"]}