{"root_pos": [40.374732971191406, 85.97759246826172, -18.53726577758789], "local_quat": [[-0.35278016328811646, 0.599719226360321, 0.609637439250946, -0.37977004051208496], [-0.0333944670855999, 0.1779981255531311, -0.9833464026451111, 0.015214151702821255], [0.9981048107147217, -0.024104973301291466, -0.0011693757260218263, -0.05660639703273773], [0.7202654480934143, 0.02196289598941803, 0.014205149374902248, 0.6932052969932556], [0.9776135683059692, -0.01213164534419775, -0.007242569234222174, 0.20993351936340332], [-0.00886665377765894, 0.3302479088306427, 0.9436321258544922, 0.02039891481399536], [0.9898339509963989, -0.008577672764658928, -0.021494043990969658, -0.14033250510692596], [0.8211004734039307, 0.05083078145980835, 0.05392571911215782, 0.5659525394439697], [0.9842894673347473, 0.0012620462803170085, 0.018531475216150284, 0.17558270692825317], [0.9967134594917297, -0.018862435594201088, -0.006776405498385429, 0.07848937064409256], [0.997658908367157, -0.03918653354048729, -0.006205486599355936, 0.05570157617330551], [0.9977636933326721, -0.03872500732541084, -0.021590562537312508, 0.05001793056726456], [0.9933078289031982, -0.003256194991990924, 0.06563771516084671, -0.09497702866792679], [0.9987908601760864, 0.03456907346844673, -0.023430902510881424, -0.025934705510735512], [0.020528752356767654, -0.6280937194824219, 0.014051214791834354, -0.7777400016784668], [0.8568655252456665, 0.1899040788412094, 0.3550950288772583, -0.32190901041030884], [0.8240686655044556, -0.047330763190984726, -0.11876656860113144, -0.5518741607666016], [0.9760312438011169, 0.21644474565982819, -0.022232841700315475, -0.004527100827544928], [0.034894704818725586, 0.5940470099449158, -0.06790120154619217, -0.8007996082305908], [0.8296889066696167, -0.24776464700698853, -0.4857650697231293, -0.11942068487405777], [0.9876611828804016, 0.018230294808745384, 0.035298097878694534, -0.15148238837718964], [0.9428467154502869, -0.3159835934638977, -0.08564579486846924, 0.06212317943572998]], "joint_names": ["Hips", "LeftUpLeg", "LeftLeg", "LeftFoot", "LeftToe", "RightUpLeg", "RightLeg", "RightFoot", "RightToe", "Spine", "Spine1", "Spine2", "Neck", "Head", "LeftShoulder", "LeftArm", "LeftForeArm", "LeftHand", "RightShoulder", "RightArm", "RightForeArm", "RightHand"]}