{"root_pos": [37.703487396240234, 86.85782623291016, -14.530793190002441], "local_quat": [[-0.35138842463493347, 0.6025468707084656, 0.6112945675849915, -0.3738749623298645], [-0.04206263646483421, 0.16594378650188446, -0.9851858615875244, 0.010105607099831104], [0.9981120228767395, -0.030074646696448326, -0.0004181124968454242, -0.05355174094438553], [0.7282900810241699, 0.022882726043462753, 0.02493521384894848, 0.6844327449798584], [0.9778425693511963, -0.011258169077336788, -0.006649973336607218, 0.20893295109272003], [0.0014201736776158214, 0.31970375776290894, 0.9472086429595947, 0.024152643978595734], [0.9832344055175781, -0.004733032546937466, -0.029422536492347717, -0.1798943728208542], [0.8088029623031616, 0.050540197640657425, 0.043858494609594345, 0.584260106086731], [0.9841952323913574, 0.0012487620115280151, 0.01722472906112671, 0.17624251544475555], [0.996745228767395, -0.01804824359714985, -0.00786062702536583, 0.07817522436380386], [0.997750997543335, -0.037446025758981705, -0.00895600114017725, 0.05486847832798958], [0.997830867767334, -0.03589686006307602, -0.02453731931746006, 0.04942508414387703], [0.9937121868133545, -0.002494384767487645, 0.06305599957704544, -0.09248698502779007], [0.9988676905632019, 0.034447651356458664, -0.024599265307188034, -0.021716617047786713], [0.02079484798014164, -0.624290943145752, 0.015770496800541878, -0.780755877494812], [0.8522025346755981, 0.1975938081741333, 0.3602254092693329, -0.32395243644714355], [0.8334411382675171, -0.04561345651745796, -0.11903640627861023, -0.5377039313316345], [0.9771272540092468, 0.2107761651277542, -0.028011759743094444, -0.003332078456878662], [0.03330814093351364, 0.5937142968177795, -0.0657879114151001, -0.8012902140617371], [0.8262077569961548, -0.24473869800567627, -0.4921722412109375, -0.12349123507738113], [0.987886905670166, 0.01770065911114216, 0.03398355096578598, -0.1503707319498062], [0.9444844722747803, -0.3130519986152649, -0.07713799923658371, 0.0632229596376419]], "joint_names": ["Hips", "LeftUpLeg", "LeftLeg", "LeftFoot", "LeftToe", "RightUpLeg", "RightLeg", "RightFoot", "RightToe", "Spine", "Spine1", "Spine2", "Neck", "Head", "LeftShoulder", "LeftArm", "LeftForeArm", "LeftHand", "RightShoulder", "RightArm", "RightForeArm", "RightHand"]}