{"root_pos": [31.38735580444336, 88.35387420654297, -5.330010414123535], "local_quat": [[-0.3304894268512726, 0.6117563843727112, 0.6275315284729004, -0.35033586621284485], [-0.0630652904510498, 0.10435286164283752, -0.9925194978713989, -0.0061960467137396336], [0.9947545528411865, -0.032510627061128616, -0.005270679481327534, -0.09684266149997711], [0.7530881762504578, 0.04230676591396332, 0.05188899114727974, 0.6545042991638184], [0.978286623954773, -0.009675184264779091, -0.005875370465219021, 0.2069472074508667], [0.023518890142440796, 0.29987797141075134, 0.9536842107772827, 0.0025361846201121807], [0.8998981714248657, -0.005628327373415232, -0.062379978597164154, -0.43157899379730225], [0.8049377799034119, 0.054471276700496674, 0.029786434024572372, 0.5901023745536804], [0.9840561151504517, 0.0011157989501953125, 0.015376776456832886, 0.1771889477968216], [0.9973070621490479, -0.015180102549493313, -0.008401564322412014, 0.07125773280858994], [0.9983581304550171, -0.029470760375261307, -0.014480406418442726, 0.0469348318874836], [0.9982941746711731, -0.02436041086912155, -0.029670914635062218, 0.0439889170229435], [0.9956772327423096, 0.004789536353200674, 0.053407080471515656, -0.0758383572101593], [0.9987111687660217, 0.03991711512207985, -0.030610153451561928, -0.006754518952220678], [0.023589540272951126, -0.6137476563453674, 0.022098947316408157, -0.7888402938842773], [0.8434467911720276, 0.20996342599391937, 0.3800591826438904, -0.31633511185646057], [0.8746399283409119, -0.04055270552635193, -0.122367724776268, -0.46731844544410706], [0.9816768765449524, 0.18568435311317444, -0.04213828593492508, 0.007499608211219311], [0.025974223390221596, 0.5950928926467896, -0.056252241134643555, -0.8012648820877075], [0.8320185542106628, -0.2166401892900467, -0.48865029215812683, -0.14843489229679108], [0.9881861805915833, 0.019322417676448822, 0.03506338596343994, -0.14793656766414642], [0.9465977549552917, -0.3093276917934418, -0.05941447988152504, 0.0688401386141777]], "joint_names": ["Hips", "LeftUpLeg", "LeftLeg", "LeftFoot", "LeftToe", "RightUpLeg", "RightLeg", "RightFoot", "RightToe", "Spine", "Spine1", "Spine2", "Neck", "Head", "LeftShoulder", "LeftArm", "LeftForeArm", "LeftHand", "RightShoulder", "RightArm", "RightForeArm", "RightHand"]}