{"root_pos": [35.15229797363281, 87.73638916015625, -11.628026008605957], "local_quat": [[-0.3464045226573944, 0.6049900650978088, 0.6154414415359497, -0.36772647500038147], [-0.05057850852608681, 0.15235215425491333, -0.9870148301124573, 0.0056946189142763615], [0.9973829984664917, -0.03348025679588318, 0.00021569911041297019, -0.06407970935106277], [0.7407795190811157, 0.024706881493330002, 0.033025965094566345, 0.6704809069633484], [0.9780138731002808, -0.0106704942882061, -0.00621230760589242, 0.2081739455461502], [0.008792949840426445, 0.3161723017692566, 0.9485245943069458, 0.01609092392027378], [0.9655609726905823, -0.002108196262270212, -0.04222521558403969, -0.25671902298927307], [0.8034623265266418, 0.0520411878824234, 0.03468257933855057, 0.5920618176460266], [0.9841330647468567, 0.0011479100212454796, 0.016335710883140564, 0.1766749620437622], [0.9969711899757385, -0.017925698310136795, -0.009269963949918747, 0.07510779798030853], [0.9979460835456848, -0.036825694143772125, -0.012732323259115219, 0.050846345722675323], [0.9979462027549744, -0.034131575375795364, -0.027905451133847237, 0.04647276923060417], [0.994364321231842, -0.00021560440654866397, 0.05975769832730293, -0.08757010847330093], [0.9988771677017212, 0.03622129186987877, -0.026301003992557526, -0.015513163059949875], [0.021663950756192207, -0.6204085946083069, 0.017466198652982712, -0.7837849259376526], [0.8475372791290283, 0.20504310727119446, 0.3672906160354614, -0.3236287832260132], [0.8439820408821106, -0.044078271836042404, -0.11995222419500351, -0.5209249258041382], [0.9782602787017822, 0.20463262498378754, -0.03361361846327782, -0.0015332507900893688], [0.03223426267504692, 0.5931311845779419, -0.06408132612705231, -0.8019039034843445], [0.8251290321350098, -0.24018602073192596, -0.49625450372695923, -0.12330546975135803], [0.9880809783935547, 0.01755853183567524, 0.03345519304275513, -0.14922647178173065], [0.9455177187919617, -0.3107912540435791, -0.07189442962408066, 0.06508740782737732]], "joint_names": ["Hips", "LeftUpLeg", "LeftLeg", "LeftFoot", "LeftToe", "RightUpLeg", "RightLeg", "RightFoot", "RightToe", "Spine", "Spine1", "Spine2", "Neck", "Head", "LeftShoulder", "LeftArm", "LeftForeArm", "LeftHand", "RightShoulder", "RightArm", "RightForeArm", "RightHand"]}