{"root_pos": [29.634868621826172, 88.12448120117188, -1.7656426429748535], "local_quat": [[-0.3204325735569, 0.6169388890266418, 0.6331182718276978, -0.3403978645801544], [-0.07049401104450226, 0.08069979399442673, -0.9941123723983765, -0.016089217737317085], [0.9930515885353088, -0.0323762446641922, -0.004301085136830807, -0.11305686086416245], [0.7567592859268188, 0.045547179877758026, 0.05491989850997925, 0.6497881412506104], [0.9784125089645386, -0.009061538614332676, -0.005986404605209827, 0.2063756138086319], [0.029751434922218323, 0.28889673948287964, 0.9568609595298767, -0.008405573666095734], [0.8480382561683655, -0.007260376121848822, -0.07250368595123291, -0.5249015688896179], [0.8003438115119934, 0.052371490746736526, 0.02305266261100769, 0.5968044996261597], [0.9840254187583923, 0.001268858788534999, 0.015026863664388657, 0.17738834023475647], [0.9974066019058228, -0.013102971948683262, -0.00843890756368637, 0.07026517391204834], [0.9984965920448303, -0.024254275485873222, -0.016152353957295418, 0.046424757689237595], [0.9983786940574646, -0.018076060339808464, -0.03125776723027229, 0.044001881033182144], [0.9961938261985779, 0.008275997824966908, 0.04896264523267746, -0.07163693010807037], [0.9985661506652832, 0.04250146448612213, -0.0325261726975441, -0.0011906545842066407], [0.02508554235100746, -0.6112226247787476, 0.024693364277482033, -0.7906755805015564], [0.843052327632904, 0.21304938197135925, 0.38121986389160156, -0.3139173090457916], [0.8893089890480042, -0.039466872811317444, -0.1241266280412674, -0.43836575746536255], [0.9828858971595764, 0.1784483641386032, -0.043847087770700455, 0.012994750402867794], [0.021551750600337982, 0.5983321070671082, -0.05053205415606499, -0.7993626594543457], [0.8365771174430847, -0.2044123411178589, -0.47988447546958923, -0.16752636432647705], [0.9880110621452332, 0.021013662219047546, 0.03672546520829201, -0.14847122132778168], [0.9458757638931274, -0.3118461072444916, -0.05574629455804825, 0.07045182585716248]], "joint_names": ["Hips", "LeftUpLeg", "LeftLeg", "LeftFoot", "LeftToe", "RightUpLeg", "RightLeg", "RightFoot", "RightToe", "Spine", "Spine1", "Spine2", "Neck", "Head", "LeftShoulder", "LeftArm", "LeftForeArm", "LeftHand", "RightShoulder", "RightArm", "RightForeArm", "RightHand"]}