{"root_pos": [45.353153228759766, 84.11163330078125, -26.8075008392334], "local_quat": [[-0.3478736877441406, 0.5994880795478821, 0.6089391112327576, -0.3857344388961792], [-0.01761581189930439, 0.19799810647964478, -0.979812741279602, 0.021291326731443405], [0.9928974509239197, -0.007704176474362612, 0.0003974795981775969, -0.11872304975986481], [0.7278776168823242, 0.021617760881781578, -0.006604676600545645, 0.6853343844413757], [0.97711181640625, -0.013629881665110588, -0.00890638493001461, 0.21210210025310516], [-0.03686515986919403, 0.36764079332351685, 0.9291359186172485, 0.013699013739824295], [0.9744060039520264, -0.018679870292544365, -0.0245718602091074, -0.2226662039756775], [0.827831506729126, 0.038731906563043594, 0.046314649283885956, 0.5577183365821838], [0.9845120310783386, 0.00154334947001189, 0.021404754370450974, 0.17399893701076508], [0.9966856837272644, -0.019948219880461693, 0.00014168483903631568, 0.07886508852243423], [0.9973669052124023, -0.04068232700228691, 0.007331941742449999, 0.05958551913499832], [0.9976307153701782, -0.041296299546957016, -0.00818826537579298, 0.05440986528992653], [0.9931349158287048, -0.0012920228764414787, 0.07278060168027878, -0.09156560152769089], [0.9982249736785889, 0.041099913418293, -0.029714109376072884, -0.03122061863541603], [0.02194678783416748, -0.6304358243942261, 0.012722092680633068, -0.7758267521858215], [0.857319712638855, 0.18913020193576813, 0.3614440858364105, -0.3139916658401489], [0.8352125883102417, -0.05208127200603485, -0.12433682382106781, -0.533149003982544], [0.976287305355072, 0.21571789681911469, -0.018065256997942924, 0.0015443532029166818], [0.03686133027076721, 0.590481162071228, -0.0707523375749588, -0.8030986785888672], [0.8381268382072449, -0.2525542676448822, -0.4655141234397888, -0.13060027360916138], [0.9917765259742737, 0.020805545151233673, 0.043065499514341354, -0.11870884150266647], [0.9392767548561096, -0.3220396041870117, -0.09820566326379776, 0.06637263298034668]], "joint_names": ["Hips", "LeftUpLeg", "LeftLeg", "LeftFoot", "LeftToe", "RightUpLeg", "RightLeg", "RightFoot", "RightToe", "Spine", "Spine1", "Spine2", "Neck", "Head", "LeftShoulder", "LeftArm", "LeftForeArm", "LeftHand", "RightShoulder", "RightArm", "RightForeArm", "RightHand"]}