{"root_pos": [33.5701789855957, 88.30052185058594, -8.206209182739258], "local_quat": [[-0.3414115607738495, 0.6076017022132874, 0.6193628907203674, -0.3614526093006134], [-0.05724029988050461, 0.12873190641403198, -0.9900257587432861, -0.0008810377330519259], [0.9969669580459595, -0.03414583578705788, -0.003481272840872407, -0.06984757632017136], [0.7487806677818298, 0.03317921608686447, 0.043472375720739365, 0.6605580449104309], [0.9781632423400879, -0.010169326327741146, -0.005955283530056477, 0.20750395953655243], [0.018521688878536224, 0.31138017773628235, 0.9500575661659241, 0.00948700588196516], [0.9393446445465088, -0.0018781713442876935, -0.05431142821907997, -0.3386420011520386], [0.8018869161605835, 0.05352843925356865, 0.02856612019240856, 0.5943871140480042], [0.9840782880783081, 0.0011001001112163067, 0.015756625682115555, 0.17703208327293396], [0.9971280694007874, -0.01775147207081318, -0.007775718811899424, 0.07321210205554962], [0.9981188178062439, -0.03535721078515053, -0.011451289057731628, 0.04875940456986427], [0.9981303811073303, -0.03139547258615494, -0.026843959465622902, 0.045049868524074554], [0.9949926733970642, 0.0012942837784066796, 0.05787185579538345, -0.08147922158241272], [0.9987812042236328, 0.037516411393880844, -0.029897566884756088, -0.011607232503592968], [0.021901428699493408, -0.6179969906806946, 0.018916655331850052, -0.7856476306915283], [0.8461621403694153, 0.20970000326633453, 0.37167391180992126, -0.3192085027694702], [0.8599158525466919, -0.04199416562914848, -0.12084463238716125, -0.49414342641830444], [0.9801185131072998, 0.19483903050422668, -0.03739291802048683, 0.002684823703020811], [0.029781317338347435, 0.5935323238372803, -0.06100963428616524, -0.8019415736198425], [0.8294081687927246, -0.22755339741706848, -0.49176856875419617, -0.13588689267635345], [0.9880635738372803, 0.01814267411828041, 0.034034837037324905, -0.1491405963897705], [0.9459943175315857, -0.3108876943588257, -0.06329688429832458, 0.06661190837621689]], "joint_names": ["Hips", "LeftUpLeg", "LeftLeg", "LeftFoot", "LeftToe", "RightUpLeg", "RightLeg", "RightFoot", "RightToe", "Spine", "Spine1", "Spine2", "Neck", "Head", "LeftShoulder", "LeftArm", "LeftForeArm", "LeftHand", "RightShoulder", "RightArm", "RightForeArm", "RightHand"]}