{"root_pos": [26.510215759277344, 88.01222229003906, 1.1354994773864746], "local_quat": [[-0.3053508698940277, 0.6222659349441528, 0.6424113512039185, -0.3268848657608032], [-0.07435480505228043, 0.04292185232043266, -0.9959927797317505, -0.025047287344932556], [0.9885393381118774, -0.030923012644052505, -0.003977443557232618, -0.14770907163619995], [0.7570821046829224, 0.05173245817422867, 0.060638152062892914, 0.6484391689300537], [0.9785640835762024, -0.008460445329546928, -0.006135770585387945, 0.20567724108695984], [0.03437052294611931, 0.2591830790042877, 0.9650852084159851, -0.01591702178120613], [0.7982879281044006, -0.012396560050547123, -0.07607825100421906, -0.5973230004310608], [0.8056878447532654, 0.05179695785045624, 0.025868084281682968, 0.5895040035247803], [0.9840027689933777, 0.001486009918153286, 0.01461813598871231, 0.17754597961902618], [0.9975390434265137, -0.010277892462909222, -0.007984616793692112, 0.06889443844556808], [0.9986661672592163, -0.017106231302022934, -0.017655307427048683, 0.04540432617068291], [0.99847012758255, -0.009741113521158695, -0.03272894769906998, 0.04348919913172722], [0.9967411756515503, 0.011552262119948864, 0.043115269392728806, -0.06719233095645905], [0.998448371887207, 0.04439776763319969, -0.03357485309243202, 0.0015677805058658123], [0.027145657688379288, -0.6064019203186035, 0.028341121971607208, -0.7941892147064209], [0.8416174054145813, 0.2163764089345932, 0.38950279355049133, -0.3052031099796295], [0.9056549668312073, -0.038388341665267944, -0.126178577542305, -0.40298184752464294], [0.9845230579376221, 0.16817548871040344, -0.04482874274253845, 0.02053980901837349], [0.017449181526899338, 0.599601686000824, -0.045475441962480545, -0.7988150119781494], [0.8367403745651245, -0.1971331238746643, -0.47669070959091187, -0.18376624584197998], [0.9883475303649902, 0.022198595106601715, 0.03785911574959755, -0.1457499861717224], [0.9459025859832764, -0.31150949001312256, -0.053974445909261703, 0.07291741669178009]], "joint_names": ["Hips", "LeftUpLeg", "LeftLeg", "LeftFoot", "LeftToe", "RightUpLeg", "RightLeg", "RightFoot", "RightToe", "Spine", "Spine1", "Spine2", "Neck", "Head", "LeftShoulder", "LeftArm", "LeftForeArm", "LeftHand", "RightShoulder", "RightArm", "RightForeArm", "RightHand"]}