{"root_pos": [24.07252311706543, 87.38468933105469, 4.638415336608887], "local_quat": [[-0.2882583737373352, 0.6300328373908997, 0.650966227054596, -0.31017541885375977], [-0.08291146159172058, 0.001821510260924697, -0.9959720373153687, -0.03408903256058693], [0.9822689294815063, -0.03197342902421951, 0.001900189439766109, -0.18472075462341309], [0.7542506456375122, 0.04882194846868515, 0.059657931327819824, 0.6520455479621887], [0.9786823391914368, -0.007911093533039093, -0.006414578761905432, 0.20512701570987701], [0.04321712628006935, 0.22566482424736023, 0.9729944467544556, -0.02212459407746792], [0.7578641176223755, -0.016819829121232033, -0.0764966532588005, -0.6476938724517822], [0.8069501519203186, 0.04491676017642021, 0.022303741425275803, 0.5884865522384644], [0.9839857816696167, 0.0017890597227960825, 0.014349943026900291, 0.17765921354293823], [0.9975824356079102, -0.007513890974223614, -0.008457689546048641, 0.06856560707092285], [0.9987003803253174, -0.0098652308806777, -0.020739611238241196, 0.04549837112426758], [0.9983905553817749, -0.0015321492683142424, -0.035677239298820496, 0.04405722767114639], [0.9970053434371948, 0.014289893209934235, 0.03757529705762863, -0.06606154888868332], [0.9983674883842468, 0.0456274151802063, -0.033715952187776566, 0.006617882754653692], [0.029813779518008232, -0.6011492013931274, 0.032107073813676834, -0.7979347705841064], [0.837483286857605, 0.22733905911445618, 0.39843952655792236, -0.29695916175842285], [0.9209480285644531, -0.037177685648202896, -0.12766721844673157, -0.36629706621170044], [0.9863768815994263, 0.1563701331615448, -0.041917428374290466, 0.029187036678195], [0.013908188790082932, 0.6001439690589905, -0.04056333377957344, -0.7987417578697205], [0.8348106145858765, -0.18957966566085815, -0.4777940809726715, -0.19713850319385529], [0.9873704314231873, 0.023268233984708786, 0.03790058568120003, -0.15205852687358856], [0.9442510604858398, -0.31629419326782227, -0.054972127079963684, 0.07297971844673157]], "joint_names": ["Hips", "LeftUpLeg", "LeftLeg", "LeftFoot", "LeftToe", "RightUpLeg", "RightLeg", "RightFoot", "RightToe", "Spine", "Spine1", "Spine2", "Neck", "Head", "LeftShoulder", "LeftArm", "LeftForeArm", "LeftHand", "RightShoulder", "RightArm", "RightForeArm", "RightHand"]}