{"root_pos": [59.93539047241211, 83.3083724975586, -54.14863586425781], "local_quat": [[-0.33000826835632324, 0.5895886421203613, 0.6186740398406982, -0.40090182423591614], [0.04214344546198845, 0.0025548350531607866, -0.9991073608398438, -0.0013636655639857054], [0.8126306533813477, 0.03109126351773739, 0.04198675602674484, -0.5804324746131897], [0.8275759816169739, -0.0047194077633321285, -0.051051825284957886, 0.559007465839386], [0.9750004410743713, -0.018940715119242668, -0.011862268671393394, 0.2210763692855835], [-0.10501860827207565, 0.29116329550743103, 0.9499309062957764, -0.042734455317258835], [0.9068638682365417, -0.02366032265126705, -0.030608197674155235, -0.41964414715766907], [0.7455695271492004, -0.008267799392342567, -0.015401836484670639, 0.6661984920501709], [0.9852358102798462, 0.0010993462055921555, 0.02987118437886238, 0.16857294738292694], [0.9971221089363098, -0.01666363514959812, 0.018783479928970337, 0.07153282314538956], [0.9973545670509338, -0.028088364750146866, 0.038700371980667114, 0.054746512323617935], [0.9980663657188416, -0.022263238206505775, 0.020479682832956314, 0.05429910123348236], [0.9941096305847168, -0.01887873187661171, 0.07271728664636612, -0.0781152993440628], [0.9989692568778992, 0.02877482771873474, -0.029008621349930763, -0.0197744183242321], [0.03721332550048828, -0.6109454035758972, 0.025571368634700775, -0.79038405418396], [0.835827648639679, 0.2601328194141388, 0.43936100602149963, -0.20170539617538452], [0.919061005115509, -0.058811865746974945, -0.1429770588874817, -0.3625268340110779], [0.9822297692298889, 0.17801956832408905, 0.036303114145994186, 0.047070808708667755], [0.03700600191950798, 0.5816306471824646, -0.07780347019433975, -0.8088776469230652], [0.8565455675125122, -0.24292688071727753, -0.41272854804992676, -0.19227945804595947], [0.9955145120620728, 0.026307791471481323, 0.05862938612699509, -0.06943608820438385], [0.943970263004303, -0.31188899278640747, -0.08035869151353836, 0.07202654331922531]], "joint_names": ["Hips", "LeftUpLeg", "LeftLeg", "LeftFoot", "LeftToe", "RightUpLeg", "RightLeg", "RightFoot", "RightToe", "Spine", "Spine1", "Spine2", "Neck", "Head", "LeftShoulder", "LeftArm", "LeftForeArm", "LeftHand", "RightShoulder", "RightArm", "RightForeArm", "RightHand"]}