{"root_pos": [47.9821662902832, 83.29883575439453, -31.62472915649414], "local_quat": [[-0.344521164894104, 0.5940009951591492, 0.6132829189300537, -0.39032307267189026], [-0.006768552120774984, 0.18557676672935486, -0.982312023639679, 0.024052591994404793], [0.9824110269546509, -0.0005917848320677876, 0.0064451913349330425, -0.1866188943386078], [0.7465400099754333, 0.015236807987093925, -0.020009329542517662, 0.6648650169372559], [0.9767769575119019, -0.014535498805344105, -0.009636621922254562, 0.21354766190052032], [-0.05181915685534477, 0.3835064172744751, 0.9220781326293945, 0.0030955923721194267], [0.9594499468803406, -0.02290242537856102, -0.027703700587153435, -0.27957791090011597], [0.8226759433746338, 0.028798187151551247, 0.03473228961229324, 0.5667173862457275], [0.9846522808074951, 0.001574403722770512, 0.023023203015327454, 0.1729951649904251], [0.9967014193534851, -0.02085103839635849, 0.004653613083064556, 0.07829338312149048], [0.9971892833709717, -0.04151174798607826, 0.015368497930467129, 0.060449738055467606], [0.9975510835647583, -0.04176539182662964, -2.8753234801115468e-05, 0.05610371381044388], [0.9931924939155579, -0.0012271766318008304, 0.07602772116661072, -0.08824431151151657], [0.9979369044303894, 0.04398936405777931, -0.03425818309187889, -0.03183149918913841], [0.023734232410788536, -0.6287247538566589, 0.013273613527417183, -0.7771522402763367], [0.855177104473114, 0.1951286643743515, 0.37547537684440613, -0.299358069896698], [0.8481920957565308, -0.05427370220422745, -0.12811675667762756, -0.5110877156257629], [0.9770187139511108, 0.2125093936920166, -0.014989194460213184, 0.007028090767562389], [0.03831566125154495, 0.5868340134620667, -0.07318878918886185, -0.8054819703102112], [0.8448778986930847, -0.24870134890079498, -0.453754186630249, -0.13577976822853088], [0.9938976764678955, 0.0221099890768528, 0.04794808477163315, -0.09684749692678452], [0.9392633438110352, -0.32080572843551636, -0.09966646134853363, 0.07024690508842468]], "joint_names": ["Hips", "LeftUpLeg", "LeftLeg", "LeftFoot", "LeftToe", "RightUpLeg", "RightLeg", "RightFoot", "RightToe", "Spine", "Spine1", "Spine2", "Neck", "Head", "LeftShoulder", "LeftArm", "LeftForeArm", "LeftHand", "RightShoulder", "RightArm", "RightForeArm", "RightHand"]}