{"root_pos": [52.67445373535156, 82.24049377441406, -40.51628112792969], "local_quat": [[-0.3413311541080475, 0.588661789894104, 0.6132403612136841, -0.4011317789554596], [0.011006512679159641, 0.14552181959152222, -0.9891999959945679, 0.01362619735300541], [0.9489325284957886, 0.014288553968071938, 0.020173337310552597, -0.3145090639591217], [0.792382001876831, 0.0006106141372583807, -0.046575695276260376, 0.6082442998886108], [0.9760761857032776, -0.01609540358185768, -0.010881028138101101, 0.21655890345573425], [-0.08162295818328857, 0.37265801429748535, 0.924099326133728, -0.022452261298894882], [0.928644597530365, -0.02469954453408718, -0.033407457172870636, -0.3686367869377136], [0.7973674535751343, 0.011924242600798607, 0.00952476728707552, 0.6033011674880981], [0.984916627407074, 0.0016288150800392032, 0.025888847187161446, 0.17107415199279785], [0.9967249631881714, -0.02048347517848015, 0.012809104286134243, 0.0771733745932579], [0.9969010949134827, -0.038738131523132324, 0.02992607094347477, 0.06158016622066498], [0.9974768757820129, -0.03720756247639656, 0.014062372036278248, 0.05880270525813103], [0.9937922954559326, -0.004495197907090187, 0.07837001979351044, -0.07883379608392715], [0.9978131055831909, 0.04408109933137894, -0.038988303393125534, -0.030096646398305893], [0.02941478043794632, -0.6228634119033813, 0.017740925773978233, -0.7815760970115662], [0.8417659401893616, 0.2311735451221466, 0.41701599955558777, -0.2531530559062958], [0.8791658878326416, -0.056502293795347214, -0.1339852213859558, -0.45378729701042175], [0.9778973460197449, 0.20797163248062134, 0.0009331146138720214, 0.021536117419600487], [0.039900075644254684, 0.5819326639175415, -0.07643261551856995, -0.8086534142494202], [0.8490148782730103, -0.25194263458251953, -0.4408775568008423, -0.14603279531002045], [0.9953442215919495, 0.02286081202328205, 0.052860505878925323, -0.07728493213653564], [0.9411711692810059, -0.3157007098197937, -0.09517713636159897, 0.07396843284368515]], "joint_names": ["Hips", "LeftUpLeg", "LeftLeg", "LeftFoot", "LeftToe", "RightUpLeg", "RightLeg", "RightFoot", "RightToe", "Spine", "Spine1", "Spine2", "Neck", "Head", "LeftShoulder", "LeftArm", "LeftForeArm", "LeftHand", "RightShoulder", "RightArm", "RightForeArm", "RightHand"]}