{"root_pos": [62.135986328125, 84.50545501708984, -58.61054992675781], "local_quat": [[-0.3263091742992401, 0.5916547179222107, 0.6195650100708008, -0.3995075821876526], [0.0506548248231411, -0.06935182213783264, -0.996290385723114, -0.005476213060319424], [0.7662049531936646, 0.03115558996796608, 0.04967755451798439, -0.6399151086807251], [0.8335440754890442, -0.004567609168589115, -0.04380654916167259, 0.550694465637207], [0.9746580123901367, -0.020015941932797432, -0.01224798709154129, 0.22246605157852173], [-0.10550975054502487, 0.23875802755355835, 0.9644069671630859, -0.04220770671963692], [0.9175331592559814, -0.021803440526127815, -0.026563506573438644, -0.39617154002189636], [0.7419145703315735, -0.008509930223226547, -0.014314563944935799, 0.6702876091003418], [0.9853292107582092, 0.00105155142955482, 0.031239232048392296, 0.1677778959274292], [0.9972533583641052, -0.014293160289525986, 0.01965070515871048, 0.06996690481901169], [0.9976621270179749, -0.022258596494793892, 0.03841656073927879, 0.051951125264167786], [0.9983677864074707, -0.014981156215071678, 0.01923835091292858, 0.05164521932601929], [0.9942783117294312, -0.022412363439798355, 0.06980457901954651, -0.0776897445321083], [0.999268651008606, 0.02438456378877163, -0.02492879517376423, -0.015686534345149994], [0.040084753185510635, -0.6076623797416687, 0.028423184528946877, -0.7926738262176514], [0.8323469161987305, 0.27707329392433167, 0.44336071610450745, -0.18401193618774414], [0.9281014800071716, -0.059113528579473495, -0.14475280046463013, -0.33790507912635803], [0.9838266968727112, 0.1630915254354477, 0.04956462234258652, 0.055040840059518814], [0.034737903624773026, 0.584290623664856, -0.0775490403175354, -0.8070836067199707], [0.8564830422401428, -0.23983387649059296, -0.4037688672542572, -0.21421316266059875], [0.993701696395874, 0.02710229530930519, 0.05777249485254288, -0.09211264550685883], [0.9443204998970032, -0.31299838423728943, -0.0772315263748169, 0.06577301025390625]], "joint_names": ["Hips", "LeftUpLeg", "LeftLeg", "LeftFoot", "LeftToe", "RightUpLeg", "RightLeg", "RightFoot", "RightToe", "Spine", "Spine1", "Spine2", "Neck", "Head", "LeftShoulder", "LeftArm", "LeftForeArm", "LeftHand", "RightShoulder", "RightArm", "RightForeArm", "RightHand"]}