{"root_pos": [65.81317138671875, 87.070068359375, -68.61245727539062], "local_quat": [[-0.31696128845214844, 0.5987329483032227, 0.6246352791786194, -0.38843944668769836], [0.05539005994796753, -0.18638192117214203, -0.9808629751205444, -0.010079735890030861], [0.7155711054801941, 0.026004601269960403, 0.06627421826124191, -0.6949024796485901], [0.8289956450462341, -0.0030804022680968046, -0.020818931981921196, 0.5588588118553162], [0.9740018248558044, -0.022016793489456177, -0.013371208682656288, 0.22507108747959137], [-0.10180414468050003, 0.17377948760986328, 0.9790836572647095, -0.02884097956120968], [0.9392279386520386, -0.018433010205626488, -0.02230839617550373, -0.34207215905189514], [0.7548394799232483, -0.004235423635691404, -0.008197116665542126, 0.6558446288108826], [0.9855417609214783, 0.0013287654146552086, 0.0341222807765007, 0.16595569252967834], [0.9974137544631958, -0.011923271231353283, 0.02233537659049034, 0.06726673990488052], [0.9979609251022339, -0.014303377829492092, 0.039856839925050735, 0.047759465873241425], [0.9986974000930786, -0.004975463729351759, 0.01878458634018898, 0.04717735946178436], [0.9946617484092712, -0.031206613406538963, 0.06900278478860855, -0.07009091228246689], [0.9997151494026184, 0.014687808230519295, -0.015982113778591156, -0.009926646947860718], [0.043980225920677185, -0.6092963814735413, 0.03060266189277172, -0.7911302447319031], [0.8297744393348694, 0.3118692636489868, 0.43429744243621826, -0.1599925458431244], [0.9375001788139343, -0.06122957170009613, -0.14811944961547852, -0.30887722969055176], [0.9844270348548889, 0.14015814661979675, 0.08183681219816208, 0.06754139810800552], [0.030561532825231552, 0.5924679040908813, -0.07738818973302841, -0.8012858033180237], [0.8557462692260742, -0.23373696208000183, -0.38175827264785767, -0.25947269797325134], [0.9876344799995422, 0.029526377096772194, 0.0579259917140007, -0.14265666902065277], [0.9447189569473267, -0.3167937099933624, -0.06721992790699005, 0.05127745866775513]], "joint_names": ["Hips", "LeftUpLeg", "LeftLeg", "LeftFoot", "LeftToe", "RightUpLeg", "RightLeg", "RightFoot", "RightToe", "Spine", "Spine1", "Spine2", "Neck", "Head", "LeftShoulder", "LeftArm", "LeftForeArm", "LeftHand", "RightShoulder", "RightArm", "RightForeArm", "RightHand"]}