{"root_pos": [50.358177185058594, 82.79420471191406, -35.52915573120117], "local_quat": [[-0.3449995219707489, 0.5890220999717712, 0.6130126118659973, -0.3977987468242645], [0.002215754007920623, 0.16532111167907715, -0.9860296845436096, 0.02023579180240631], [0.9690074324607849, 0.006765806116163731, 0.013248486444354057, -0.24658334255218506], [0.7758437991142273, 0.005671869032084942, -0.036731041967868805, 0.629829466342926], [0.976450502872467, -0.01524483971297741, -0.010338865220546722, 0.21495386958122253], [-0.06637177616357803, 0.38624900579452515, 0.919976532459259, -0.007056215777993202], [0.9456913471221924, -0.026108035817742348, -0.028379172086715698, -0.3227705657482147], [0.8111997842788696, 0.01739448867738247, 0.02170266956090927, 0.5841072201728821], [0.9847812056541443, 0.0016830738168209791, 0.024394838139414787, 0.17206990718841553], [0.9967244863510132, -0.020922407507896423, 0.009120706468820572, 0.07758411765098572], [0.9970455765724182, -0.04066359996795654, 0.023544058203697205, 0.060764700174331665], [0.99751877784729, -0.04015069082379341, 0.008098502643406391, 0.05726007744669914], [0.9934719800949097, -0.0019737097900360823, 0.07777532190084457, -0.0834297388792038], [0.9977418780326843, 0.04544056951999664, -0.038145512342453, -0.03148176893591881], [0.026358475908637047, -0.6267387270927429, 0.015271359123289585, -0.778633713722229], [0.8501399159431458, 0.20875608921051025, 0.3959534168243408, -0.27731549739837646], [0.8643599152565002, -0.05552492290735245, -0.13120998442173004, -0.48226842284202576], [0.9776219129562378, 0.20967161655426025, -0.00916111096739769, 0.014466209337115288], [0.03931155428290367, 0.5844762921333313, -0.07507197558879852, -0.8069734573364258], [0.849745512008667, -0.2468286156654358, -0.44406071305274963, -0.140777125954628], [0.9946826696395874, 0.02254398539662361, 0.05065617710351944, -0.08678759634494781], [0.940043568611145, -0.319048672914505, -0.09680002927780151, 0.07180341333150864]], "joint_names": ["Hips", "LeftUpLeg", "LeftLeg", "LeftFoot", "LeftToe", "RightUpLeg", "RightLeg", "RightFoot", "RightToe", "Spine", "Spine1", "Spine2", "Neck", "Head", "LeftShoulder", "LeftArm", "LeftForeArm", "LeftHand", "RightShoulder", "RightArm", "RightForeArm", "RightHand"]}