{"root_pos": [55.817691802978516, 82.0805892944336, -44.94684600830078], "local_quat": [[-0.3412216007709503, 0.5859893560409546, 0.6132904291152954, -0.40504226088523865], [0.020594773814082146, 0.11502920091152191, -0.9930989742279053, 0.009933880530297756], [0.9129389524459839, 0.023936796933412552, 0.02575080096721649, -0.4065789580345154], [0.8054048418998718, -0.0027692110743373632, -0.05652692914009094, 0.5900170207023621], [0.9756786227226257, -0.01708243601024151, -0.011181838810443878, 0.2182532548904419], [-0.09291666746139526, 0.3584698736667633, 0.9284436106681824, -0.02929784171283245], [0.9126044511795044, -0.025742899626493454, -0.033235594630241394, -0.40667659044265747], [0.7778692245483398, 0.0013993941247463226, -0.0025422764010727406, 0.6284195184707642], [0.9850339889526367, 0.0013929419219493866, 0.027381468564271927, 0.1701655089855194], [0.9968854188919067, -0.019583722576498985, 0.014771470800042152, 0.07495169341564178], [0.9970086216926575, -0.036146629601716995, 0.03362387418746948, 0.05947016552090645], [0.9976282715797424, -0.03331242874264717, 0.01685669831931591, 0.05782754719257355], [0.9939290285110474, -0.009616446681320667, 0.07747357338666916, -0.07752675563097], [0.9982532858848572, 0.03881234675645828, -0.03569525480270386, -0.02664310671389103], [0.032418135553598404, -0.6180415153503418, 0.020711572840809822, -0.785203754901886], [0.8372023105621338, 0.24228866398334503, 0.4309970438480377, -0.23373070359230042], [0.8948344588279724, -0.057609979063272476, -0.1375591903924942, -0.4207492172718048], [0.979180097579956, 0.20054781436920166, 0.009733906015753746, 0.029872143641114235], [0.0398273840546608, 0.57932049036026, -0.07734087854623795, -0.8104442954063416], [0.8486630916595459, -0.25446364283561707, -0.4355129897594452, -0.1592094898223877], [0.9961746335029602, 0.024175403639674187, 0.05601848289370537, -0.06255893409252167], [0.9424487948417664, -0.31291159987449646, -0.09002284705638885, 0.07597668468952179]], "joint_names": ["Hips", "LeftUpLeg", "LeftLeg", "LeftFoot", "LeftToe", "RightUpLeg", "RightLeg", "RightFoot", "RightToe", "Spine", "Spine1", "Spine2", "Neck", "Head", "LeftShoulder", "LeftArm", "LeftForeArm", "LeftHand", "RightShoulder", "RightArm", "RightForeArm", "RightHand"]}