{"root_pos": [63.8551025390625, 85.71436309814453, -63.670223236083984], "local_quat": [[-0.3211670219898224, 0.5950751304626465, 0.6221628189086914, -0.3945259153842926], [0.05440349504351616, -0.13474354147911072, -0.9893394708633423, -0.009580157697200775], [0.7355663776397705, 0.02890016883611679, 0.057316966354846954, -0.6744046807289124], [0.8350838422775269, -0.002425704151391983, -0.03093760833144188, 0.5492467880249023], [0.9743228554725647, -0.02103305421769619, -0.012793706730008125, 0.22380578517913818], [-0.10352248698472977, 0.20161883533000946, 0.973323404788971, -0.03570106253027916], [0.9291698336601257, -0.01957704685628414, -0.02436983585357666, -0.36832910776138306], [0.7479013204574585, -0.007155643310397863, -0.013126715086400509, 0.6636415123939514], [0.9854406714439392, 0.0011540328850969672, 0.0326743945479393, 0.16684624552726746], [0.9973472356796265, -0.01250000111758709, 0.021143291145563126, 0.06852134317159653], [0.997841477394104, -0.01714365929365158, 0.03925749659538269, 0.04977240785956383], [0.9985601305961609, -0.00867544673383236, 0.01910899393260479, 0.04936891794204712], [0.9946331977844238, -0.02678661048412323, 0.06788181513547897, -0.07334344834089279], [0.9995158314704895, 0.019256925210356712, -0.020444286987185478, -0.013387228362262249], [0.042415421456098557, -0.6073686480522156, 0.030124055221676826, -0.7927147150039673], [0.8303850889205933, 0.2941202223300934, 0.4419165253639221, -0.16930368542671204], [0.9347150325775146, -0.06001783907413483, -0.14662829041481018, -0.318128764629364], [0.9845052361488342, 0.1510615348815918, 0.06386694312095642, 0.06205588951706886], [0.0321631096303463, 0.5882167816162109, -0.07703864574432373, -0.8043827414512634], [0.8562504053115845, -0.23426496982574463, -0.39238330721855164, -0.24081231653690338], [0.9907529950141907, 0.028050610795617104, 0.05737355351448059, -0.11970769613981247], [0.9446374177932739, -0.314982533454895, -0.07117225974798203, 0.05814302712678909]], "joint_names": ["Hips", "LeftUpLeg", "LeftLeg", "LeftFoot", "LeftToe", "RightUpLeg", "RightLeg", "RightFoot", "RightToe", "Spine", "Spine1", "Spine2", "Neck", "Head", "LeftShoulder", "LeftArm", "LeftForeArm", "LeftHand", "RightShoulder", "RightArm", "RightForeArm", "RightHand"]}