{"root_pos": [57.43501663208008, 82.56494903564453, -49.41274642944336], "local_quat": [[-0.3345663845539093, 0.5861349105834961, 0.6174076795578003, -0.404127299785614], [0.03195693716406822, 0.06694087386131287, -0.9972345232963562, 0.004571179393678904], [0.8655029535293579, 0.02881518378853798, 0.03376839682459831, -0.4989328682422638], [0.8158951997756958, -0.002903374843299389, -0.054214123636484146, 0.5756452083587646], [0.9753699898719788, -0.017901819199323654, -0.011502888053655624, 0.21954622864723206], [-0.10308895260095596, 0.3275783360004425, 0.938413143157959, -0.03802614286541939], [0.9025002717971802, -0.024920251220464706, -0.03347945958375931, -0.42866232991218567], [0.7628106474876404, -0.0023576903622597456, -0.008474509231746197, 0.6465620994567871], [0.9851323366165161, 0.0012231972068548203, 0.028530249372124672, 0.16940730810165405], [0.9970406889915466, -0.0187296774238348, 0.017014937475323677, 0.0725916400551796], [0.9971636533737183, -0.03332285210490227, 0.03695060685276985, 0.056470222771167755], [0.9978306293487549, -0.02912425808608532, 0.019706254824995995, 0.05565490946173668], [0.9940473437309265, -0.015416388399899006, 0.07637938112020493, -0.07614759355783463], [0.9986939430236816, 0.03286360949277878, -0.03173357993364334, -0.022873640060424805], [0.03455300256609917, -0.6144713163375854, 0.02297087199985981, -0.7878473401069641], [0.8372032046318054, 0.24636134505271912, 0.4351683557033539, -0.2214166224002838], [0.9055839776992798, -0.05843662470579147, -0.14029021561145782, -0.3960069417953491], [0.980194628238678, 0.19333884119987488, 0.021374957635998726, 0.03717203065752983], [0.03942176327109337, 0.5796042084693909, -0.07850160449743271, -0.810149610042572], [0.8507921695709229, -0.25389599800109863, -0.42715856432914734, -0.17095327377319336], [0.9962961077690125, 0.025056736543774605, 0.05759301781654358, -0.05873018503189087], [0.9433721899986267, -0.3114033043384552, -0.08571164309978485, 0.0756991058588028]], "joint_names": ["Hips", "LeftUpLeg", "LeftLeg", "LeftFoot", "LeftToe", "RightUpLeg", "RightLeg", "RightFoot", "RightToe", "Spine", "Spine1", "Spine2", "Neck", "Head", "LeftShoulder", "LeftArm", "LeftForeArm", "LeftHand", "RightShoulder", "RightArm", "RightForeArm", "RightHand"]}