{"root_pos": [-56.20956802368164, 84.6685562133789, 5.773486137390137], "local_quat": [[0.22031930088996887, 0.6940281987190247, 0.6560969948768616, 0.1982952058315277], [0.000714280002284795, 0.09582860767841339, -0.9949644207954407, -0.029362551867961884], [0.9696248769760132, -0.03305569291114807, 0.07277970016002655, -0.23116664588451385], [0.6583899855613708, -0.068417489528656, -0.04084766283631325, 0.7484471797943115], [0.9825242757797241, -4.897328381048283e-06, 2.6694819098338485e-05, 0.18613438308238983], [0.04636988416314125, 0.2980199456214905, 0.9534258842468262, -0.0036003990098834038], [0.9845210909843445, -0.04740823432803154, -0.007073639892041683, -0.16858400404453278], [0.8161728382110596, 0.050741761922836304, 0.12198299169540405, 0.5625009536743164], [0.9825242757797241, 5.030999545851955e-06, -2.650962233019527e-05, 0.18613439798355103], [0.9981200695037842, -0.004661473445594311, 0.0019395670387893915, 0.06108027324080467], [0.9993414878845215, -0.009144671261310577, 0.004279008135199547, 0.03485177457332611], [0.9994344115257263, -0.009158576838672161, 0.004247947596013546, 0.03207752853631973], [0.9961526393890381, 0.001733852899633348, 0.0706515684723854, -0.05181889608502388], [0.9965072274208069, 0.04511267691850662, -0.058459993451833725, 0.03899494186043739], [0.009548879228532314, -0.5990465879440308, 0.029521824792027473, -0.800112783908844], [0.8501336574554443, 0.3112802803516388, 0.3740348517894745, -0.2011847198009491], [0.9283795356750488, -0.033946290612220764, -0.12774622440338135, -0.34733256697654724], [0.9887107014656067, 0.1298592984676361, -0.039587829262018204, 0.063407301902771], [0.02001718245446682, 0.5766193866729736, -0.04116982966661453, -0.8157293796539307], [0.8456070423126221, -0.2182392030954361, -0.4785972833633423, -0.09091177582740784], [0.9981994032859802, -0.00020160217536613345, 0.017126668244600296, -0.05748537555336952], [0.926433801651001, -0.3265523314476013, -0.1548863798379898, 0.10532867908477783]], "joint_names": ["Hips", "LeftUpLeg", "LeftLeg", "LeftFoot", "LeftToe", "RightUpLeg", "RightLeg", "RightFoot", "RightToe", "Spine", "Spine1", "Spine2", "Neck", "Head", "LeftShoulder", "LeftArm", "LeftForeArm", "LeftHand", "RightShoulder", "RightArm", "RightForeArm", "RightHand"]}