{"root_pos": [65.80418395996094, 87.06124114990234, -68.4065933227539], "local_quat": [[-0.33228132128715515, 0.5894689559936523, 0.6223893761634827, -0.3933789134025574], [0.04246308282017708, -0.2081652581691742, -0.9769566059112549, -0.020489828661084175], [0.725220799446106, -0.002534630009904504, 0.07105714827775955, -0.6848351955413818], [0.8215057253837585, -0.03445819765329361, 0.008270706981420517, 0.5690979957580566], [0.9825242757797241, -4.9042778300645296e-06, 2.6684620024752803e-05, 0.18613436818122864], [-0.09474734961986542, 0.17691434919834137, 0.978806734085083, -0.04076314717531204], [0.9428718686103821, 0.016250882297754288, -0.03728294372558594, -0.33066368103027344], [0.7248497605323792, 0.01067165657877922, -0.0159893985837698, 0.6886386871337891], [0.9825242757797241, 5.036323727836134e-06, -2.6490850359550677e-05, 0.18613435328006744], [0.9977607131004333, -0.0004999627126380801, 0.01357579231262207, 0.06549051403999329], [0.9986760020256042, 0.00017693510744720697, 0.02716076374053955, 0.04368634521961212], [0.9987934231758118, 8.833477477310225e-05, 0.027160052210092545, 0.040913939476013184], [0.993316650390625, -0.03511884808540344, 0.10616317391395569, -0.028601983562111855], [0.998641848564148, 0.022142650559544563, -0.04662346839904785, -0.007097767200320959], [0.003637203248217702, -0.6031733155250549, 0.022610275074839592, -0.7972813248634338], [0.84317946434021, 0.30376720428466797, 0.39824897050857544, -0.19537568092346191], [0.9423308968544006, -0.02798411250114441, -0.1218624860048294, -0.31044942140579224], [0.9927414655685425, 0.10019520670175552, 0.003881259122863412, 0.06640952080488205], [0.015321634709835052, 0.5596786737442017, -0.03478347510099411, -0.8278376460075378], [0.8607397675514221, -0.26071032881736755, -0.3850227892398834, -0.20715831220149994], [0.9880762100219727, 0.003361449111253023, 0.04801592603325844, -0.14624829590320587], [0.9401030540466309, -0.3259144425392151, -0.034001585096120834, 0.09396737813949585]], "joint_names": ["Hips", "LeftUpLeg", "LeftLeg", "LeftFoot", "LeftToe", "RightUpLeg", "RightLeg", "RightFoot", "RightToe", "Spine", "Spine1", "Spine2", "Neck", "Head", "LeftShoulder", "LeftArm", "LeftForeArm", "LeftHand", "RightShoulder", "RightArm", "RightForeArm", "RightHand"]}