{"root_pos": [-304.6136474609375, 76.49935150146484, -9.5377197265625], "local_quat": [[-0.030354293063282967, -0.8181471824645996, -0.574163556098938, 0.007077659014612436], [0.03468478471040726, -0.2013970911502838, -0.9762474298477173, -0.07195276767015457], [0.6948177218437195, -0.007746207527816296, 0.06402938067913055, -0.7162880301475525], [0.8227809071540833, -0.08604477345943451, -0.06750619411468506, 0.5577371716499329], [0.9815909266471863, -0.00400426285341382, 1.542434620205313e-05, 0.19095325469970703], [-0.09778016060590744, 0.47363248467445374, 0.8703683614730835, -0.0925755724310875], [0.7943783402442932, 0.004325243644416332, -0.02911943942308426, -0.6067094206809998], [0.7420920133590698, -0.005467562470585108, -0.03123372606933117, 0.6695476174354553], [0.9828945994377136, -0.0015612031565979123, 0.005112966988235712, 0.18409161269664764], [0.9953159093856812, 0.0009394558146595955, 0.021473560482263565, 0.09425579756498337], [0.9946289658546448, 0.00497270654886961, 0.03776491805911064, 0.09624037146568298], [0.9950354695320129, 0.006497490219771862, 0.03328271210193634, 0.09356561303138733], [0.9586319923400879, -0.009873154573142529, 0.22803713381290436, -0.1700771600008011], [0.9792487621307373, 0.12307386845350266, -0.13669338822364807, -0.08508555591106415], [-0.00982190016657114, -0.66579270362854, 0.005076840985566378, -0.7460548281669617], [0.8656110763549805, 0.21911145746707916, 0.4495534598827362, 0.02468394860625267], [0.7221395373344421, 0.0008772362489253283, -0.031146569177508354, -0.6910454034805298], [0.9754824042320251, 0.16681066155433655, -0.14348506927490234, -0.004491996020078659], [0.011166117154061794, 0.6001411080360413, -0.032363809645175934, -0.7991611957550049], [0.928639829158783, -0.1419670432806015, -0.3426840603351593, -0.00641971779987216], [0.5557186603546143, -0.00954936072230339, 0.02028440311551094, -0.8310680985450745], [0.9398772716522217, -0.22898785769939423, 0.2533538341522217, 0.002653268398717046]], "joint_names": ["Hips", "LeftUpLeg", "LeftLeg", "LeftFoot", "LeftToe", "RightUpLeg", "RightLeg", "RightFoot", "RightToe", "Spine", "Spine1", "Spine2", "Neck", "Head", "LeftShoulder", "LeftArm", "LeftForeArm", "LeftHand", "RightShoulder", "RightArm", "RightForeArm", "RightHand"]}