{"root_pos": [-290.8052673339844, 77.65716552734375, -9.393728256225586], "local_quat": [[-0.02670164406299591, -0.8118634223937988, -0.5832363367080688, -0.0003156015300191939], [0.018691979348659515, -0.2943137288093567, -0.9526326656341553, -0.07430388033390045], [0.6992066502571106, -0.009178346954286098, 0.05999833345413208, -0.712338387966156], [0.7972897887229919, -0.08623092621564865, -0.07362153381109238, 0.5928516387939453], [0.9810826182365417, -0.006305274087935686, -7.787348295096308e-05, 0.1934867799282074], [-0.09506085515022278, 0.39819127321243286, 0.9083147048950195, -0.0858575850725174], [0.8005035519599915, 0.006853196304291487, -0.03005709871649742, -0.5985346436500549], [0.7632280588150024, 0.009485971182584763, -0.013422422111034393, 0.6459200978279114], [0.9830614328384399, -0.002233032137155533, 0.008036114275455475, 0.18308626115322113], [0.9948025941848755, 0.007001017220318317, 0.020911971107125282, 0.09940575063228607], [0.9941573143005371, 0.01737278886139393, 0.03414471447467804, 0.10091397911310196], [0.9946978688240051, 0.019993705675005913, 0.027114884927868843, 0.09716557711362839], [0.9606152176856995, -0.017229722812771797, 0.219593808054924, -0.16941116750240326], [0.9824836850166321, 0.11162211000919342, -0.1266939640045166, -0.0788346454501152], [-0.006614877842366695, -0.661448061466217, 0.006749545224010944, -0.7499314546585083], [0.8502982258796692, 0.25747784972190857, 0.4569999873638153, 0.0430019237101078], [0.7490531206130981, -0.0029848820995539427, -0.037620753049850464, -0.6614342927932739], [0.9799473285675049, 0.14852319657802582, -0.13279540836811066, 0.0030821911059319973], [0.007112307474017143, 0.6026996970176697, -0.02802962437272072, -0.7974439859390259], [0.9342848658561707, -0.12389806658029556, -0.3308517038822174, -0.0479397289454937], [0.5273803472518921, -0.010077106766402721, 0.014438072219491005, -0.8494467735290527], [0.9402061104774475, -0.23996679484844208, 0.24170711636543274, -0.0024822717532515526]], "joint_names": ["Hips", "LeftUpLeg", "LeftLeg", "LeftFoot", "LeftToe", "RightUpLeg", "RightLeg", "RightFoot", "RightToe", "Spine", "Spine1", "Spine2", "Neck", "Head", "LeftShoulder", "LeftArm", "LeftForeArm", "LeftHand", "RightShoulder", "RightArm", "RightForeArm", "RightHand"]}