{"root_pos": [-263.0072937011719, 80.35614776611328, -8.359315872192383], "local_quat": [[-0.02237914875149727, -0.7972313165664673, -0.6029731035232544, -0.01857326366007328], [-0.00566788949072361, -0.4287784695625305, -0.9006127119064331, -0.07080690562725067], [0.7449803352355957, -0.01884474791586399, 0.05338417738676071, -0.6646798253059387], [0.7552656531333923, -0.0807570219039917, -0.06700027734041214, 0.646964430809021], [0.9800523519515991, -0.010882479138672352, -0.00022867688676342368, 0.19844122231006622], [-0.07824136316776276, 0.20935584604740143, 0.972806990146637, -0.06078707054257393], [0.8233770132064819, 0.012228328734636307, -0.027334770187735558, -0.5667040944099426], [0.7925054430961609, 0.04858876392245293, 0.03900236263871193, 0.6066737771034241], [0.9833189845085144, -0.0033466177992522717, 0.014058934524655342, 0.1813143491744995], [0.9942212700843811, 0.019090469926595688, 0.0149028729647398, 0.10458258539438248], [0.99360591173172, 0.040824729949235916, 0.018474886193871498, 0.10363014787435532], [0.9941024780273438, 0.04496993497014046, 0.007492333650588989, 0.09839615225791931], [0.9665183424949646, -0.03650084510445595, 0.20090971887111664, -0.15538756549358368], [0.989934504032135, 0.0816752016544342, -0.0979403704404831, -0.06137246638536453], [0.0003970497637055814, -0.6538535356521606, 0.011823458597064018, -0.7565286755561829], [0.816633939743042, 0.3267090618610382, 0.46992576122283936, 0.07443099468946457], [0.7888849973678589, -0.010760988108813763, -0.04902543127536774, -0.6124877333641052], [0.9847794771194458, 0.11533547192811966, -0.12970489263534546, 0.009152781218290329], [0.003800037084147334, 0.6054692268371582, -0.024209585040807724, -0.7954912781715393], [0.9335682988166809, -0.11030123382806778, -0.3208715617656708, -0.115434929728508], [0.4873049855232239, -0.011121213436126709, 0.004248724319040775, -0.8731507658958435], [0.9381247162818909, -0.2598494291305542, 0.228602334856987, -0.011888289824128151]], "joint_names": ["Hips", "LeftUpLeg", "LeftLeg", "LeftFoot", "LeftToe", "RightUpLeg", "RightLeg", "RightFoot", "RightToe", "Spine", "Spine1", "Spine2", "Neck", "Head", "LeftShoulder", "LeftArm", "LeftForeArm", "LeftHand", "RightShoulder", "RightArm", "RightForeArm", "RightHand"]}