{"root_pos": [-235.7410430908203, 81.13780212402344, -7.5845794677734375], "local_quat": [[-0.012805593200027943, -0.7856264710426331, -0.6178833842277527, -0.02910718321800232], [-0.024920137599110603, -0.4773993492126465, -0.8766183853149414, -0.05485421419143677], [0.8541094660758972, -0.02422243170440197, 0.023921167477965355, -0.5189778804779053], [0.736988365650177, -0.054071687161922455, -0.04574904590845108, 0.6721839904785156], [0.9790580868721008, -0.015186852775514126, -0.00035155279329046607, 0.20301389694213867], [-0.05277984216809273, 0.03685279190540314, 0.9977476596832275, -0.018862467259168625], [0.7872411012649536, 0.020069193094968796, -0.03672662749886513, -0.6152233481407166], [0.7898457050323486, 0.06712580472230911, 0.051088251173496246, 0.6074767112731934], [0.9834763407707214, -0.004334243014454842, 0.019890790805220604, 0.17988862097263336], [0.9945803880691528, 0.02644004486501217, 0.005739783402532339, 0.10038884729146957], [0.9939554333686829, 0.053485553711652756, -0.0005587301566265523, 0.09587208926677704], [0.99408358335495, 0.05726340040564537, -0.014792080968618393, 0.09110410511493683], [0.9737644791603088, -0.05558082461357117, 0.18162114918231964, -0.12532876431941986], [0.9955650568008423, 0.050317347049713135, -0.06325609236955643, -0.04813642054796219], [0.008634856902062893, -0.6477687954902649, 0.019150318577885628, -0.7615472674369812], [0.8068671822547913, 0.3439531922340393, 0.4709550142288208, 0.09414367377758026], [0.8049615025520325, -0.015845345333218575, -0.0567634291946888, -0.5903928279876709], [0.9875043630599976, 0.09057478606700897, -0.12860529124736786, 0.009592524729669094], [0.00897480733692646, 0.6036795973777771, -0.0294807106256485, -0.7966312766075134], [0.9205002784729004, -0.12269984930753708, -0.33713945746421814, -0.15479367971420288], [0.4812963306903839, -0.011579017154872417, -0.00041025568498298526, -0.8764814734458923], [0.9378273487091064, -0.2736303210258484, 0.21324153244495392, -0.011592075228691101]], "joint_names": ["Hips", "LeftUpLeg", "LeftLeg", "LeftFoot", "LeftToe", "RightUpLeg", "RightLeg", "RightFoot", "RightToe", "Spine", "Spine1", "Spine2", "Neck", "Head", "LeftShoulder", "LeftArm", "LeftForeArm", "LeftHand", "RightShoulder", "RightArm", "RightForeArm", "RightHand"]}