{"root_pos": [-221.9375, 80.3380355834961, -7.534092426300049], "local_quat": [[-0.006756261456757784, -0.7801256775856018, -0.6247730851173401, -0.031888529658317566], [-0.03567613661289215, -0.4733597934246063, -0.879225492477417, -0.040252748876810074], [0.8980976343154907, -0.02251989021897316, 0.002433745888993144, -0.4392125606536865], [0.7418012619018555, -0.03431518375873566, -0.0330650620162487, 0.6689245700836182], [0.9785330295562744, -0.017269527539610863, -0.0004449259431567043, 0.20536498725414276], [-0.037633296102285385, 0.0035331950057297945, 0.9992173314094543, -0.01165916956961155], [0.7384659647941589, 0.022412080317735672, -0.0449427105486393, -0.672417938709259], [0.7738614678382874, 0.06572653353214264, 0.040695033967494965, 0.6286192536354065], [0.9835349917411804, -0.004880918655544519, 0.02272931858897209, 0.17921613156795502], [0.9950738549232483, 0.025902200490236282, 0.0022975692991167307, 0.0956651121377945], [0.9946260452270508, 0.05170706659555435, -0.006431372836232185, 0.08946602791547775], [0.9945714473724365, 0.05483651161193848, -0.02166641503572464, 0.08573944121599197], [0.9763709902763367, -0.05947304144501686, 0.17668040096759796, -0.1093006506562233], [0.9966487288475037, 0.04250704497098923, -0.053674276918172836, -0.044759351760149], [0.012029429897665977, -0.6447094678878784, 0.021886145696043968, -0.7640196084976196], [0.8099321126937866, 0.3324967622756958, 0.47454750537872314, 0.09088783711194992], [0.8090274333953857, -0.017696386203169823, -0.0595005638897419, -0.5844836831092834], [0.9880070686340332, 0.08414489030838013, -0.1291675865650177, 0.008795288391411304], [0.015316558070480824, 0.5997581481933594, -0.036129698157310486, -0.7992185354232788], [0.9125783443450928, -0.1367826610803604, -0.3519003987312317, -0.15702684223651886], [0.4938628673553467, -0.010128391906619072, 0.0012962145265191793, -0.8694798946380615], [0.9375872611999512, -0.2795904874801636, 0.20666128396987915, -0.007094407919794321]], "joint_names": ["Hips", "LeftUpLeg", "LeftLeg", "LeftFoot", "LeftToe", "RightUpLeg", "RightLeg", "RightFoot", "RightToe", "Spine", "Spine1", "Spine2", "Neck", "Head", "LeftShoulder", "LeftArm", "LeftForeArm", "LeftHand", "RightShoulder", "RightArm", "RightForeArm", "RightHand"]}