{"root_pos": [-277.6494445800781, 79.05408477783203, -9.194663047790527], "local_quat": [[-0.02564224600791931, -0.8047286868095398, -0.5930062532424927, -0.009883362799882889], [0.0056533003225922585, -0.37430107593536377, -0.924552857875824, -0.07119524478912354], [0.7120875716209412, -0.014030611142516136, 0.05783149600028992, -0.6995640993118286], [0.7737928032875061, -0.08390296995639801, -0.07014001160860062, 0.6239273548126221], [0.9805892109870911, -0.008578098379075527, -0.00017498506349511445, 0.19588550925254822], [-0.08849851787090302, 0.30840829014778137, 0.9441435933113098, -0.07513467967510223], [0.8145307898521423, 0.009379132650792599, -0.02863353304564953, -0.5793373584747314], [0.7837686538696289, 0.028941456228494644, 0.012561487965285778, 0.6202510595321655], [0.9832025170326233, -0.0027832570485770702, 0.010948827490210533, 0.18216826021671295], [0.9944350719451904, 0.012710855342447758, 0.018617739900946617, 0.10291101783514023], [0.9938446283340454, 0.028765810653567314, 0.02742176316678524, 0.1034083366394043], [0.9944236278533936, 0.03233234956860542, 0.018313484266400337, 0.09869521111249924], [0.9631342887878418, -0.02677471749484539, 0.2112393081188202, -0.16441863775253296], [0.9861384034156799, 0.09735790640115738, -0.1140018105506897, -0.07110527157783508], [-0.0036892693024128675, -0.6575344800949097, 0.008524768985807896, -0.7533672451972961], [0.8322529196739197, 0.2956743836402893, 0.4651166796684265, 0.05998520180583], [0.7726115584373474, -0.006982927210628986, -0.043838419020175934, -0.6333250999450684], [0.9830639362335205, 0.13043110072612762, -0.1284889280796051, 0.007975316606462002], [0.005188680719584227, 0.6039761900901794, -0.02606891840696335, -0.7965589165687561], [0.935719907283783, -0.11309847235679626, -0.3234292268753052, -0.08384735882282257], [0.5052247047424316, -0.010448398999869823, 0.00944300927221775, -0.8628729581832886], [0.9394652843475342, -0.2494981586933136, 0.23474277555942535, -0.0071777282282710075]], "joint_names": ["Hips", "LeftUpLeg", "LeftLeg", "LeftFoot", "LeftToe", "RightUpLeg", "RightLeg", "RightFoot", "RightToe", "Spine", "Spine1", "Spine2", "Neck", "Head", "LeftShoulder", "LeftArm", "LeftForeArm", "LeftHand", "RightShoulder", "RightArm", "RightForeArm", "RightHand"]}