{"root_pos": [-249.39805603027344, 81.050048828125, -7.918925762176514], "local_quat": [[-0.020454315468668938, -0.7910025119781494, -0.610870897769928, -0.027081862092018127], [-0.01533170510083437, -0.4580043852329254, -0.8864831924438477, -0.06437642127275467], [0.7966460585594177, -0.024695252999663353, 0.04403100907802582, -0.6023340821266174], [0.7415780425071716, -0.07215359807014465, -0.05669870227575302, 0.6645607948303223], [0.9795535206794739, -0.013072147034108639, -0.00031647775904275477, 0.20075832307338715], [-0.06502780318260193, 0.11269547045230865, 0.9907360076904297, -0.03890188783407211], [0.8127347826957703, 0.015243376605212688, -0.02953832782804966, -0.5816848874092102], [0.7979952096939087, 0.06245751306414604, 0.05461646243929863, 0.5969251990318298], [0.9834101796150208, -0.0038100741803646088, 0.017021052539348602, 0.18055516481399536], [0.9942604303359985, 0.023814955726265907, 0.010114113800227642, 0.10381139814853668], [0.9936026334762573, 0.04928245767951012, 0.007997963577508926, 0.10129717737436295], [0.9939411878585815, 0.053423456847667694, -0.004659016150981188, 0.09594454616308212], [0.9703295826911926, -0.04717974737286568, 0.19051620364189148, -0.14120253920555115], [0.9932801127433777, 0.06454745680093765, -0.0793101117014885, -0.054204829037189484], [0.00438297912478447, -0.6511921882629395, 0.015308719128370285, -0.7587457895278931], [0.808509349822998, 0.34264761209487915, 0.47050175070762634, 0.08679479360580444], [0.7992656230926514, -0.013621573336422443, -0.053387824445962906, -0.5984468460083008], [0.9862266778945923, 0.10019706934690475, -0.13123328983783722, 0.009753762744367123], [0.004863418638706207, 0.6060102581977844, -0.025180306285619736, -0.7950432896614075], [0.9288418889045715, -0.1125885471701622, -0.32416975498199463, -0.13960881531238556], [0.4786471128463745, -0.011601289734244347, 0.0009651186410337687, -0.8779301047325134], [0.9375554323196411, -0.2677556574344635, 0.221612811088562, -0.013581328094005585]], "joint_names": ["Hips", "LeftUpLeg", "LeftLeg", "LeftFoot", "LeftToe", "RightUpLeg", "RightLeg", "RightFoot", "RightToe", "Spine", "Spine1", "Spine2", "Neck", "Head", "LeftShoulder", "LeftArm", "LeftForeArm", "LeftHand", "RightShoulder", "RightArm", "RightForeArm", "RightHand"]}