{"root_pos": [-316.0853271484375, 76.03199005126953, -9.544443130493164], "local_quat": [[-0.03239091858267784, -0.8221878409385681, -0.5681859850883484, 0.01107330247759819], [0.042445696890354156, -0.11700506508350372, -0.9899387955665588, -0.06729992479085922], [0.6989070773124695, -0.006517984438687563, 0.06594814360141754, -0.7121356725692749], [0.8428718447685242, -0.08920108526945114, -0.0695451945066452, 0.5260928273200989], [0.982024073600769, -0.002131904009729624, 7.892225403338671e-05, 0.1887439489364624], [-0.10103445500135422, 0.529472291469574, 0.836884617805481, -0.09526427090167999], [0.804244875907898, 0.0026187067851424217, -0.02585514821112156, -0.593729555606842], [0.7178792953491211, -0.015944894403219223, -0.04158586636185646, 0.694741427898407], [0.9827221035957336, -0.0009710263111628592, 0.0027180819306522608, 0.18506474792957306], [0.9956148862838745, -0.004869565367698669, 0.021231211721897125, 0.09097597002983093], [0.9948018193244934, -0.007247856818139553, 0.04050296172499657, 0.09314727038145065], [0.9950882792472839, -0.006680007558315992, 0.03842317312955856, 0.090985007584095], [0.9564806222915649, -0.0038157969247549772, 0.2365770787000656, -0.17076744139194489], [0.9763838648796082, 0.1327228844165802, -0.14550161361694336, -0.0888165757060051], [-0.014147327281534672, -0.67167729139328, 0.0020329547114670277, -0.7407059073448181], [0.883235514163971, 0.18000179529190063, 0.4329606592655182, 0.0062908874824643135], [0.6989001631736755, 0.00404391111806035, -0.026119830086827278, -0.7147306799888611], [0.9714958071708679, 0.17878298461437225, -0.1552712470293045, -0.01111182663589716], [0.015347607433795929, 0.5975192785263062, -0.03653387725353241, -0.8008747696876526], [0.9232293963432312, -0.15535283088684082, -0.3502156436443329, 0.029360810294747353], [0.5779865384101868, -0.009055289439857006, 0.025133565068244934, -0.8156089186668396], [0.9390867352485657, -0.21988077461719513, 0.2640736699104309, 0.005801574792712927]], "joint_names": ["Hips", "LeftUpLeg", "LeftLeg", "LeftFoot", "LeftToe", "RightUpLeg", "RightLeg", "RightFoot", "RightToe", "Spine", "Spine1", "Spine2", "Neck", "Head", "LeftShoulder", "LeftArm", "LeftForeArm", "LeftHand", "RightShoulder", "RightArm", "RightForeArm", "RightHand"]}