{"root_pos": [-208.08212280273438, 78.58024597167969, -7.641010761260986], "local_quat": [[-0.0031698187813162804, -0.7725522518157959, -0.6339724659919739, -0.0350981168448925], [-0.041175227612257004, -0.4536231756210327, -0.8896240592002869, -0.033159930258989334], [0.9197439551353455, -0.018000420182943344, -0.015374630689620972, -0.39180439710617065], [0.7479779720306396, -0.013266682624816895, -0.018164033070206642, 0.6633424162864685], [0.9780083298683167, -0.019221782684326172, -0.0006172919529490173, 0.20767731964588165], [-0.021953025832772255, -0.005215131677687168, 0.9996540546417236, -0.013515899889171124], [0.6625507473945618, 0.026542503386735916, -0.057872429490089417, -0.7463060617446899], [0.7548237442970276, 0.06566029787063599, 0.026233889162540436, 0.652105450630188], [0.9835973381996155, -0.005461463704705238, 0.025511348620057106, 0.17848141491413116], [0.9954745173454285, 0.023445870727300644, -0.0006394376396201551, 0.09208889305591583], [0.9951956868171692, 0.04633470997214317, -0.011202352121472359, 0.08551731705665588], [0.9949814677238464, 0.048778731375932693, -0.026690244674682617, 0.08318768441677094], [0.9786803722381592, -0.05787666514515877, 0.17422594130039215, -0.09208842366933823], [0.9969689249992371, 0.04126233980059624, -0.04804707318544388, -0.045186832547187805], [0.014524639584124088, -0.6409333944320679, 0.023743197321891785, -0.767091691493988], [0.8224313855171204, 0.30240678787231445, 0.47639909386634827, 0.07211515307426453], [0.8063114285469055, -0.019538411870598793, -0.061614055186510086, -0.587948739528656], [0.9868678450584412, 0.08180283010005951, -0.13920441269874573, 0.004724601283669472], [0.022439319640398026, 0.5928748250007629, -0.042663175612688065, -0.803850531578064], [0.9012928605079651, -0.1710541993379593, -0.3728145360946655, -0.13935895264148712], [0.5287908315658569, -0.007854193449020386, 0.005926520563662052, -0.8486950993537903], [0.9381941556930542, -0.28364837169647217, 0.19832083582878113, 0.0020573523361235857]], "joint_names": ["Hips", "LeftUpLeg", "LeftLeg", "LeftFoot", "LeftToe", "RightUpLeg", "RightLeg", "RightFoot", "RightToe", "Spine", "Spine1", "Spine2", "Neck", "Head", "LeftShoulder", "LeftArm", "LeftForeArm", "LeftHand", "RightShoulder", "RightArm", "RightForeArm", "RightHand"]}