{"root_pos": [-193.70713806152344, 76.74007415771484, -7.40479040145874], "local_quat": [[0.0035637924447655678, -0.7630723714828491, -0.6452255249023438, -0.037307415157556534], [-0.04552975669503212, -0.4365544617176056, -0.8978639841079712, -0.03446191921830177], [0.9048380255699158, -0.011462041176855564, -0.022063640877604485, -0.4250291883945465], [0.7461892366409302, 0.0058540962636470795, -0.0010605663992464542, 0.6657073497772217], [0.9774765372276306, -0.021239282563328743, -0.0006938061560504138, 0.20997139811515808], [-0.009717157110571861, 0.018660709261894226, 0.9995712041854858, -0.0203651525080204], [0.5819221138954163, 0.03156961500644684, -0.07067041844129562, -0.8095528483390808], [0.7426210641860962, 0.06633839756250381, 0.011269097216427326, 0.6663230061531067], [0.9836618900299072, -0.006342429202049971, 0.028237348422408104, 0.17768429219722748], [0.9958742260932922, 0.018024908378720284, -0.003005353035405278, 0.08888563513755798], [0.9958004355430603, 0.03589973226189613, -0.015303465537726879, 0.08281657844781876], [0.995398223400116, 0.038276124745607376, -0.03075256757438183, 0.08228940516710281], [0.9799737334251404, -0.05138269439339638, 0.17665153741836548, -0.07619471102952957], [0.9965154528617859, 0.04734226316213608, -0.04930771142244339, -0.047796256840229034], [0.015476701781153679, -0.6357638239860535, 0.02395719103515148, -0.7713565230369568], [0.8343161940574646, 0.2637663781642914, 0.4816262423992157, 0.04878406599164009], [0.8048415780067444, -0.02066001482307911, -0.06320264935493469, -0.5897529721260071], [0.9850870370864868, 0.07977131009101868, -0.15244565904140472, 0.0006011713994666934], [0.030265534296631813, 0.583993136882782, -0.049728479236364365, -0.8096685409545898], [0.8927021026611328, -0.2067907303571701, -0.38467079401016235, -0.1111261323094368], [0.5793178677558899, -0.0038123626727610826, 0.014146402478218079, -0.8149700164794922], [0.9390235543251038, -0.2847111225128174, 0.19225844740867615, 0.014528694562613964]], "joint_names": ["Hips", "LeftUpLeg", "LeftLeg", "LeftFoot", "LeftToe", "RightUpLeg", "RightLeg", "RightFoot", "RightToe", "Spine", "Spine1", "Spine2", "Neck", "Head", "LeftShoulder", "LeftArm", "LeftForeArm", "LeftHand", "RightShoulder", "RightArm", "RightForeArm", "RightHand"]}