{"root_pos": [-91.96485900878906, 84.15821838378906, -6.0101118087768555], "local_quat": [[0.03776846453547478, -0.7196992039680481, -0.6931604146957397, -0.011625333689153194], [-0.03613150864839554, 0.12940900027751923, -0.9901484251022339, -0.03941896930336952], [0.9020345211029053, -0.02627703920006752, -0.013299370184540749, -0.43065789341926575], [0.8115604519844055, -0.021608082577586174, -0.0250567514449358, 0.5833308696746826], [0.9734405875205994, -0.03620346635580063, -0.00209162849932909, 0.2260492891073227], [-0.01966085471212864, 0.48839712142944336, 0.8722097277641296, -0.018216866999864578], [0.7937573790550232, 0.0838169977068901, -0.0709640234708786, -0.5982374548912048], [0.7595605254173279, 0.06044766306877136, -0.036354634910821915, 0.6466004848480225], [0.9837906956672668, -0.010535313747823238, 0.04604620113968849, 0.17298755049705505], [0.9968386888504028, -0.03087003156542778, 0.004858862608671188, 0.07304847240447998], [0.9965160489082336, -0.05874444916844368, 0.017302094027400017, 0.05661865696310997], [0.9963350892066956, -0.058434873819351196, 0.0011384965619072318, 0.06245320662856102], [0.9717652201652527, -0.004537560977041721, 0.23467552661895752, -0.024065956473350525], [0.9879777431488037, 0.10981817543506622, -0.1075967326760292, -0.016214648261666298], [0.011814262717962265, -0.6460375785827637, 0.006835851818323135, -0.76318359375], [0.8763976097106934, 0.10628802329301834, 0.4575594961643219, -0.10615729540586472], [0.6530023217201233, -0.017288822680711746, -0.03408866748213768, -0.7563908100128174], [0.9798776507377625, 0.14004050195217133, -0.1368001103401184, -0.03891155123710632], [0.06819523870944977, 0.5671781897544861, -0.08213237673044205, -0.8166471123695374], [0.8254614472389221, -0.41650107502937317, -0.3589380979537964, 0.12768639624118805], [0.7466509938240051, 0.02110064961016178, 0.05282895639538765, -0.6627790927886963], [0.9489203691482544, -0.27431201934814453, 0.14593780040740967, 0.05482136830687523]], "joint_names": ["Hips", "LeftUpLeg", "LeftLeg", "LeftFoot", "LeftToe", "RightUpLeg", "RightLeg", "RightFoot", "RightToe", "Spine", "Spine1", "Spine2", "Neck", "Head", "LeftShoulder", "LeftArm", "LeftForeArm", "LeftHand", "RightShoulder", "RightArm", "RightForeArm", "RightHand"]}