{"root_pos": [-164.83773803710938, 74.93714904785156, -7.5012054443359375], "local_quat": [[0.01684151217341423, -0.7404876947402954, -0.6709377765655518, -0.03516937419772148], [-0.06170972064137459, -0.30283793807029724, -0.9499662518501282, -0.04522402212023735], [0.8411198854446411, -0.0040007587522268295, -0.015086546540260315, -0.5406234860420227], [0.7066386938095093, 0.024875357747077942, 0.02326565980911255, 0.7067543268203735], [0.9764735698699951, -0.024673664942383766, -0.0007342694443650544, 0.21421977877616882], [-0.004738302901387215, 0.17254991829395294, 0.9849523305892944, -0.008539734408259392], [0.4481200575828552, 0.03682197630405426, -0.08395957946777344, -0.889259934425354], [0.7161490321159363, 0.06006276234984398, -0.017875153571367264, 0.6951283812522888], [0.9837577939033508, -0.008199363015592098, 0.0328047052025795, 0.17628729343414307], [0.9961828589439392, 0.003731753909960389, -0.003217260353267193, 0.08715174347162247], [0.996411919593811, 0.00766848586499691, -0.01059029996395111, 0.0836196094751358], [0.9959275722503662, 0.009811981581151485, -0.026925882324576378, 0.0854814350605011], [0.9787834882736206, -0.035112638026475906, 0.19080811738967896, -0.06589585542678833], [0.9948219656944275, 0.06516772508621216, -0.059103913605213165, -0.050882935523986816], [0.013725506141781807, -0.6297948956489563, 0.020152579993009567, -0.7763787508010864], [0.8589804768562317, 0.162867933511734, 0.48413610458374023, -0.03519737720489502], [0.7897165417671204, -0.023242326453328133, -0.0641569048166275, -0.6096649765968323], [0.9798132181167603, 0.09054367989301682, -0.17792631685733795, -0.010488487780094147], [0.04204506427049637, 0.5672969818115234, -0.05927257612347603, -0.8203006982803345], [0.8766666054725647, -0.2863451838493347, -0.3821524977684021, -0.058494932949543], [0.7030245661735535, 0.009523405693471432, 0.03938761353492737, -0.7100101113319397], [0.940044105052948, -0.285425066947937, 0.18198473751544952, 0.041607070714235306]], "joint_names": ["Hips", "LeftUpLeg", "LeftLeg", "LeftFoot", "LeftToe", "RightUpLeg", "RightLeg", "RightFoot", "RightToe", "Spine", "Spine1", "Spine2", "Neck", "Head", "LeftShoulder", "LeftArm", "LeftForeArm", "LeftHand", "RightShoulder", "RightArm", "RightForeArm", "RightHand"]}