{"root_pos": [-60.369972229003906, 84.02734375, -5.981969833374023], "local_quat": [[0.01818978786468506, -0.7087298035621643, -0.705105185508728, -0.014065138064324856], [-0.003194716526195407, 0.20870710909366608, -0.9770582318305969, -0.042289525270462036], [0.8558621406555176, -0.03333739563822746, 0.0012510820524767041, -0.5161270499229431], [0.8347635865211487, -0.03369283676147461, -0.02779652550816536, 0.5488733053207397], [0.9718465209007263, -0.04178886115550995, -0.0025779148563742638, 0.23186515271663666], [-0.025098532438278198, 0.4572642147541046, 0.8884904980659485, -0.029395265504717827], [0.9191116094589233, 0.08924756199121475, -0.03927290812134743, -0.38174116611480713], [0.7896171808242798, 0.06351356953382492, -0.013516290113329887, 0.6101540923118591], [0.9837713837623596, -0.01198785100132227, 0.05296081304550171, 0.17101243138313293], [0.9968718886375427, -0.0359831228852272, 0.012165400199592113, 0.06930836290121078], [0.9962296485900879, -0.06539227068424225, 0.02834828570485115, 0.04946377873420715], [0.9961869716644287, -0.06491036713123322, 0.011396423913538456, 0.05716918781399727], [0.9719038605690002, -0.0041224174201488495, 0.23532986640930176, -0.0024026117753237486], [0.9870778322219849, 0.11198034137487411, -0.1143195703625679, -0.008298544213175774], [0.017196591943502426, -0.6503286957740784, 0.0074668945744633675, -0.7594214677810669], [0.8740717768669128, 0.13178348541259766, 0.4595557451248169, -0.08625614643096924], [0.6315019130706787, -0.018200239166617393, -0.028670158237218857, -0.7746302485466003], [0.9816811680793762, 0.14635123312473297, -0.11473698914051056, -0.041458357125520706], [0.06960988789796829, 0.5694596767425537, -0.08329129964113235, -0.8148206472396851], [0.8273971676826477, -0.4129485487937927, -0.3447147011756897, 0.16142863035202026], [0.7159510850906372, 0.021539553999900818, 0.04782703146338463, -0.6961771249771118], [0.9491889476776123, -0.27998775243759155, 0.13600006699562073, 0.046381812542676926]], "joint_names": ["Hips", "LeftUpLeg", "LeftLeg", "LeftFoot", "LeftToe", "RightUpLeg", "RightLeg", "RightFoot", "RightToe", "Spine", "Spine1", "Spine2", "Neck", "Head", "LeftShoulder", "LeftArm", "LeftForeArm", "LeftHand", "RightShoulder", "RightArm", "RightForeArm", "RightHand"]}