{"root_pos": [-136.62286376953125, 77.8936996459961, -6.965829372406006], "local_quat": [[0.029026586562395096, -0.7225850820541382, -0.6902045607566833, -0.025415420532226562], [-0.050095610320568085, -0.10317777097225189, -0.9924179315567017, -0.044175948947668076], [0.8517931699752808, -0.006401760037988424, -0.018823834136128426, -0.5235006213188171], [0.7207421064376831, 0.02800309844315052, 0.02429027669131756, 0.692211389541626], [0.9754157662391663, -0.0285919401794672, -0.0013375033158808947, 0.21850578486919403], [-0.007198173552751541, 0.3558468520641327, 0.9345147609710693, 0.0018347186269238591], [0.5012246966362, 0.05580177158117294, -0.0935768187046051, -0.8584306836128235], [0.7269431352615356, 0.06250030547380447, -0.038173846900463104, 0.6827812194824219], [0.9837756156921387, -0.009038636460900307, 0.03750058263540268, 0.17520737648010254], [0.9964805841445923, -0.01196819357573986, -0.0031444209162145853, 0.0829060971736908], [0.9967796206474304, -0.023487744852900505, -0.0029812795110046864, 0.07661490887403488], [0.9963675737380981, -0.022037886083126068, -0.019253110513091087, 0.07997050136327744], [0.9762281775474548, -0.020006276667118073, 0.2089787721633911, -0.05390898138284683], [0.9925780892372131, 0.0848965123295784, -0.07533955574035645, -0.04364936798810959], [0.010747763328254223, -0.6317569017410278, 0.013168572448194027, -0.7749802470207214], [0.8654515147209167, 0.11373540759086609, 0.4780203104019165, -0.09774675220251083], [0.7455017566680908, -0.021216899156570435, -0.05427006632089615, -0.6639516353607178], [0.9781668186187744, 0.11099697649478912, -0.1741533875465393, -0.023235127329826355], [0.053993407636880875, 0.5613074898719788, -0.06934229284524918, -0.8229277729988098], [0.8540612459182739, -0.36199870705604553, -0.3729086220264435, 0.0218060202896595], [0.7543466687202454, 0.018726453185081482, 0.05297987535595894, -0.6540669202804565], [0.9420673251152039, -0.28311628103256226, 0.1715688407421112, 0.05402189865708351]], "joint_names": ["Hips", "LeftUpLeg", "LeftLeg", "LeftFoot", "LeftToe", "RightUpLeg", "RightLeg", "RightFoot", "RightToe", "Spine", "Spine1", "Spine2", "Neck", "Head", "LeftShoulder", "LeftArm", "LeftForeArm", "LeftHand", "RightShoulder", "RightArm", "RightForeArm", "RightHand"]}