{"root_pos": [-46.30531311035156, 83.24214935302734, -4.8428053855896], "local_quat": [[0.003047798527404666, -0.7048075199127197, -0.7091619372367859, -0.018064653500914574], [0.013622730039060116, 0.17990390956401825, -0.9825125932693481, -0.04602300375699997], [0.7863878607749939, -0.02890847437083721, 0.009196555241942406, -0.6169877052307129], [0.8375017642974854, -0.03040524385869503, -0.022861581295728683, 0.5451088547706604], [0.9710755944252014, -0.0441083088517189, -0.0026907112915068865, 0.23464766144752502], [-0.031172826886177063, 0.42963364720344543, 0.9019025564193726, -0.031859178096055984], [0.9305975437164307, 0.08768808096647263, -0.02816755883395672, -0.35426780581474304], [0.7844165563583374, 0.057520318776369095, -0.01090193260461092, 0.6174651384353638], [0.9837716221809387, -0.01285448670387268, 0.05609295889735222, 0.1699463576078415], [0.9968199729919434, -0.03509770706295967, 0.016088582575321198, 0.06970815360546112], [0.9961993098258972, -0.06237366795539856, 0.033781748265028, 0.050548721104860306], [0.9962379932403564, -0.06094934791326523, 0.01600506901741028, 0.05948779731988907], [0.9731273651123047, -0.006772677879780531, 0.23005948960781097, 0.00707006873562932], [0.9874482154846191, 0.10888068377971649, -0.11390576511621475, -0.010793618857860565], [0.021268466487526894, -0.6482846736907959, 0.010080206207931042, -0.7610341310501099], [0.8726187348365784, 0.1451663076877594, 0.4596967101097107, -0.07837201654911041], [0.6465649008750916, -0.02037399634718895, -0.031137913465499878, -0.7619508504867554], [0.9831610918045044, 0.14659984409809113, -0.10260481387376785, -0.03708052635192871], [0.0671493411064148, 0.567946195602417, -0.08044745773077011, -0.8163676857948303], [0.835965633392334, -0.40429431200027466, -0.3373923599720001, 0.15451228618621826], [0.7129338383674622, 0.023276375606656075, 0.04790026322007179, -0.6992061138153076], [0.9475330710411072, -0.2857395112514496, 0.13668902218341827, 0.04301286116242409]], "joint_names": ["Hips", "LeftUpLeg", "LeftLeg", "LeftFoot", "LeftToe", "RightUpLeg", "RightLeg", "RightFoot", "RightToe", "Spine", "Spine1", "Spine2", "Neck", "Head", "LeftShoulder", "LeftArm", "LeftForeArm", "LeftHand", "RightShoulder", "RightArm", "RightForeArm", "RightHand"]}