{"root_pos": [-150.9125213623047, 75.98306274414062, -6.841210842132568], "local_quat": [[0.021183254197239876, -0.7298009395599365, -0.6827126145362854, -0.029074611142277718], [-0.05988071858882904, -0.20702846348285675, -0.9752001762390137, -0.05038035288453102], [0.83209627866745, -0.004746992606669664, -0.0126598309725523, -0.5544663667678833], [0.7023895382881165, 0.025076767429709435, 0.02418344095349312, 0.7109397053718567], [0.9759864807128906, -0.02640060894191265, -0.0010578763904049993, 0.21622268855571747], [-0.005073558539152145, 0.26478689908981323, 0.9642890095710754, -0.002991889836266637], [0.44967472553253174, 0.04403321444988251, -0.0885922983288765, -0.8876965045928955], [0.7172576785087585, 0.059053003787994385, -0.03049302101135254, 0.6936313509941101], [0.9837721586227417, -0.008681651204824448, 0.03496691212058067, 0.17576800286769867], [0.9962825775146484, -0.004057011101394892, -0.0029518199153244495, 0.08599920570850372], [0.9965906143188477, -0.007657269947230816, -0.006463223602622747, 0.0818944200873375], [0.996137261390686, -0.005629110150039196, -0.022883545607328415, 0.08458942919969559], [0.9777964353561401, -0.027259431779384613, 0.198480024933815, -0.061455804854631424], [0.9938339591026306, 0.07474721223115921, -0.06590232253074646, -0.04862036556005478], [0.012351460754871368, -0.6299455761909485, 0.017026688903570175, -0.7763543128967285], [0.8624029755592346, 0.1305122971534729, 0.4835011661052704, -0.07385341823101044], [0.7726700305938721, -0.022768782451748848, -0.06064930558204651, -0.6314937472343445], [0.9784365892410278, 0.10065804421901703, -0.17963027954101562, -0.016207752749323845], [0.04719977080821991, 0.5628728270530701, -0.06299696117639542, -0.8227866888046265], [0.8671706914901733, -0.3274939954280853, -0.3744582533836365, -0.02331976592540741], [0.7391472458839417, 0.015390947461128235, 0.04864960536360741, -0.6716083288192749], [0.9405625462532043, -0.28572654724121094, 0.17677612602710724, 0.04952432960271835]], "joint_names": ["Hips", "LeftUpLeg", "LeftLeg", "LeftFoot", "LeftToe", "RightUpLeg", "RightLeg", "RightFoot", "RightToe", "Spine", "Spine1", "Spine2", "Neck", "Head", "LeftShoulder", "LeftArm", "LeftForeArm", "LeftHand", "RightShoulder", "RightArm", "RightForeArm", "RightHand"]}