{"root_pos": [-107.10596466064453, 82.62593078613281, -6.334001541137695], "local_quat": [[0.04203175753355026, -0.7211217284202576, -0.6913266777992249, -0.016859281808137894], [-0.04443234205245972, 0.06535213440656662, -0.996074378490448, -0.03988446295261383], [0.8977380990982056, -0.018674347549676895, -0.018791642040014267, -0.43973225355148315], [0.7879026532173157, -0.005225582513958216, -0.012715224176645279, 0.6156463027000427], [0.9741442799568176, -0.03354792669415474, -0.001851304667070508, 0.22341430187225342], [-0.014954043552279472, 0.47377631068229675, 0.8804475665092468, -0.011151095852255821], [0.6902984976768494, 0.07653436064720154, -0.08464337885379791, -0.7144690155982971], [0.7476958632469177, 0.060829322785139084, -0.04206356778740883, 0.6599100828170776], [0.983789324760437, -0.00994198303669691, 0.04293370619416237, 0.17382892966270447], [0.9967594146728516, -0.025917353108525276, 0.00015062587044667453, 0.07615058124065399], [0.9966869950294495, -0.050516001880168915, 0.008523620665073395, 0.06317146867513657], [0.9963823556900024, -0.050140198320150375, -0.0071756052784621716, 0.0682402178645134], [0.9728797078132629, -0.007622667122632265, 0.22856338322162628, -0.03472315892577171], [0.9894571304321289, 0.10394088923931122, -0.09769991040229797, -0.02500796504318714], [0.010463994927704334, -0.6409575343132019, 0.007938111200928688, -0.7674639821052551], [0.8738009333610535, 0.10307911038398743, 0.46131256222724915, -0.11418171972036362], [0.6820050477981567, -0.017791515216231346, -0.0397670678794384, -0.7300487756729126], [0.9790835380554199, 0.13257856667041779, -0.1504938155412674, -0.03420299291610718], [0.06519068032503128, 0.5636014342308044, -0.07937659323215485, -0.819635808467865], [0.8271439075469971, -0.41106462478637695, -0.3686361312866211, 0.10471978038549423], [0.7583349347114563, 0.021029002964496613, 0.05433649942278862, -0.6492561101913452], [0.9473320841789246, -0.2740970849990845, 0.15552657842636108, 0.05695659667253494]], "joint_names": ["Hips", "LeftUpLeg", "LeftLeg", "LeftFoot", "LeftToe", "RightUpLeg", "RightLeg", "RightFoot", "RightToe", "Spine", "Spine1", "Spine2", "Neck", "Head", "LeftShoulder", "LeftArm", "LeftForeArm", "LeftHand", "RightShoulder", "RightArm", "RightForeArm", "RightHand"]}