{"root_pos": [-122.23538208007812, 80.3409194946289, -6.45387077331543], "local_quat": [[0.037890322506427765, -0.7210243940353394, -0.6914862990379333, -0.023126201704144478], [-0.046733640134334564, -0.012255769222974777, -0.9980468153953552, -0.03960205614566803], [0.8783462643623352, -0.0128817493095994, -0.020310819149017334, -0.4774194359779358], [0.7567773461341858, 0.015072675421833992, 0.010692655108869076, 0.6534114480018616], [0.9748131632804871, -0.030978500843048096, -0.0015918603166937828, 0.22085557878017426], [-0.010251081548631191, 0.42962002754211426, 0.9029462337493896, -0.003099449211731553], [0.5864920616149902, 0.06599586457014084, -0.09120240807533264, -0.8020933270454407], [0.7373961210250854, 0.061084192246198654, -0.04198186472058296, 0.6713816523551941], [0.9837775826454163, -0.009433767758309841, 0.0400540791451931, 0.17460878193378448], [0.9966686964035034, -0.019459707662463188, -0.002426519989967346, 0.07916442304849625], [0.9968298673629761, -0.038272082805633545, 0.0017439270159229636, 0.06973057985305786], [0.9964547753334045, -0.03747785836458206, -0.0140595817938447, 0.07399716228246689], [0.9745026230812073, -0.013576336205005646, 0.2195865660905838, -0.044069282710552216], [0.9911236763000488, 0.09466218948364258, -0.08631445467472076, -0.03553338721394539], [0.00992529932409525, -0.635726809501648, 0.010042072273790836, -0.7717850208282471], [0.8696723580360413, 0.10390827804803848, 0.4693945050239563, -0.11199067533016205], [0.7144487500190735, -0.0190777275711298, -0.04675545543432236, -0.6978631019592285], [0.9786136746406555, 0.12020803242921829, -0.16444575786590576, -0.028684714809060097], [0.06034363806247711, 0.5618218779563904, -0.07514173537492752, -0.8216256499290466], [0.8388661742210388, -0.39172032475471497, -0.3717382550239563, 0.06833334267139435], [0.7615686655044556, 0.020400889217853546, 0.05477337911725044, -0.6454432010650635], [0.9448769092559814, -0.27723604440689087, 0.1646362692117691, 0.05694587528705597]], "joint_names": ["Hips", "LeftUpLeg", "LeftLeg", "LeftFoot", "LeftToe", "RightUpLeg", "RightLeg", "RightFoot", "RightToe", "Spine", "Spine1", "Spine2", "Neck", "Head", "LeftShoulder", "LeftArm", "LeftForeArm", "LeftHand", "RightShoulder", "RightArm", "RightForeArm", "RightHand"]}