{"root_pos": [-179.69580078125, 75.41988372802734, -7.803764820098877], "local_quat": [[0.009638732299208641, -0.7520752549171448, -0.657839298248291, -0.03921067342162132], [-0.05636439844965935, -0.37780267000198364, -0.9233007431030273, -0.040048617869615555], [0.8715682029724121, -0.005781053565442562, -0.021060744300484657, -0.4897876977920532], [0.7266217470169067, 0.023509550839662552, 0.01950434222817421, 0.6863582730293274], [0.9769840836524963, -0.022976145148277283, -0.000674587965477258, 0.21207021176815033], [-0.00492072431370616, 0.0872669667005539, 0.9960035085678101, -0.018365254625678062], [0.5003343820571899, 0.03475542739033699, -0.0805344358086586, -0.8613778352737427], [0.730642557144165, 0.07020582258701324, 0.0026994659565389156, 0.6791356801986694], [0.9837163090705872, -0.007344040088355541, 0.030554864555597305, 0.17695960402488708], [0.9960973262786865, 0.011283495463430882, -0.003391652600839734, 0.08747152984142303], [0.9961906671524048, 0.022702690213918686, -0.014342603273689747, 0.08296318352222443], [0.9957238435745239, 0.02500009536743164, -0.030171042308211327, 0.08365843445062637], [0.9798611998558044, -0.04346925765275955, 0.18235018849372864, -0.06878053396940231], [0.9957058429718018, 0.055584732443094254, -0.05343903228640556, -0.051228445023298264], [0.01499999314546585, -0.6312106847763062, 0.022577261552214622, -0.775137722492218], [0.8479549288749695, 0.21418388187885284, 0.48468756675720215, 0.013250574469566345], [0.8000231981277466, -0.022257862612605095, -0.06464800238609314, -0.596060574054718], [0.9822838306427002, 0.0834585651755333, -0.16771569848060608, -0.004969622474163771], [0.03648439422249794, 0.5749384164810181, -0.0550331175327301, -0.8155280351638794], [0.8853803873062134, -0.24459338188171387, -0.3855982720851898, -0.0871182307600975], [0.6422349214553833, 0.002594582038000226, 0.02651984617114067, -0.766044557094574], [0.9394819736480713, -0.2856561243534088, 0.186956524848938, 0.028663430362939835]], "joint_names": ["Hips", "LeftUpLeg", "LeftLeg", "LeftFoot", "LeftToe", "RightUpLeg", "RightLeg", "RightFoot", "RightToe", "Spine", "Spine1", "Spine2", "Neck", "Head", "LeftShoulder", "LeftArm", "LeftForeArm", "LeftHand", "RightShoulder", "RightArm", "RightForeArm", "RightHand"]}