{"root_pos": [-76.2042236328125, 84.6995849609375, -5.91717529296875], "local_quat": [[0.028636852279305458, -0.7151376605033875, -0.6983094811439514, -0.011042560450732708], [-0.020786399021744728, 0.17612554132938385, -0.9832549095153809, -0.04192255437374115], [0.8898362517356873, -0.030608972534537315, -0.007077845744788647, -0.45519712567329407], [0.826198399066925, -0.031018512323498726, -0.031040141358971596, 0.5616676211357117], [0.9726714491844177, -0.038994234055280685, -0.0023513920605182648, 0.2288757860660553], [-0.022332411259412766, 0.48045748472213745, 0.8764067888259888, -0.023937450721859932], [0.8740360736846924, 0.08869089931249619, -0.05473213642835617, -0.4745516777038574], [0.7786063551902771, 0.06271623820066452, -0.025272022932767868, 0.6238589882850647], [0.9837872982025146, -0.011189003475010395, 0.049437493085861206, 0.17202694714069366], [0.9968766570091248, -0.034369226545095444, 0.008778558112680912, 0.070560023188591], [0.996350884437561, -0.06382658332586288, 0.02353586256504059, 0.05154648423194885], [0.9962534308433533, -0.06349166482686996, 0.006946463603526354, 0.05830676108598709], [0.9714767932891846, -0.003194992197677493, 0.23674383759498596, -0.013224897906184196], [0.987178385257721, 0.11254531890153885, -0.11273745447397232, -0.010123360902071], [0.013824798166751862, -0.6496261358261108, 0.006461659912019968, -0.7601005434989929], [0.877716600894928, 0.11161050945520401, 0.4557579457759857, -0.09716657549142838], [0.6313692331314087, -0.017370374873280525, -0.029865654185414314, -0.774712324142456], [0.9802865386009216, 0.14608165621757507, -0.12598606944084167, -0.04273111745715141], [0.06940441578626633, 0.5695899724960327, -0.08316317200660706, -0.814760148525238], [0.8248091340065002, -0.4184991419315338, -0.3506494164466858, 0.1469472348690033], [0.7328157424926758, 0.021240126341581345, 0.05056530237197876, -0.6782131791114807], [0.9498569965362549, -0.2753293812274933, 0.1389021873474121, 0.051688238978385925]], "joint_names": ["Hips", "LeftUpLeg", "LeftLeg", "LeftFoot", "LeftToe", "RightUpLeg", "RightLeg", "RightFoot", "RightToe", "Spine", "Spine1", "Spine2", "Neck", "Head", "LeftShoulder", "LeftArm", "LeftForeArm", "LeftHand", "RightShoulder", "RightArm", "RightForeArm", "RightHand"]}