{"root_pos": [47.19597244262695, 88.53726196289062, 1.5708039999008179], "local_quat": [[-0.07752405852079391, -0.6829477548599243, -0.7185248136520386, -0.10627570748329163], [-0.003636259352788329, -0.35368603467941284, -0.9334866404533386, -0.05912444740533829], [0.7771846055984497, -0.06908276677131653, 0.017039533704519272, -0.6252369284629822], [0.7768447995185852, -0.04749481379985809, 0.003110280027613044, 0.6278907060623169], [0.9655095338821411, -0.057917606085538864, -0.003831634996458888, 0.2538154125213623], [-0.021062234416604042, -0.12490061670541763, 0.9919368028640747, -0.0041705709882080555], [0.9402475953102112, 0.07187645137310028, 0.02472168207168579, -0.3318992555141449], [0.7898958325386047, 0.04045812040567398, 0.026071812957525253, 0.61134934425354], [0.9836835265159607, -0.016736363992094994, 0.07639458775520325, 0.1620202213525772], [0.9960382580757141, 0.024105343967676163, 0.01702798344194889, 0.08388528227806091], [0.9968371987342834, 0.048858802765607834, 0.01879964955151081, 0.05979042127728462], [0.9962446093559265, 0.055787231773138046, -0.013458535075187683, 0.06483253091573715], [0.9914065599441528, -0.046359945088624954, 0.11814181506633759, 0.031721081584692], [0.9984303116798401, 0.03601444512605667, -0.0347384549677372, -0.025162119418382645], [0.06608335673809052, -0.6292639970779419, 0.05200507491827011, -0.7726288437843323], [0.831875741481781, 0.3222755491733551, 0.4499969780445099, 0.040299199521541595], [0.8760249018669128, -0.04459403082728386, -0.07927094399929047, -0.4736115634441376], [0.9916767477989197, 0.10329010337591171, -0.07279422879219055, 0.024687165394425392], [0.01964353583753109, 0.588873028755188, -0.034913524985313416, -0.8072322010993958], [0.9189079999923706, -0.10742662101984024, -0.32961365580558777, -0.18820908665657043], [0.5223792791366577, 0.0222127977758646, 0.015596728771924973, -0.8522812128067017], [0.9208324551582336, -0.3535896837711334, 0.16401302814483643, -0.01189576555043459]], "joint_names": ["Hips", "LeftUpLeg", "LeftLeg", "LeftFoot", "LeftToe", "RightUpLeg", "RightLeg", "RightFoot", "RightToe", "Spine", "Spine1", "Spine2", "Neck", "Head", "LeftShoulder", "LeftArm", "LeftForeArm", "LeftHand", "RightShoulder", "RightArm", "RightForeArm", "RightHand"]}