{"root_pos": [12.609111785888672, 81.44100952148438, -0.7448444366455078], "local_quat": [[-0.0721682533621788, -0.6721907258033752, -0.7337730526924133, -0.06729338318109512], [0.005881686229258776, -0.203194722533226, -0.9772307276725769, -0.06080632656812668], [0.5042274594306946, -0.03959736227989197, 0.04619501531124115, -0.8614248633384705], [0.759513258934021, -0.02511713281273842, 0.04174850136041641, 0.648664653301239], [0.9675259590148926, -0.052116960287094116, -0.0030768581200391054, 0.24732141196727753], [-0.05887715518474579, 0.1365356594324112, 0.9883289337158203, -0.033127203583717346], [0.8704366087913513, 0.07408973574638367, 0.0019676839001476765, -0.48666927218437195], [0.6713153123855591, 0.001957885455340147, -0.04298866167664528, 0.739921510219574], [0.9838410019874573, -0.01604754477739334, 0.06886287033557892, 0.1644909381866455], [0.9960396885871887, 0.005422600544989109, 0.020915066823363304, 0.08624431490898132], [0.996817409992218, 0.014528376050293446, 0.03256755694746971, 0.07129745185375214], [0.9967159628868103, 0.021645283326506615, 0.0034282528795301914, 0.0779547393321991], [0.986519455909729, -0.028371483087539673, 0.16043303906917572, 0.015353919006884098], [0.9937452077865601, 0.06996183842420578, -0.07793577015399933, -0.03875398635864258], [0.05531913414597511, -0.6173457503318787, 0.042384203523397446, -0.7835990786552429], [0.8320816159248352, 0.2504458725452423, 0.493509978055954, -0.03694644570350647], [0.8489426970481873, -0.0412556417286396, -0.07466738671064377, -0.5215544104576111], [0.9891214966773987, 0.10938682407140732, -0.0976332575082779, 0.011867421679198742], [0.0307636596262455, 0.5635939836502075, -0.04637893661856651, -0.8241749405860901], [0.9212106466293335, -0.16892023384571075, -0.3221127688884735, -0.13813112676143646], [0.6520528793334961, 0.03497200086712837, 0.04719021916389465, -0.7558948397636414], [0.9263291358947754, -0.3298632502555847, 0.18153251707553864, 0.012266192585229874]], "joint_names": ["Hips", "LeftUpLeg", "LeftLeg", "LeftFoot", "LeftToe", "RightUpLeg", "RightLeg", "RightFoot", "RightToe", "Spine", "Spine1", "Spine2", "Neck", "Head", "LeftShoulder", "LeftArm", "LeftForeArm", "LeftHand", "RightShoulder", "RightArm", "RightForeArm", "RightHand"]}