{"root_pos": [-20.818326950073242, 80.20928955078125, -3.6441264152526855], "local_quat": [[-0.0260962825268507, -0.6919981837272644, -0.7210983037948608, -0.02178695797920227], [0.04116559773683548, 0.07364752888679504, -0.9952196478843689, -0.04918556660413742], [0.6060359477996826, -0.01976664923131466, 0.025225097313523293, -0.7947914004325867], [0.8204619288444519, -0.020434251055121422, 0.0007991656893864274, 0.5713354349136353], [0.969588577747345, -0.047473110258579254, -0.0029357720632106066, 0.24007417261600494], [-0.052299752831459045, 0.38828185200691223, 0.9194170236587524, -0.03426721692085266], [0.8594615459442139, 0.0830586701631546, -0.02680068463087082, -0.5036951303482056], [0.7329694032669067, 0.03666874021291733, -0.02919585630297661, 0.6786448359489441], [0.98382967710495, -0.014359112828969955, 0.06166868284344673, 0.16754089295864105], [0.9966786503791809, -0.025813927873969078, 0.0207525622099638, 0.07439588755369186], [0.9964311122894287, -0.04418628662824631, 0.0402178131043911, 0.05962606891989708], [0.9965407252311707, -0.040592487901449203, 0.01920015923678875, 0.0699298307299614], [0.9771595001220703, -0.011981748044490814, 0.21145682036876678, 0.017369117587804794], [0.9890060424804688, 0.10012418031692505, -0.10609894245862961, -0.02419278584420681], [0.03286494314670563, -0.6380599737167358, 0.02049480564892292, -0.7690119743347168], [0.8644058108329773, 0.1600387841463089, 0.4704330563545227, -0.0767005905508995], [0.7202128171920776, -0.02832833118736744, -0.04644433781504631, -0.6916168332099915], [0.9854642748832703, 0.13939647376537323, -0.09504938870668411, -0.019859442487359047], [0.05643448978662491, 0.5592361092567444, -0.0698322057723999, -0.8241320252418518], [0.8677746057510376, -0.3578897714614868, -0.33578231930732727, 0.07831031829118729], [0.7264937162399292, 0.030589304864406586, 0.0555843822658062, -0.6842378973960876], [0.9410141110420227, -0.2977757155895233, 0.15604430437088013, 0.03836822137236595]], "joint_names": ["Hips", "LeftUpLeg", "LeftLeg", "LeftFoot", "LeftToe", "RightUpLeg", "RightLeg", "RightFoot", "RightToe", "Spine", "Spine1", "Spine2", "Neck", "Head", "LeftShoulder", "LeftArm", "LeftForeArm", "LeftHand", "RightShoulder", "RightArm", "RightForeArm", "RightHand"]}