{"root_pos": [68.34239959716797, 90.49722290039062, 3.741880416870117], "local_quat": [[-0.08930985629558563, -0.6873303651809692, -0.7110390067100525, -0.11842388659715652], [-0.009634234011173248, -0.3433156907558441, -0.9380418062210083, -0.04603312164545059], [0.9411498308181763, -0.08019675314426422, -0.013763233087956905, -0.32804882526397705], [0.8113510608673096, -0.048578161746263504, -0.011807668022811413, 0.5824175477027893], [0.964372992515564, -0.0608384795486927, -0.0047057271003723145, 0.2574126720428467], [-0.004846095573157072, -0.1724657267332077, 0.9849729537963867, -0.00777377188205719], [0.9369053840637207, 0.07656797766685486, 0.01768704317510128, -0.3406360447406769], [0.8257336616516113, 0.06974119693040848, 0.05600142106413841, 0.5569235682487488], [0.9834964871406555, -0.017140887677669525, 0.08097619563341141, 0.16088423132896423], [0.9966521859169006, 0.029528824612498283, 0.011037895455956459, 0.07543674111366272], [0.997207760810852, 0.05778868868947029, 0.006789545062929392, 0.04680906608700752], [0.9962716698646545, 0.06316448748111725, -0.02595469169318676, 0.05271928012371063], [0.9928075671195984, -0.04765818640589714, 0.09610120952129364, 0.05316443741321564], [0.999460756778717, 0.025977155193686485, -0.013771419413387775, -0.014615626074373722], [0.07384692877531052, -0.6371785998344421, 0.05812638998031616, -0.7649649381637573], [0.8209235668182373, 0.35382893681526184, 0.43847042322158813, 0.09291552752256393], [0.8672630786895752, -0.04477054625749588, -0.07602591812610626, -0.48996978998184204], [0.9913279414176941, 0.1161079853773117, -0.05821707099676132, 0.01996678113937378], [0.019929297268390656, 0.5972467660903931, -0.03307373821735382, -0.8011274337768555], [0.913051187992096, -0.13677860796451569, -0.3375093340873718, -0.18362115323543549], [0.5042921900749207, 0.019192524254322052, 0.010222566314041615, -0.8632591962814331], [0.9221414923667908, -0.35663729906082153, 0.14948996901512146, -0.010846354067325592]], "joint_names": ["Hips", "LeftUpLeg", "LeftLeg", "LeftFoot", "LeftToe", "RightUpLeg", "RightLeg", "RightFoot", "RightToe", "Spine", "Spine1", "Spine2", "Neck", "Head", "LeftShoulder", "LeftArm", "LeftForeArm", "LeftHand", "RightShoulder", "RightArm", "RightForeArm", "RightHand"]}