{"root_pos": [1.5604572296142578, 79.9296646118164, -0.99981689453125], "local_quat": [[-0.058398958295583725, -0.6750034093856812, -0.733773410320282, -0.050362877547740936], [0.014656370505690575, -0.11707081645727158, -0.9917635321617126, -0.04984656348824501], [0.49506646394729614, -0.029169445857405663, 0.04172420874238014, -0.8673623204231262], [0.7778789401054382, -0.02502785436809063, 0.025509653612971306, 0.6273972392082214], [0.9682194590568542, -0.05035867542028427, -0.002986037638038397, 0.24496150016784668], [-0.06825938075780869, 0.2471041977405548, 0.9657127857208252, -0.04097559675574303], [0.8475176095962524, 0.07424933463335037, -0.007673114538192749, -0.525492250919342], [0.6707791090011597, 0.001922557014040649, -0.050533246248960495, 0.7399311065673828], [0.9838510155677795, -0.015558723360300064, 0.06629408895969391, 0.16553017497062683], [0.9961203336715698, -0.005539224483072758, 0.021435711532831192, 0.08517123758792877], [0.9966992735862732, -0.005971293430775404, 0.03695784509181976, 0.0720343068242073], [0.9967592358589172, 0.0003473638789728284, 0.010183337144553661, 0.07979519665241241], [0.9835420250892639, -0.018710795789957047, 0.17905427515506744, 0.015318923629820347], [0.9913095235824585, 0.08537998050451279, -0.09278024733066559, -0.03751623257994652], [0.048813819885253906, -0.6222559809684753, 0.036006029695272446, -0.7804603576660156], [0.8428326845169067, 0.21335989236831665, 0.49149090051651, -0.05047151446342468], [0.8180140852928162, -0.03661324828863144, -0.06626176089048386, -0.5701945424079895], [0.9885504841804504, 0.11391716450452805, -0.09884648770093918, 0.004502558149397373], [0.03916631266474724, 0.5589306950569153, -0.05391724035143852, -0.8265321850776672], [0.9131011366844177, -0.23383648693561554, -0.3268905580043793, -0.06862489879131317], [0.6876439452171326, 0.0356430783867836, 0.05351227521896362, -0.7231955528259277], [0.9308969974517822, -0.3187187612056732, 0.17704030871391296, 0.02249274030327797]], "joint_names": ["Hips", "LeftUpLeg", "LeftLeg", "LeftFoot", "LeftToe", "RightUpLeg", "RightLeg", "RightFoot", "RightToe", "Spine", "Spine1", "Spine2", "Neck", "Head", "LeftShoulder", "LeftArm", "LeftForeArm", "LeftHand", "RightShoulder", "RightArm", "RightForeArm", "RightHand"]}