{"root_pos": [24.12466049194336, 83.9625473022461, -0.14723068475723267], "local_quat": [[-0.07270628213882446, -0.675812304019928, -0.7292807698249817, -0.07836547493934631], [-0.0016044904477894306, -0.28249311447143555, -0.956798255443573, -0.0687907263636589], [0.564197301864624, -0.050028517842292786, 0.04518451914191246, -0.8228833675384521], [0.7547324299812317, -0.03698175773024559, 0.03107951208949089, 0.6542518138885498], [0.9668368697166443, -0.05402829498052597, -0.0032388356048613787, 0.2495933473110199], [-0.045538123697042465, 0.03549395874142647, 0.9981659054756165, -0.018200770020484924], [0.8994517922401428, 0.07445129007101059, 0.010897062718868256, -0.4304938018321991], [0.7027162909507751, 0.006179913878440857, -0.03158395364880562, 0.7107418775558472], [0.9838157892227173, -0.01640336960554123, 0.07134149223566055, 0.1635473221540451], [0.9960007667541504, 0.013388335704803467, 0.020524971187114716, 0.08591881394386292], [0.9968289136886597, 0.029559165239334106, 0.02882201597094536, 0.06802681088447571], [0.996552050113678, 0.03715807944536209, -0.0018584704957902431, 0.0741603896021843], [0.988801896572113, -0.037534501403570175, 0.1434885710477829, 0.016520291566848755], [0.9959052205085754, 0.055251795798540115, -0.062410879880189896, -0.03499996289610863], [0.0599968396127224, -0.6166589856147766, 0.04636399447917938, -0.7835703492164612], [0.8260805010795593, 0.28373971581459045, 0.48647573590278625, -0.02059364877641201], [0.8668138980865479, -0.043560560792684555, -0.0787796601653099, -0.4904385507106781], [0.990045428276062, 0.10518183559179306, -0.0917290449142456, 0.018237829208374023], [0.023900017142295837, 0.5705504417419434, -0.039597902446985245, -0.8199591040611267], [0.9217111468315125, -0.12534524500370026, -0.32183733582496643, -0.17651605606079102], [0.603935956954956, 0.031082529574632645, 0.03607996180653572, -0.7956088185310364], [0.9222956299781799, -0.3427450954914093, 0.1785922348499298, 0.0011212049284949899]], "joint_names": ["Hips", "LeftUpLeg", "LeftLeg", "LeftFoot", "LeftToe", "RightUpLeg", "RightLeg", "RightFoot", "RightToe", "Spine", "Spine1", "Spine2", "Neck", "Head", "LeftShoulder", "LeftArm", "LeftForeArm", "LeftHand", "RightShoulder", "RightArm", "RightForeArm", "RightHand"]}