{"root_pos": [-33.38996887207031, 81.42184448242188, -4.620304107666016], "local_quat": [[-0.010825878009200096, -0.7010319828987122, -0.7127978801727295, -0.01887144334614277], [0.027872858569025993, 0.1525854468345642, -0.9867182970046997, -0.04824800789356232], [0.7076860666275024, -0.02376932092010975, 0.01565266028046608, -0.7059535980224609], [0.8226568698883057, -0.024375740438699722, -0.012962213717401028, 0.5678674578666687], [0.9703437685966492, -0.045908086001873016, -0.0028374085668474436, 0.23731248080730438], [-0.04322916269302368, 0.39589476585388184, 0.9166711568832397, -0.03335467353463173], [0.8968982100486755, 0.08612324297428131, -0.027821311727166176, -0.4328767955303192], [0.7667188048362732, 0.05193709582090378, -0.01433060597628355, 0.6397181749343872], [0.9837919473648071, -0.013656620867550373, 0.05901703983545303, 0.16877180337905884], [0.99677574634552, -0.031007492914795876, 0.019165609031915665, 0.07147898524999619], [0.9962838888168335, -0.0543900690972805, 0.03830564394593239, 0.05470495671033859], [0.9963585138320923, -0.052353955805301666, 0.019231492653489113, 0.06448996067047119], [0.9748601913452148, -0.009218618273735046, 0.22220107913017273, 0.013758689165115356], [0.9883366823196411, 0.10476399958133698, -0.10924352705478668, -0.016762956976890564], [0.026889467611908913, -0.6446905136108398, 0.015188321471214294, -0.763819694519043], [0.8711689114570618, 0.14708322286605835, 0.4613112211227417, -0.0813833475112915], [0.6755370497703552, -0.024449052289128304, -0.03786352276802063, -0.7359471321105957], [0.9836522340774536, 0.14827623963356018, -0.09759218245744705, -0.03030332736670971], [0.06326576322317123, 0.5635001063346863, -0.07611174881458282, -0.8201658129692078], [0.8452408313751221, -0.3933302164077759, -0.33810150623321533, 0.12863357365131378], [0.7215360999107361, 0.026561709120869637, 0.05119382590055466, -0.6899704933166504], [0.9445468783378601, -0.29268014430999756, 0.1432536095380783, 0.04059470072388649]], "joint_names": ["Hips", "LeftUpLeg", "LeftLeg", "LeftFoot", "LeftToe", "RightUpLeg", "RightLeg", "RightFoot", "RightToe", "Spine", "Spine1", "Spine2", "Neck", "Head", "LeftShoulder", "LeftArm", "LeftForeArm", "LeftHand", "RightShoulder", "RightArm", "RightForeArm", "RightHand"]}