{"root_pos": [57.551204681396484, 89.80896759033203, 2.398939371109009], "local_quat": [[-0.08514633774757385, -0.6872950792312622, -0.7123953104019165, -0.11343896389007568], [-0.00782247819006443, -0.3554508090019226, -0.9330829381942749, -0.05431155487895012], [0.8796471357345581, -0.07872290909290314, 0.002878074301406741, -0.4690577983856201], [0.7947761416435242, -0.05167122557759285, -0.0053934622555971146, 0.6046750545501709], [0.9649372100830078, -0.05937228351831436, -0.0043155355378985405, 0.25564125180244446], [-0.012226862832903862, -0.16509772837162018, 0.9861874580383301, -0.0052567883394658566], [0.9438101649284363, 0.07522846758365631, 0.021710284054279327, -0.32107919454574585], [0.8121563792228699, 0.05927402898669243, 0.04518265277147293, 0.5786597728729248], [0.9835990071296692, -0.016878830268979073, 0.07868923246860504, 0.16141891479492188], [0.9962237477302551, 0.027861597016453743, 0.014831094071269035, 0.08088306337594986], [0.9968822598457336, 0.05533222109079361, 0.013833914883434772, 0.05452234297990799], [0.9961469173431396, 0.06152456998825073, -0.018616026267409325, 0.05966240540146828], [0.9921590685844421, -0.04825962334871292, 0.106690414249897, 0.04368708282709122], [0.9991138577461243, 0.029458628967404366, -0.02305501699447632, -0.019295187667012215], [0.07046887278556824, -0.6333710551261902, 0.055730342864990234, -0.7686152458190918], [0.8257936835289001, 0.3404608368873596, 0.44323983788490295, 0.07543015480041504], [0.8723087906837463, -0.044517502188682556, -0.07752493023872375, -0.4807136058807373], [0.991726279258728, 0.10883044451475143, -0.06398508697748184, 0.023253094404935837], [0.019375810399651527, 0.5935952663421631, -0.0335257388651371, -0.8038315773010254], [0.9141912460327148, -0.12550897896289825, -0.33690547943115234, -0.18707376718521118], [0.5070813298225403, 0.019910063594579697, 0.011340752243995667, -0.8615936040878296], [0.9217859506607056, -0.3545096814632416, 0.15643863379955292, -0.012667184695601463]], "joint_names": ["Hips", "LeftUpLeg", "LeftLeg", "LeftFoot", "LeftToe", "RightUpLeg", "RightLeg", "RightFoot", "RightToe", "Spine", "Spine1", "Spine2", "Neck", "Head", "LeftShoulder", "LeftArm", "LeftForeArm", "LeftHand", "RightShoulder", "RightArm", "RightForeArm", "RightHand"]}