{"root_pos": [35.9711799621582, 86.50726318359375, 0.8931805491447449], "local_quat": [[-0.07283175736665726, -0.6801024079322815, -0.7232472896575928, -0.09523455798625946], [-0.0047098612412810326, -0.33329737186431885, -0.940473735332489, -0.06633089482784271], [0.6639184951782227, -0.05844007804989815, 0.03222170099616051, -0.744821310043335], [0.7632172107696533, -0.041412997990846634, 0.017376668751239777, 0.644579291343689], [0.9661625027656555, -0.05604312941431999, -0.0034459002781659365, 0.2517484426498413], [-0.03026653453707695, -0.05014786496758461, 0.9982708692550659, -0.00494484044611454], [0.9258964657783508, 0.07318764179944992, 0.019887352362275124, -0.3700861632823944], [0.7531112432479858, 0.019933363422751427, -0.005888050887733698, 0.6575646996498108], [0.9837551712989807, -0.01665867492556572, 0.07388949394226074, 0.16275306046009064], [0.9961330890655518, 0.019552448764443398, 0.019959086552262306, 0.08329598605632782], [0.9969332814216614, 0.04100840538740158, 0.025354981422424316, 0.061640415340662], [0.9965272545814514, 0.04836517199873924, -0.006362206768244505, 0.06748199462890625], [0.9903646111488342, -0.04312589392066002, 0.12966100871562958, 0.0224981177598238], [0.9973994493484497, 0.04447459429502487, -0.048514362424612045, -0.029370520263910294], [0.06391044706106186, -0.6210000514984131, 0.05017374828457832, -0.7795876860618591], [0.827521800994873, 0.305209219455719, 0.4711760878562927, 0.006932015065103769], [0.8746171593666077, -0.044478483498096466, -0.07993569225072861, -0.47610580921173096], [0.990869402885437, 0.10174236446619034, -0.08559053391218185, 0.02237240970134735], [0.020854594185948372, 0.5797224640846252, -0.036694832146167755, -0.8137200474739075], [0.9208561182022095, -0.1063811182975769, -0.32604172825813293, -0.18548309803009033], [0.5554637312889099, 0.025901811197400093, 0.023892708122730255, -0.8307937383651733], [0.9206957221031189, -0.34947821497917175, 0.17357127368450165, -0.00757042970508337]], "joint_names": ["Hips", "LeftUpLeg", "LeftLeg", "LeftFoot", "LeftToe", "RightUpLeg", "RightLeg", "RightFoot", "RightToe", "Spine", "Spine1", "Spine2", "Neck", "Head", "LeftShoulder", "LeftArm", "LeftForeArm", "LeftHand", "RightShoulder", "RightArm", "RightForeArm", "RightHand"]}