{"root_pos": [-9.450724601745605, 79.35556030273438, -1.8039237260818481], "local_quat": [[-0.04313083738088608, -0.6824397444725037, -0.7287900447845459, -0.03578772023320198], [0.028953328728675842, -0.022306248545646667, -0.9980903267860413, -0.04979749768972397], [0.5226403474807739, -0.022336147725582123, 0.03640280291438103, -0.8514828681945801], [0.8036985397338867, -0.025404727086424828, 0.010396447032690048, 0.5944032073020935], [0.968917727470398, -0.04881790280342102, -0.002964307786896825, 0.24250046908855438], [-0.06546803563833237, 0.33615899085998535, 0.9386969804763794, -0.03948428854346275], [0.8327187895774841, 0.0770464688539505, -0.01947268471121788, -0.547963559627533], [0.6884562373161316, 0.015019920654594898, -0.045205745846033096, 0.7237119078636169], [0.9838423132896423, -0.015046888031065464, 0.0639449879527092, 0.16654975712299347], [0.9965263605117798, -0.017196325585246086, 0.02185586467385292, 0.07849771529436111], [0.9966895580291748, -0.027655519545078278, 0.040220022201538086, 0.06501936167478561], [0.9968048334121704, -0.022599296644330025, 0.016468266025185585, 0.07482102513313293], [0.9799988865852356, -0.013647316955029964, 0.19767479598522186, 0.018457893282175064], [0.9895747900009155, 0.09578949958086014, -0.10290373861789703, -0.03125578910112381], [0.04117059335112572, -0.6294994950294495, 0.02842496521770954, -0.7753886580467224], [0.852169394493103, 0.18426766991615295, 0.4851814806461334, -0.06672103703022003], [0.7720165848731995, -0.03219180926680565, -0.056250691413879395, -0.6322893500328064], [0.9872511029243469, 0.12498142570257187, -0.09827408194541931, -0.007560948375612497], [0.04884552210569382, 0.5567740797996521, -0.06289639323949814, -0.8268377780914307], [0.8937149047851562, -0.3015015423297882, -0.33203038573265076, 0.011241617612540722], [0.7129214406013489, 0.03386693820357323, 0.05627582594752312, -0.6981611847877502], [0.936834990978241, -0.30621451139450073, 0.16594929993152618, 0.0321519561111927]], "joint_names": ["Hips", "LeftUpLeg", "LeftLeg", "LeftFoot", "LeftToe", "RightUpLeg", "RightLeg", "RightFoot", "RightToe", "Spine", "Spine1", "Spine2", "Neck", "Head", "LeftShoulder", "LeftArm", "LeftForeArm", "LeftHand", "RightShoulder", "RightArm", "RightForeArm", "RightHand"]}