{"root_pos": [134.02352905273438, 81.5029067993164, 8.852997779846191], "local_quat": [[-0.04983567073941231, -0.6440823078155518, -0.7577555775642395, -0.09209208190441132], [-0.050443150103092194, -0.19599725306034088, -0.9769801497459412, -0.0674564465880394], [0.8800689578056335, -0.05736927688121796, -0.03901978209614754, -0.46974965929985046], [0.7373558282852173, 0.03070053458213806, 0.06286577880382538, 0.6718718409538269], [0.9614784717559814, -0.0683465376496315, -0.006199521478265524, 0.26617565751075745], [0.021369295194745064, 0.10183192789554596, 0.9943639636039734, -0.02034580707550049], [0.6162339448928833, 0.07794103026390076, -0.038306426256895065, -0.7827602028846741], [0.7769498229026794, 0.060395099222660065, 0.011513271369040012, 0.6265531182289124], [0.9830530881881714, -0.02033204212784767, 0.0916823148727417, 0.1574409008026123], [0.9972977638244629, -0.0006557951564900577, -0.0022966063115745783, 0.07342632859945297], [0.998388946056366, 0.0031679945532232523, -0.01085148099809885, 0.05560360476374626], [0.9966766238212585, 0.006985895335674286, -0.047384366393089294, 0.06589049100875854], [0.993980884552002, -0.011787786148488522, 0.08991830050945282, 0.061463549733161926], [0.9981104135513306, 0.05172068625688553, -0.013431333005428314, -0.030336081981658936], [0.06171523407101631, -0.6369659304618835, 0.03765061870217323, -0.7674947381019592], [0.8740363717079163, 0.19937685132026672, 0.4211225211620331, -0.13771384954452515], [0.8741468787193298, -0.04992345720529556, -0.08309578895568848, -0.4758886396884918], [0.9893651008605957, 0.12988291680812836, -0.06366456300020218, 0.015296007506549358], [0.03578414022922516, 0.5706633925437927, -0.0440567284822464, -0.8192203044891357], [0.883755624294281, -0.24723291397094727, -0.37660619616508484, -0.12656883895397186], [0.7905917167663574, 0.04354200139641762, 0.06485813856124878, -0.6073402166366577], [0.9352879524230957, -0.33289608359336853, 0.09998389333486557, 0.066480852663517]], "joint_names": ["Hips", "LeftUpLeg", "LeftLeg", "LeftFoot", "LeftToe", "RightUpLeg", "RightLeg", "RightFoot", "RightToe", "Spine", "Spine1", "Spine2", "Neck", "Head", "LeftShoulder", "LeftArm", "LeftForeArm", "LeftHand", "RightShoulder", "RightArm", "RightForeArm", "RightHand"]}