{"root_pos": [80.07028198242188, 90.1764907836914, 4.602065086364746], "local_quat": [[-0.09112290292978287, -0.6864690184593201, -0.7112431526184082, -0.12078875303268433], [-0.01720074936747551, -0.32236459851264954, -0.9452450275421143, -0.0479266457259655], [0.9641509056091309, -0.08146905153989792, -0.02345040999352932, -0.25144779682159424], [0.8185024857521057, -0.04013567045331001, -0.004953345283865929, 0.573077917098999], [0.9637820720672607, -0.06257668882608414, -0.005006690043956041, 0.2591969966888428], [0.002277612453326583, -0.17071229219436646, 0.9851953387260437, -0.015566989779472351], [0.9185024499893188, 0.08018646389245987, 0.008445496670901775, -0.38710740208625793], [0.8336963653564453, 0.08408908545970917, 0.06757909804582596, 0.5415831804275513], [0.9833768606185913, -0.017714930698275566, 0.08354560285806656, 0.16023793816566467], [0.99725741147995, 0.028049683198332787, 0.007948296144604683, 0.06802736222743988], [0.9977550506591797, 0.05527720972895622, 0.00015925367188174278, 0.03780519217252731], [0.9966347813606262, 0.06005753576755524, -0.032695475965738297, 0.04520344361662865], [0.992914080619812, -0.046658918261528015, 0.08802902698516846, 0.06477224826812744], [0.9996411204338074, 0.023680562153458595, -0.006500109564512968, -0.0107052531093359], [0.07691677659749985, -0.6398506760597229, 0.06005607545375824, -0.7622782588005066], [0.8180713057518005, 0.36203357577323914, 0.43430355191230774, 0.10522106289863586], [0.8625981211662292, -0.04486566409468651, -0.07482464611530304, -0.498309850692749], [0.9910148978233337, 0.1198565810918808, -0.05713358521461487, 0.01611211895942688], [0.023074574768543243, 0.5981881618499756, -0.035376496613025665, -0.8002418279647827], [0.9101343750953674, -0.15885081887245178, -0.3421997129917145, -0.17123468220233917], [0.5195805430412292, 0.019567593932151794, 0.01202821359038353, -0.8541126847267151], [0.9235754013061523, -0.3567788004875183, 0.14034299552440643, -0.004606743808835745]], "joint_names": ["Hips", "LeftUpLeg", "LeftLeg", "LeftFoot", "LeftToe", "RightUpLeg", "RightLeg", "RightFoot", "RightToe", "Spine", "Spine1", "Spine2", "Neck", "Head", "LeftShoulder", "LeftArm", "LeftForeArm", "LeftHand", "RightShoulder", "RightArm", "RightForeArm", "RightHand"]}