{"root_pos": [114.42315673828125, 83.91761016845703, 7.741222858428955], "local_quat": [[-0.06725433468818665, -0.6644792556762695, -0.7363349199295044, -0.10842027515172958], [-0.044357672333717346, -0.2605254650115967, -0.9617063999176025, -0.07266147434711456], [0.9222580194473267, -0.07099539041519165, -0.03342164307832718, -0.37852710485458374], [0.7826255559921265, 0.005644612479954958, 0.04285156726837158, 0.6209903955459595], [0.9622437357902527, -0.06651117652654648, -0.005929120816290379, 0.26387137174606323], [0.02494032122194767, -0.06358243525028229, 0.9972540140151978, -0.028631212189793587], [0.732097327709198, 0.07993057370185852, -0.025583654642105103, -0.6760104298591614], [0.8007897138595581, 0.08422617614269257, 0.05216861888766289, 0.5906945466995239], [0.9831316471099854, -0.019528431817889214, 0.08945365250110626, 0.15833157300949097], [0.9976071119308472, 0.011874680407345295, 0.0025884502101689577, 0.06806127727031708], [0.9985743165016174, 0.027576778084039688, -0.008632958866655827, 0.044882941991090775], [0.9970483779907227, 0.031946390867233276, -0.04320133104920387, 0.054841041564941406], [0.9936964511871338, -0.025591108947992325, 0.08424817025661469, 0.06938821822404861], [0.998921275138855, 0.03941672295331955, -0.008556968532502651, -0.02300591953098774], [0.07188620418310165, -0.6388266682624817, 0.05109546333551407, -0.7642788887023926], [0.8620098233222961, 0.2817783057689667, 0.4213421642780304, 0.003295537084341049], [0.8723670244216919, -0.047866638749837875, -0.08052291721105576, -0.4797922372817993], [0.9906805753707886, 0.12239670753479004, -0.05702963471412659, 0.017850756645202637], [0.032234854996204376, 0.5836663842201233, -0.04128296673297882, -0.8103026151657104], [0.8937317728996277, -0.2248149961233139, -0.3639986515045166, -0.13493254780769348], [0.6702572107315063, 0.03263068199157715, 0.039698876440525055, -0.7403475642204285], [0.9279056787490845, -0.3553234338760376, 0.10748355090618134, 0.034405454993247986]], "joint_names": ["Hips", "LeftUpLeg", "LeftLeg", "LeftFoot", "LeftToe", "RightUpLeg", "RightLeg", "RightFoot", "RightToe", "Spine", "Spine1", "Spine2", "Neck", "Head", "LeftShoulder", "LeftArm", "LeftForeArm", "LeftHand", "RightShoulder", "RightArm", "RightForeArm", "RightHand"]}