{"root_pos": [124.31729125976562, 82.21552276611328, 8.10251235961914], "local_quat": [[-0.05840581655502319, -0.6534652709960938, -0.7474377155303955, -0.10444473475217819], [-0.0505681186914444, -0.23120039701461792, -0.9689147472381592, -0.07206641137599945], [0.8942230343818665, -0.06356339901685715, -0.03689558058977127, -0.4415467083454132], [0.7550878524780273, 0.022537454962730408, 0.057490285485982895, 0.6527091860771179], [0.9618596434593201, -0.06750393658876419, -0.006008358206599951, 0.26501554250717163], [0.02098066918551922, 0.0121309207752347, 0.9994263648986816, -0.023656612262129784], [0.6589574813842773, 0.07696875184774399, -0.03336146101355553, -0.7474876046180725], [0.7909932136535645, 0.07628460228443146, 0.038478750735521317, 0.6058297753334045], [0.9830835461616516, -0.020098520442843437, 0.09063702076673508, 0.15788525342941284], [0.9974778294563293, 0.005965875461697578, -0.0005677245790138841, 0.0707247331738472], [0.9985138177871704, 0.016080254688858986, -0.011279096826910973, 0.05083819851279259], [0.9968405961990356, 0.020058616995811462, -0.04689400643110275, 0.06088833883404732], [0.9939923882484436, -0.01875234581530094, 0.08465196192264557, 0.06679535657167435], [0.9985899925231934, 0.04452935606241226, -0.009235178120434284, -0.027381541207432747], [0.06686460971832275, -0.637821614742279, 0.044732674956321716, -0.7659711241722107], [0.8728467226028442, 0.24124059081077576, 0.41931626200675964, -0.0641511008143425], [0.8752231597900391, -0.04887549206614494, -0.08214385062456131, -0.47418123483657837], [0.9902423024177551, 0.1251656860113144, -0.05858991667628288, 0.017919115722179413], [0.03399258106946945, 0.576926052570343, -0.04261619597673416, -0.8149753212928772], [0.8867163062095642, -0.23959457874298096, -0.3723410964012146, -0.13300709426403046], [0.7318140864372253, 0.037879578769207, 0.051629554480314255, -0.6784892678260803], [0.93170166015625, -0.3454100787639618, 0.10015122592449188, 0.050925735384225845]], "joint_names": ["Hips", "LeftUpLeg", "LeftLeg", "LeftFoot", "LeftToe", "RightUpLeg", "RightLeg", "RightFoot", "RightToe", "Spine", "Spine1", "Spine2", "Neck", "Head", "LeftShoulder", "LeftArm", "LeftForeArm", "LeftHand", "RightShoulder", "RightArm", "RightForeArm", "RightHand"]}