{"root_pos": [173.37368774414062, 84.35187530517578, 12.778047561645508], "local_quat": [[-0.028478974476456642, -0.6377397179603577, -0.768390417098999, -0.04531237483024597], [-0.022148489952087402, 0.05632409080862999, -0.9978093504905701, -0.026710884645581245], [0.9256504774093628, -0.05469312146306038, -0.04733508452773094, -0.37140175700187683], [0.7498489618301392, 0.01942330412566662, 0.043620530515909195, 0.6598837971687317], [0.9595276117324829, -0.07314197719097137, -0.007978708483278751, 0.27183324098587036], [0.02125491388142109, 0.3226606249809265, 0.9462360143661499, -0.008705470710992813], [0.7649856805801392, 0.10365723073482513, -0.02141750417649746, -0.6352899670600891], [0.7660605907440186, 0.030821628868579865, -0.03402387723326683, 0.641126811504364], [0.982801616191864, -0.02009916864335537, 0.09775900840759277, 0.15537132322788239], [0.9965963959693909, -0.027905331924557686, 0.004291722550988197, 0.07744970172643661], [0.9972270131111145, -0.04603085294365883, 0.009461890906095505, 0.057704005390405655], [0.996288537979126, -0.04301026836037636, -0.03048078715801239, 0.0680454894900322], [0.9909542202949524, 0.0036032753996551037, 0.12472645938396454, 0.049397364258766174], [0.9957935810089111, 0.07475845515727997, -0.03668800741434097, -0.03821377828717232], [0.048729293048381805, -0.644431471824646, 0.014261630363762379, -0.7629746198654175], [0.8543537855148315, 0.09001882374286652, 0.40799644589424133, -0.3090550899505615], [0.8304750323295593, -0.04999657720327377, -0.07405639439821243, -0.5498430132865906], [0.9838261604309082, 0.14879123866558075, -0.09927316755056381, -0.009592928923666477], [0.0477847121655941, 0.5632131099700928, -0.055853892117738724, -0.8230358362197876], [0.8763253688812256, -0.25482845306396484, -0.4042838215827942, -0.06058874726295471], [0.8997704982757568, 0.05534636974334717, 0.09447073191404343, -0.4224039316177368], [0.942225992679596, -0.30642402172088623, 0.08638321608304977, 0.1041751354932785]], "joint_names": ["Hips", "LeftUpLeg", "LeftLeg", "LeftFoot", "LeftToe", "RightUpLeg", "RightLeg", "RightFoot", "RightToe", "Spine", "Spine1", "Spine2", "Neck", "Head", "LeftShoulder", "LeftArm", "LeftForeArm", "LeftHand", "RightShoulder", "RightArm", "RightForeArm", "RightHand"]}