{"root_pos": [102.878173828125, 86.04489135742188, 6.73460578918457], "local_quat": [[-0.07807642966508865, -0.676613450050354, -0.7231540083885193, -0.11465905606746674], [-0.03781095892190933, -0.2687472701072693, -0.9604852199554443, -0.06175251677632332], [0.951337993144989, -0.077321358025074, -0.03101957030594349, -0.296673446893692], [0.8098181486129761, -0.011740135960280895, 0.026551656424999237, 0.5859622359275818], [0.9627086520195007, -0.06537025421857834, -0.005769816692918539, 0.2624605596065521], [0.01833345927298069, -0.1380525529384613, 0.9897356033325195, -0.0320771187543869], [0.8157919049263, 0.07937425374984741, -0.010662033222615719, -0.5727736353874207], [0.8104085326194763, 0.08679601550102234, 0.06555905193090439, 0.5756791234016418], [0.9831842184066772, -0.018781395629048347, 0.08783640712499619, 0.15899953246116638], [0.9976888298988342, 0.01618659682571888, 0.005542250815778971, 0.0657590851187706], [0.9985870122909546, 0.03560199588537216, -0.004984232597053051, 0.03913544490933418], [0.9972744584083557, 0.040146730840206146, -0.038562171161174774, 0.04842311888933182], [0.9930203557014465, -0.032191939651966095, 0.08651914447546005, 0.07340696454048157], [0.9991651773452759, 0.035410329699516296, -0.009947367943823338, -0.01778184063732624], [0.07528290152549744, -0.6407046914100647, 0.05572376027703285, -0.7620531320571899], [0.8447779417037964, 0.31903594732284546, 0.42613351345062256, 0.05455714091658592], [0.8676868081092834, -0.04654698446393013, -0.0778900608420372, -0.4887598752975464], [0.9907204508781433, 0.12249167263507843, -0.05661628022789955, 0.016226202249526978], [0.03140345215797424, 0.5894593000411987, -0.04157703369855881, -0.806115984916687], [0.9001320600509644, -0.2066320776939392, -0.35794657468795776, -0.13762207329273224], [0.6096405386924744, 0.02745324745774269, 0.028761250898241997, -0.7916802167892456], [0.926313042640686, -0.3568168580532074, 0.11938291788101196, 0.01932576298713684]], "joint_names": ["Hips", "LeftUpLeg", "LeftLeg", "LeftFoot", "LeftToe", "RightUpLeg", "RightLeg", "RightFoot", "RightToe", "Spine", "Spine1", "Spine2", "Neck", "Head", "LeftShoulder", "LeftArm", "LeftForeArm", "LeftHand", "RightShoulder", "RightArm", "RightForeArm", "RightHand"]}