{"root_pos": [91.33039855957031, 88.4395523071289, 5.658927917480469], "local_quat": [[-0.08733135461807251, -0.6832922101020813, -0.7149738073348999, -0.11957195401191711], [-0.03107660636305809, -0.2938592731952667, -0.9538255333900452, -0.05383092164993286], [0.9669730067253113, -0.07995674014091492, -0.02863910049200058, -0.24031227827072144], [0.8203260898590088, -0.030617641285061836, 0.0034264319110661745, 0.5710656046867371], [0.9632239937782288, -0.06405864655971527, -0.00548965111374855, 0.26089441776275635], [0.00716874236240983, -0.16701100766658783, 0.9855517148971558, -0.027269624173641205], [0.8753138184547424, 0.07893703877925873, 0.00046721656690351665, -0.4770684838294983], [0.8284813165664673, 0.08911342173814774, 0.07388731837272644, 0.5479217171669006], [0.9832723736763, -0.018202921375632286, 0.08586161583662033, 0.1595989614725113], [0.997678816318512, 0.02248529903590679, 0.006270676385611296, 0.06396939605474472], [0.9983396530151367, 0.04617932811379433, -0.0035751431714743376, 0.03424355015158653], [0.997120201587677, 0.05071543529629707, -0.036473195999860764, 0.043000031262636185], [0.9928410649299622, -0.04072187468409538, 0.08548308908939362, 0.07280838489532471], [0.9995256662368774, 0.027972303330898285, -0.0061361039988696575, -0.011326502077281475], [0.07792327553033829, -0.6404539346694946, 0.059634558856487274, -0.7617023587226868], [0.8260623216629028, 0.3512798249721527, 0.43116873502731323, 0.09119734913110733], [0.8628783822059631, -0.04521993175148964, -0.0752788633108139, -0.49772390723228455], [0.9906982183456421, 0.12315643578767776, -0.055836472660303116, 0.015224206261336803], [0.027927683666348457, 0.5948278903961182, -0.039126619696617126, -0.8024145364761353], [0.9050781726837158, -0.18726161122322083, -0.3506885766983032, -0.15094369649887085], [0.5531901121139526, 0.022560087963938713, 0.018317371606826782, -0.8325480222702026], [0.9245563745498657, -0.3589495122432709, 0.12777647376060486, 0.004873576108366251]], "joint_names": ["Hips", "LeftUpLeg", "LeftLeg", "LeftFoot", "LeftToe", "RightUpLeg", "RightLeg", "RightFoot", "RightToe", "Spine", "Spine1", "Spine2", "Neck", "Head", "LeftShoulder", "LeftArm", "LeftForeArm", "LeftHand", "RightShoulder", "RightArm", "RightForeArm", "RightHand"]}