{"root_pos": [153.947998046875, 81.79357147216797, 10.882691383361816], "local_quat": [[-0.04059227555990219, -0.6355600953102112, -0.7682979106903076, -0.06429533660411835], [-0.04107726737856865, -0.06800097972154617, -0.9956817626953125, -0.04802411422133446], [0.8882283568382263, -0.051765210926532745, -0.04226212203502655, -0.45451584458351135], [0.7118746638298035, 0.03242037817835808, 0.06028775870800018, 0.6989626884460449], [0.9606035947799683, -0.07033379375934601, -0.006878997199237347, 0.2687872052192688], [0.01940360851585865, 0.23929168283939362, 0.9706408977508545, -0.014804818667471409], [0.6243303418159485, 0.0893338993191719, -0.03898834064602852, -0.775055468082428], [0.7585191130638123, 0.03399799019098282, -0.03490983322262764, 0.6498262882232666], [0.9829405546188354, -0.02042790688574314, 0.09429720044136047, 0.15658466517925262], [0.9970513582229614, -0.01304701529443264, -0.002855535363778472, 0.07556570321321487], [0.998047947883606, -0.020746521651744843, -0.0059158033691346645, 0.05860764533281326], [0.9964528679847717, -0.01743059791624546, -0.044334739446640015, 0.06937044858932495], [0.9928467273712158, -0.0008280393667519093, 0.10633650422096252, 0.05428824573755264], [0.9968666434288025, 0.06565529853105545, -0.023568961769342422, -0.03729332610964775], [0.05536561831831932, -0.6347560882568359, 0.02641870640218258, -0.7702735662460327], [0.8604864478111267, 0.13534241914749146, 0.42665332555770874, -0.24333608150482178], [0.8595571517944336, -0.050811491906642914, -0.0811876654624939, -0.5019843578338623], [0.9865038990974426, 0.14172177016735077, -0.08194345235824585, 0.0031999661587178707], [0.04064972326159477, 0.5608910322189331, -0.048451025038957596, -0.8254703879356384], [0.8767650127410889, -0.2536609172821045, -0.3929676115512848, -0.11187340319156647], [0.8693113923072815, 0.05227089673280716, 0.08552885800600052, -0.4839940667152405], [0.940626859664917, -0.31214484572410583, 0.09792391210794449, 0.09054066985845566]], "joint_names": ["Hips", "LeftUpLeg", "LeftLeg", "LeftFoot", "LeftToe", "RightUpLeg", "RightLeg", "RightFoot", "RightToe", "Spine", "Spine1", "Spine2", "Neck", "Head", "LeftShoulder", "LeftArm", "LeftForeArm", "LeftHand", "RightShoulder", "RightArm", "RightForeArm", "RightHand"]}