{"root_pos": [144.13818359375, 81.27986907958984, 9.76805591583252], "local_quat": [[-0.04533585160970688, -0.6387212872505188, -0.7642819285392761, -0.07650391012430191], [-0.046162594109773636, -0.12706927955150604, -0.9889475107192993, -0.060870468616485596], [0.8832961916923523, -0.05523781478404999, -0.038540977984666824, -0.46395185589790344], [0.7172278761863708, 0.029613977298140526, 0.06093882769346237, 0.6935371160507202], [0.9610565900802612, -0.06919341534376144, -0.006525569129735231, 0.2674693763256073], [0.02034326083958149, 0.17729251086711884, 0.9838034510612488, -0.01686061918735504], [0.6014062762260437, 0.08326459676027298, -0.04107774794101715, -0.7935301661491394], [0.7593186497688293, 0.04534878209233284, -0.0165303535759449, 0.6489263772964478], [0.9830018877983093, -0.020395606756210327, 0.09290917962789536, 0.15703251957893372], [0.9972013831138611, -0.006041293498128653, -0.003427865682169795, 0.07443840056657791], [0.998283863067627, -0.00777070876210928, -0.00939291249960661, 0.05727946013212204], [0.9965767860412598, -0.004357794299721718, -0.046877406537532806, 0.06795800477266312], [0.9936766028404236, -0.005637177731841803, 0.09696780890226364, 0.05632316321134567], [0.9976252317428589, 0.05876626819372177, -0.017161821946501732, -0.0315595343708992], [0.05891847610473633, -0.6349276900291443, 0.032487764954566956, -0.7696362137794495], [0.867733895778656, 0.16625750064849854, 0.42426660656929016, -0.19847996532917023], [0.8677147030830383, -0.05071225389838219, -0.08278995752334595, -0.48748865723609924], [0.987801730632782, 0.1380770206451416, -0.0713917687535286, 0.009253127500414848], [0.03765495866537094, 0.5651131272315979, -0.04542263224720955, -0.8229010105133057], [0.8798268437385559, -0.2523239254951477, -0.3842772841453552, -0.12069974094629288], [0.8368269205093384, 0.048391688615083694, 0.07639732211828232, -0.5399467349052429], [0.9386760592460632, -0.3209090232849121, 0.09767808020114899, 0.07977239042520523]], "joint_names": ["Hips", "LeftUpLeg", "LeftLeg", "LeftFoot", "LeftToe", "RightUpLeg", "RightLeg", "RightFoot", "RightToe", "Spine", "Spine1", "Spine2", "Neck", "Head", "LeftShoulder", "LeftArm", "LeftForeArm", "LeftHand", "RightShoulder", "RightArm", "RightForeArm", "RightHand"]}