{"root_pos": [163.5562286376953, 82.84590911865234, 12.041322708129883], "local_quat": [[-0.03403443098068237, -0.6339717507362366, -0.7706595063209534, -0.054821886122226715], [-0.031204959377646446, -0.0050149341113865376, -0.9987947344779968, -0.03755182772874832], [0.9061250686645508, -0.0511290468275547, -0.04720519483089447, -0.4172466993331909], [0.7250156402587891, 0.03228141739964485, 0.05741378292441368, 0.685575544834137], [0.9601061344146729, -0.07160679996013641, -0.0073806471191346645, 0.270211398601532], [0.01933855004608631, 0.2860584557056427, 0.9579334855079651, -0.012648671865463257], [0.6823965907096863, 0.09580563753843307, -0.031855542212724686, -0.7239760756492615], [0.7618486285209656, 0.03178723156452179, -0.03597862645983696, 0.6459734439849854], [0.9828767776489258, -0.020269358530640602, 0.09587132185697556, 0.15604844689369202], [0.9968310594558716, -0.020155295729637146, 0.00012775056529790163, 0.07695145159959793], [0.9976920485496521, -0.03312551975250244, 0.0011169167701154947, 0.0592636838555336], [0.9963840842247009, -0.030027901753783226, -0.03808829188346863, 0.06975926458835602], [0.9920130372047424, 0.0035410516429692507, 0.11506322771310806, 0.05155615508556366], [0.9961099028587341, 0.07209848612546921, -0.030796848237514496, -0.04022955521941185], [0.05195184051990509, -0.6384490728378296, 0.0204155296087265, -0.7676371932029724], [0.8574327230453491, 0.10674597322940826, 0.41750991344451904, -0.28124698996543884], [0.8470290303230286, -0.05059768632054329, -0.07823863625526428, -0.5233166813850403], [0.9851028323173523, 0.1459873616695404, -0.09084010869264603, -0.002874549012631178], [0.04376966506242752, 0.5607359409332275, -0.05155466869473457, -0.825228214263916], [0.8750333786010742, -0.2549942135810852, -0.40128520131111145, -0.09091150015592575], [0.8870847225189209, 0.05431041866540909, 0.09056568145751953, -0.44936496019363403], [0.9415027499198914, -0.30862513184547424, 0.09349959343671799, 0.09788207709789276]], "joint_names": ["Hips", "LeftUpLeg", "LeftLeg", "LeftFoot", "LeftToe", "RightUpLeg", "RightLeg", "RightFoot", "RightToe", "Spine", "Spine1", "Spine2", "Neck", "Head", "LeftShoulder", "LeftArm", "LeftForeArm", "LeftHand", "RightShoulder", "RightArm", "RightForeArm", "RightHand"]}