{"root_pos": [239.39083862304688, 86.53035736083984, 19.68553924560547], "local_quat": [[-0.04006819427013397, -0.6726858019828796, -0.7387184500694275, 0.013546387664973736], [0.042467352002859116, 0.05717381462454796, -0.9960806369781494, -0.05245047062635422], [0.8266140818595886, -0.06089852377772331, -0.0007577534997835755, -0.5594640374183655], [0.8532581925392151, -0.03403498977422714, 0.012279347516596317, 0.5202319025993347], [0.954721212387085, -0.08417360484600067, -0.012747509405016899, 0.2850607633590698], [-0.0749739557504654, 0.17927153408527374, 0.9781244993209839, -0.0742495134472847], [0.9402514100074768, 0.12628759443759918, 0.020965252071619034, -0.3154984414577484], [0.7841150760650635, -0.01077540684491396, -0.07102077454328537, 0.6164442300796509], [0.9820488095283508, -0.02039819024503231, 0.11440926045179367, 0.1485748440027237], [0.9967265725135803, -0.04013858363032341, 0.024774247780442238, 0.06566029042005539], [0.9972085356712341, -0.0553089864552021, 0.03761165216565132, 0.033185310661792755], [0.9975692629814148, -0.047415684908628464, -0.004026006441563368, 0.05090401694178581], [0.9865139126777649, -0.011329875327646732, 0.1453365981578827, 0.07442542165517807], [0.9964373111724854, 0.07053391635417938, -0.04461650550365448, -0.012127733789384365], [0.062487050890922546, -0.6422486305236816, 0.01740521565079689, -0.7637467384338379], [0.8739539384841919, 0.1362103372812271, 0.3989260196685791, -0.24188704788684845], [0.8708494305610657, -0.05368463695049286, -0.08173362910747528, -0.4817248582839966], [0.9890387058258057, 0.09845007956027985, -0.10940377414226532, 0.011868392117321491], [0.04866673797369003, 0.578606128692627, -0.05723612755537033, -0.8121395111083984], [0.8998164534568787, -0.18450061976909637, -0.39317336678504944, 0.04128582030534744], [0.9835460186004639, 0.05872299522161484, 0.12587358057498932, -0.11551935225725174], [0.95184326171875, -0.24794358015060425, 0.0017992070643231273, 0.18032003939151764]], "joint_names": ["Hips", "LeftUpLeg", "LeftLeg", "LeftFoot", "LeftToe", "RightUpLeg", "RightLeg", "RightFoot", "RightToe", "Spine", "Spine1", "Spine2", "Neck", "Head", "LeftShoulder", "LeftArm", "LeftForeArm", "LeftHand", "RightShoulder", "RightArm", "RightForeArm", "RightHand"]}