{"root_pos": [199.70912170410156, 88.67589569091797, 15.434747695922852], "local_quat": [[-0.03088517300784588, -0.6555527448654175, -0.7538003325462341, -0.03288809210062027], [-0.004096216522157192, 0.17042602598667145, -0.9848278164863586, -0.03244045749306679], [0.9482936263084412, -0.06544860452413559, -0.040130771696567535, -0.30796942114830017], [0.830294132232666, -0.01017147395759821, 0.02030785009264946, 0.5568623542785645], [0.9577947854995728, -0.078226737678051, -0.009824375621974468, 0.27642932534217834], [0.014233064837753773, 0.29585573077201843, 0.9550755023956299, -0.00988231971859932], [0.9619733095169067, 0.1199493557214737, 0.015566503629088402, -0.24490244686603546], [0.8098089694976807, 0.0404350645840168, -0.009493225254118443, 0.5852215886116028], [0.9825399518013, -0.01975037157535553, 0.10375113040208817, 0.15316924452781677], [0.9966186881065369, -0.04051155969500542, 0.012388561852276325, 0.07040230929851532], [0.9968846440315247, -0.06416960060596466, 0.022006245329976082, 0.04023788124322891], [0.9966285228729248, -0.06077606603503227, -0.018467742949724197, 0.05192944034934044], [0.987458348274231, -0.003041888354346156, 0.14652977883815765, 0.058700960129499435], [0.9959323406219482, 0.07468045502901077, -0.045326534658670425, -0.02207149751484394], [0.04512474313378334, -0.6564145088195801, 0.004854558035731316, -0.7530340552330017], [0.8549146056175232, 0.074402816593647, 0.40162789821624756, -0.31981274485588074], [0.7905904650688171, -0.047280728816986084, -0.06365317851305008, -0.6071897745132446], [0.9837169051170349, 0.13872095942497253, -0.11284811794757843, -0.017974557355046272], [0.05827757716178894, 0.5813676118850708, -0.06768222898244858, -0.8087239861488342], [0.8810408711433411, -0.24890099465847015, -0.4011576771736145, 0.029796874150633812], [0.9427914619445801, 0.05542736127972603, 0.10511679202318192, -0.3114844262599945], [0.9505505561828613, -0.2758964002132416, 0.05056435987353325, 0.13333448767662048]], "joint_names": ["Hips", "LeftUpLeg", "LeftLeg", "LeftFoot", "LeftToe", "RightUpLeg", "RightLeg", "RightFoot", "RightToe", "Spine", "Spine1", "Spine2", "Neck", "Head", "LeftShoulder", "LeftArm", "LeftForeArm", "LeftHand", "RightShoulder", "RightArm", "RightForeArm", "RightHand"]}