{"root_pos": [246.73880004882812, 86.91324615478516, 20.145160675048828], "local_quat": [[-0.034333426505327225, -0.6747413277626038, -0.7369576096534729, 0.02094934694468975], [0.04829728603363037, 0.01881340891122818, -0.9972924590110779, -0.0521647185087204], [0.807088315486908, -0.05945046246051788, 0.004110526293516159, -0.5874156951904297], [0.8615387082099915, -0.034962888807058334, 0.015967121347784996, 0.5062348246574402], [0.9541183710098267, -0.0850958526134491, -0.013150803744792938, 0.28678202629089355], [-0.08744350075721741, 0.16160278022289276, 0.980021059513092, -0.0761367604136467], [0.9305024743080139, 0.12431367486715317, 0.023915333673357964, -0.34371399879455566], [0.7736127376556396, -0.0240047387778759, -0.08206309378147125, 0.6278636455535889], [0.9819739460945129, -0.020509732887148857, 0.11624659597873688, 0.1476256251335144], [0.9967803955078125, -0.03963552787899971, 0.025765150785446167, 0.06476166099309921], [0.9973349571228027, -0.05295760929584503, 0.03888929635286331, 0.031720444560050964], [0.9977748394012451, -0.04381297156214714, -0.003667037235572934, 0.05012398585677147], [0.9860763549804688, -0.014257080852985382, 0.14689067006111145, 0.07663717865943909], [0.9967026710510254, 0.06815037876367569, -0.04285500571131706, -0.010131211951375008], [0.06439629942178726, -0.6376857161521912, 0.018988709896802902, -0.7673652172088623], [0.8727023005485535, 0.15123572945594788, 0.4010458290576935, -0.23383904993534088], [0.8885625600814819, -0.05495743826031685, -0.08554793149232864, -0.4473452866077423], [0.9896510243415833, 0.08678094297647476, -0.11273247748613358, 0.018744658678770065], [0.04578280448913574, 0.5787292122840881, -0.05527662858366966, -0.812355101108551], [0.8972085118293762, -0.1809241771697998, -0.4018370807170868, 0.028464531525969505], [0.9856958985328674, 0.058938782662153244, 0.1272948682308197, -0.09341289848089218], [0.9506936073303223, -0.24636952579021454, -0.011570770293474197, 0.18801532685756683]], "joint_names": ["Hips", "LeftUpLeg", "LeftLeg", "LeftFoot", "LeftToe", "RightUpLeg", "RightLeg", "RightFoot", "RightToe", "Spine", "Spine1", "Spine2", "Neck", "Head", "LeftShoulder", "LeftArm", "LeftForeArm", "LeftHand", "RightShoulder", "RightArm", "RightForeArm", "RightHand"]}