{"root_pos": [225.23019409179688, 87.3666763305664, 18.137042999267578], "local_quat": [[-0.03934244066476822, -0.6710066795349121, -0.7403673529624939, -0.007641944568604231], [0.022933388128876686, 0.14417821168899536, -0.987709641456604, -0.05582413449883461], [0.9020808935165405, -0.066890187561512, -0.016288816928863525, -0.4260403513908386], [0.8361219763755798, -0.03260532394051552, 0.005886314902454615, 0.5475420355796814], [0.9559144377708435, -0.08246542513370514, -0.0117169339209795, 0.28158441185951233], [-0.04111373424530029, 0.21993979811668396, 0.9735517501831055, -0.04618518054485321], [0.966871976852417, 0.12429825961589813, 0.022904934361577034, -0.22177428007125854], [0.8253270387649536, 0.022190004587173462, -0.028132239356637, 0.5635170340538025], [0.9822140336036682, -0.020186858251690865, 0.11058918386697769, 0.1503930389881134], [0.9967721104621887, -0.040759406983852386, 0.01975378207862377, 0.06628495454788208], [0.9971362352371216, -0.060165759176015854, 0.03107539936900139, 0.03367150202393532], [0.9972055554389954, -0.055417872965335846, -0.009350888431072235, 0.04922007396817207], [0.9866049289703369, -0.009900294244289398, 0.1467656046152115, 0.07051623612642288], [0.9966034889221191, 0.07001254707574844, -0.04130721837282181, -0.01316309254616499], [0.05562499538064003, -0.6519783735275269, 0.011891313828527927, -0.7561010122299194], [0.8710401058197021, 0.10722796618938446, 0.391851007938385, -0.27612343430519104], [0.8265846371650696, -0.05059963837265968, -0.07182275503873825, -0.5559127926826477], [0.9871477484703064, 0.11816255748271942, -0.10755865275859833, -0.0028702670242637396], [0.054684728384017944, 0.5824364423751831, -0.06275541335344315, -0.8086031079292297], [0.890874981880188, -0.21968823671340942, -0.3913179934024811, 0.07034990936517715], [0.9735218286514282, 0.05750551074743271, 0.11885704100131989, -0.18660499155521393], [0.9529333114624023, -0.25608310103416443, 0.022524839267134666, 0.1607237011194229]], "joint_names": ["Hips", "LeftUpLeg", "LeftLeg", "LeftFoot", "LeftToe", "RightUpLeg", "RightLeg", "RightFoot", "RightToe", "Spine", "Spine1", "Spine2", "Neck", "Head", "LeftShoulder", "LeftArm", "LeftForeArm", "LeftHand", "RightShoulder", "RightArm", "RightForeArm", "RightHand"]}