{"root_pos": [232.83346557617188, 86.8106918334961, 19.181941986083984], "local_quat": [[-0.038927849382162094, -0.6718161106109619, -0.739661693572998, 0.006959973368793726], [0.03561531379818916, 0.09989752620458603, -0.9928572773933411, -0.05464750528335571], [0.8640725016593933, -0.06419606506824493, -0.007743664551526308, -0.4991969168186188], [0.8437842130661011, -0.03488624840974808, 0.007317923009395599, 0.5354974865913391], [0.9552980661392212, -0.08339530974626541, -0.012268176302313805, 0.28337299823760986], [-0.059730272740125656, 0.19696728885173798, 0.9765504598617554, -0.06313027441501617], [0.9534705877304077, 0.12660734355449677, 0.02067396230995655, -0.27283138036727905], [0.8056280612945557, 0.006916217040270567, -0.05031406879425049, 0.5902406573295593], [0.9821223020553589, -0.0203007310628891, 0.11261715739965439, 0.14946900308132172], [0.9966835975646973, -0.04059725999832153, 0.023213686421513557, 0.06659383326768875], [0.9970918297767639, -0.05794338136911392, 0.03572917729616165, 0.03426117077469826], [0.997347891330719, -0.0516551248729229, -0.005201912019401789, 0.05100974068045616], [0.986427366733551, -0.008642785251140594, 0.14686907827854156, 0.07290943711996078], [0.9962165355682373, 0.07290291041135788, -0.04547395184636116, -0.01303272508084774], [0.059193678200244904, -0.6476431488990784, 0.014592624269425869, -0.7595009207725525], [0.8735907077789307, 0.11993353068828583, 0.39469102025032043, -0.25821343064308167], [0.8483202457427979, -0.05225782096385956, -0.0768667683005333, -0.5212613344192505], [0.9882197976112366, 0.10923191905021667, -0.10710835456848145, 0.004229954909533262], [0.051481518894433975, 0.5802899599075317, -0.059456679970026016, -0.8106035590171814], [0.8969331383705139, -0.19961676001548767, -0.3904789388179779, 0.056481849402189255], [0.9796264171600342, 0.05825200304389, 0.1229117214679718, -0.1477547287940979], [0.9525924921035767, -0.251595139503479, 0.014079573564231396, 0.17049716413021088]], "joint_names": ["Hips", "LeftUpLeg", "LeftLeg", "LeftFoot", "LeftToe", "RightUpLeg", "RightLeg", "RightFoot", "RightToe", "Spine", "Spine1", "Spine2", "Neck", "Head", "LeftShoulder", "LeftArm", "LeftForeArm", "LeftHand", "RightShoulder", "RightArm", "RightForeArm", "RightHand"]}