{"root_pos": [182.1007080078125, 86.14106750488281, 14.293895721435547], "local_quat": [[-0.027863964438438416, -0.6423086524009705, -0.7649072408676147, -0.03974955901503563], [-0.014534379355609417, 0.10395310819149017, -0.9942561984062195, -0.020908061414957047], [0.937691867351532, -0.058203961700201035, -0.04620755463838577, -0.33942750096321106], [0.7824820280075073, 0.00812230259180069, 0.03300458937883377, 0.6217448115348816], [0.9590089321136475, -0.07465983182191849, -0.0086427116766572, 0.2732270658016205], [0.025626955553889275, 0.3355250954627991, 0.9416586756706238, -0.0067134518176317215], [0.8534384369850159, 0.1114424616098404, -0.007830786518752575, -0.5090797543525696], [0.7827760577201843, 0.03356088325381279, -0.02573760226368904, 0.6208646297454834], [0.982730507850647, -0.019832782447338104, 0.0994734987616539, 0.1547655612230301], [0.9965226054191589, -0.03430306538939476, 0.007454188074916601, 0.0755671039223671], [0.9969339370727539, -0.056055422872304916, 0.015053875744342804, 0.05247737839818001], [0.9962858557701111, -0.052911680191755295, -0.025210684165358543, 0.06308204680681229], [0.9895620942115784, 0.0019830523524433374, 0.13440269231796265, 0.05195144563913345], [0.9956961274147034, 0.07580666989088058, -0.04129432141780853, -0.03372540324926376], [0.04580041021108627, -0.6499213576316833, 0.009108246304094791, -0.7585655450820923], [0.8524997234344482, 0.07717743515968323, 0.40258461236953735, -0.3243662416934967], [0.8116682171821594, -0.04882534220814705, -0.06927860528230667, -0.577937126159668], [0.9828112721443176, 0.1481974720954895, -0.10895036160945892, -0.015787307173013687], [0.05229092761874199, 0.5688466429710388, -0.0607898123562336, -0.8185253143310547], [0.8769930005073547, -0.25766050815582275, -0.4046615958213806, -0.02726384438574314], [0.9144090414047241, 0.05566858500242233, 0.0980430319905281, -0.3887733519077301], [0.9445430636405945, -0.2987577021121979, 0.07641907781362534, 0.112882599234581]], "joint_names": ["Hips", "LeftUpLeg", "LeftLeg", "LeftFoot", "LeftToe", "RightUpLeg", "RightLeg", "RightFoot", "RightToe", "Spine", "Spine1", "Spine2", "Neck", "Head", "LeftShoulder", "LeftArm", "LeftForeArm", "LeftHand", "RightShoulder", "RightArm", "RightForeArm", "RightHand"]}