{"root_pos": [208.16412353515625, 88.76775360107422, 16.037200927734375], "local_quat": [[-0.042393557727336884, -0.6630250215530396, -0.7466341257095337, -0.033734776079654694], [0.0006227593985386193, 0.1826770007610321, -0.982248842716217, -0.04261235147714615], [0.9452570676803589, -0.06710202991962433, -0.03540487959980965, -0.317384272813797], [0.8380054235458374, -0.018298087641596794, 0.013524084351956844, 0.5451872944831848], [0.957186222076416, -0.07988623529672623, -0.010427987203001976, 0.27803587913513184], [-0.000936411670409143, 0.26072195172309875, 0.9653070569038391, -0.014332580380141735], [0.9789923429489136, 0.12053398787975311, 0.023714613169431686, -0.1627366989850998], [0.8208356499671936, 0.038258541375398636, -0.007884236052632332, 0.5698270797729492], [0.9824347496032715, -0.019789760932326317, 0.10599356144666672, 0.15230143070220947], [0.996553897857666, -0.04111700505018234, 0.014471803791821003, 0.07057105749845505], [0.996894359588623, -0.06397895514965057, 0.024657374247908592, 0.03873421624302864], [0.9967445731163025, -0.060438696295022964, -0.01593642495572567, 0.05092661455273628], [0.9868316054344177, -0.0077163418754935265, 0.14874772727489471, 0.0630713477730751], [0.9963943958282471, 0.07072432339191437, -0.042726315557956696, -0.019256144762039185], [0.04761699587106705, -0.6562244296073914, 0.0060543036088347435, -0.7530375123023987], [0.8611104488372803, 0.08237381279468536, 0.3994792699813843, -0.30351221561431885], [0.7956591844558716, -0.047379568219184875, -0.06419853866100311, -0.6004666686058044], [0.9854773283004761, 0.12935784459114075, -0.10915940999984741, -0.013607948087155819], [0.058904461562633514, 0.5840234756469727, -0.0683167353272438, -0.8067091107368469], [0.8825200796127319, -0.24063867330551147, -0.40020787715911865, 0.05554136633872986], [0.9546688199043274, 0.055888112634420395, 0.1095152348279953, -0.27109113335609436], [0.9529218673706055, -0.26435673236846924, 0.039218805730342865, 0.14323902130126953]], "joint_names": ["Hips", "LeftUpLeg", "LeftLeg", "LeftFoot", "LeftToe", "RightUpLeg", "RightLeg", "RightFoot", "RightToe", "Spine", "Spine1", "Spine2", "Neck", "Head", "LeftShoulder", "LeftArm", "LeftForeArm", "LeftHand", "RightShoulder", "RightArm", "RightForeArm", "RightHand"]}