{"root_pos": [216.975341796875, 88.12628173828125, 16.995323181152344], "local_quat": [[-0.044327836483716965, -0.6665893197059631, -0.7436991333961487, -0.02460494451224804], [0.010194840840995312, 0.17334546148777008, -0.983445405960083, -0.051793962717056274], [0.9323797821998596, -0.06837275624275208, -0.02675260789692402, -0.3539455831050873], [0.8347092866897583, -0.026341507211327553, 0.008904054760932922, 0.5499883890151978], [0.9565529227256775, -0.08130796998739243, -0.01111174188554287, 0.2797712981700897], [-0.021117694675922394, 0.23488767445087433, 0.9713802337646484, -0.028325434774160385], [0.9775350689888, 0.12269583344459534, 0.024179702624678612, -0.16966550052165985], [0.829380989074707, 0.035100698471069336, -0.011584050953388214, 0.5574593544006348], [0.9823204278945923, -0.019958050921559334, 0.10836651176214218, 0.15134413540363312], [0.9966415762901306, -0.04054730758070946, 0.01660623960196972, 0.0691787376999855], [0.9970502257347107, -0.06164274364709854, 0.027104180306196213, 0.03682812675833702], [0.9969622492790222, -0.05786481127142906, -0.013295860961079597, 0.05040924251079559], [0.986757755279541, -0.01002803910523653, 0.14757497608661652, 0.06655948609113693], [0.9967390298843384, 0.068532295525074, -0.03944564238190651, -0.016086725518107414], [0.051419947296381, -0.6551783084869385, 0.008776607923209667, -0.7536712884902954], [0.8669698238372803, 0.09259204566478729, 0.39298537373542786, -0.29215148091316223], [0.8074524998664856, -0.04866456985473633, -0.06707490235567093, -0.5840832591056824], [0.9862788915634155, 0.12447546422481537, -0.10807782411575317, -0.008888661861419678], [0.057261206209659576, 0.584301769733429, -0.0658504068851471, -0.8068310618400574], [0.8844189643859863, -0.23433548212051392, -0.3969217538833618, 0.07309632748365402], [0.9648803472518921, 0.056535445153713226, 0.11388538032770157, -0.22986894845962524], [0.9533839225769043, -0.25914856791496277, 0.02994212880730629, 0.15167216956615448]], "joint_names": ["Hips", "LeftUpLeg", "LeftLeg", "LeftFoot", "LeftToe", "RightUpLeg", "RightLeg", "RightFoot", "RightToe", "Spine", "Spine1", "Spine2", "Neck", "Head", "LeftShoulder", "LeftArm", "LeftForeArm", "LeftHand", "RightShoulder", "RightArm", "RightForeArm", "RightHand"]}