{"root_pos": [190.94309997558594, 87.76114654541016, 14.251724243164062], "local_quat": [[-0.026967838406562805, -0.6498966813087463, -0.7587565183639526, -0.0345768928527832], [-0.00607934407889843, 0.14543256163597107, -0.989116370677948, -0.021475020796060562], [0.9464020133018494, -0.061068493872880936, -0.04749898612499237, -0.3135886788368225], [0.8119332194328308, 0.0043981680646538734, 0.03126339614391327, 0.5828959941864014], [0.9583613872528076, -0.07658252865076065, -0.009148159064352512, 0.2749451696872711], [0.02333964593708515, 0.3224286139011383, 0.9462772011756897, -0.007384028751403093], [0.9221934676170349, 0.11788734048604965, 0.003542108926922083, -0.368306040763855], [0.8002792000770569, 0.04137171059846878, -0.013576362282037735, 0.5980445146560669], [0.9826378226280212, -0.01979397051036358, 0.10170378535985947, 0.15390726923942566], [0.996613085269928, -0.03825606033205986, 0.009769578464329243, 0.07213437557220459], [0.9969024062156677, -0.06172722205519676, 0.018306203186511993, 0.04516763240098953], [0.9964556097984314, -0.05846220254898071, -0.02204863540828228, 0.0563228614628315], [0.9883459806442261, 0.00032530780299566686, 0.1412975788116455, 0.056630946695804596], [0.9956943392753601, 0.07632358372211456, -0.044343288987874985, -0.0283048078417778], [0.044452354311943054, -0.6533839106559753, 0.005814102943986654, -0.755698025226593], [0.8538840413093567, 0.0720907524228096, 0.39960986375808716, -0.32557180523872375], [0.7959505915641785, -0.04799786955118179, -0.06571194529533386, -0.5998672246932983], [0.9824929237365723, 0.14618995785713196, -0.11378508806228638, -0.019728900864720345], [0.056161172688007355, 0.5751004219055176, -0.06526386737823486, -0.8135392069816589], [0.8775505423545837, -0.25634443759918213, -0.40520399808883667, 0.001512938761152327], [0.9291305541992188, 0.055494274944067, 0.10148732364177704, -0.35119372606277466], [0.9476240873336792, -0.28767865896224976, 0.06422067433595657, 0.12298490107059479]], "joint_names": ["Hips", "LeftUpLeg", "LeftLeg", "LeftFoot", "LeftToe", "RightUpLeg", "RightLeg", "RightFoot", "RightToe", "Spine", "Spine1", "Spine2", "Neck", "Head", "LeftShoulder", "LeftArm", "LeftForeArm", "LeftHand", "RightShoulder", "RightArm", "RightForeArm", "RightHand"]}