{"root_pos": [-330.56561279296875, 75.96156311035156, -9.320910453796387], "local_quat": [[-0.0385981947183609, -0.8253690600395203, -0.5631740093231201, 0.010543294250965118], [0.04620923846960068, -0.06553886830806732, -0.9949268102645874, -0.060745030641555786], [0.7094534039497375, -0.008312759920954704, 0.07048818469047546, -0.7011691331863403], [0.8602579832077026, -0.0883643850684166, -0.060391176491975784, 0.4984985291957855], [0.9825242757797241, -4.898953648080351e-06, 2.6703391995397396e-05, 0.1861344277858734], [-0.10176804661750793, 0.5461225509643555, 0.8256080746650696, -0.09881621599197388], [0.8269193172454834, -0.003916894551366568, -0.015671104192733765, -0.5620884895324707], [0.6998201608657837, -0.03303487226366997, -0.05133476480841637, 0.7117058038711548], [0.9825242757797241, 5.022876848670421e-06, -2.6466752387932502e-05, 0.18613436818122864], [0.9957535862922668, -0.006825176067650318, 0.019954349845647812, 0.08961039781570435], [0.9948720335960388, -0.011893626302480698, 0.04041072726249695, 0.09195172786712646], [0.9951235055923462, -0.012025412172079086, 0.040370527654886246, 0.08918978273868561], [0.9552263021469116, -0.0028006413485854864, 0.24295614659786224, -0.16884054243564606], [0.9746066331863403, 0.13649806380271912, -0.15076439082622528, -0.09370317310094833], [-0.01774383895099163, -0.6752793788909912, 0.00012429100752342492, -0.7373484969139099], [0.8918097019195557, 0.16235484182834625, 0.42227333784103394, 0.0012579674366861582], [0.6961750984191895, 0.006121063604950905, -0.02479603886604309, -0.7174174785614014], [0.9699012041091919, 0.17998869717121124, -0.16367073357105255, -0.010371475480496883], [0.01824897713959217, 0.5948277711868286, -0.039848484098911285, -0.802657425403595], [0.9237446188926697, -0.14745411276817322, -0.35098668932914734, 0.041969530284404755], [0.5856509208679199, -0.009426592849195004, 0.02744092047214508, -0.8100438714027405], [0.9381870627403259, -0.21236832439899445, 0.27324149012565613, 0.006614895537495613]], "joint_names": ["Hips", "LeftUpLeg", "LeftLeg", "LeftFoot", "LeftToe", "RightUpLeg", "RightLeg", "RightFoot", "RightToe", "Spine", "Spine1", "Spine2", "Neck", "Head", "LeftShoulder", "LeftArm", "LeftForeArm", "LeftHand", "RightShoulder", "RightArm", "RightForeArm", "RightHand"]}