{"root_pos": [246.4046630859375, 86.963623046875, 20.00874900817871], "local_quat": [[-0.030930722132325172, -0.675004780292511, -0.736507773399353, 0.031114283949136734], [0.0670539140701294, -0.006040676962584257, -0.9976519346237183, -0.012564707547426224], [0.8041534423828125, 0.021013738587498665, 0.05906692519783974, -0.5911063551902771], [0.8510264754295349, -0.03218623623251915, -0.02647635154426098, 0.5234663486480713], [0.9825242757797241, -4.869981694355374e-06, 2.669111745490227e-05, 0.18613438308238983], [-0.09481655061244965, 0.16227023303508759, 0.9783636927604675, -0.08650225400924683], [0.9442307949066162, 0.003904131008312106, -0.03185972571372986, -0.32771608233451843], [0.7640735507011414, -0.017571046948432922, -0.03917936235666275, 0.6436985731124878], [0.9825242757797241, 5.0175522119388916e-06, -2.6485524358577095e-05, 0.18613439798355103], [0.997614860534668, -0.02101743407547474, 0.01195168774574995, 0.06465231627225876], [0.9979472160339355, -0.04093921557068825, 0.025688620284199715, 0.04201716184616089], [0.9980599880218506, -0.041022732853889465, 0.025553705170750618, 0.03924683481454849], [0.9919402003288269, -0.024906445294618607, 0.11176882684230804, 0.0542406402528286], [0.9984337687492371, 0.03245081007480621, -0.039095520973205566, 0.023420121520757675], [-0.02482284978032112, -0.6331720948219299, -0.010211368091404438, -0.7735454440116882], [0.8538821339607239, 0.2552276849746704, 0.3752038776874542, -0.2548845112323761], [0.9108525514602661, -0.039823029190301895, -0.12989404797554016, -0.38972973823547363], [0.9784497022628784, 0.1103801503777504, -0.17450150847434998, 0.0012745551066473126], [0.028333205729722977, 0.5936405062675476, -0.05191538855433464, -0.8025540113449097], [0.8974226117134094, -0.13219496607780457, -0.41986384987831116, 0.02952077053487301], [0.9951414465904236, -0.0011050074826925993, 0.08318823575973511, -0.052648935467004776], [0.9358629584312439, -0.30111151933670044, 0.0072217159904539585, 0.182866632938385]], "joint_names": ["Hips", "LeftUpLeg", "LeftLeg", "LeftFoot", "LeftToe", "RightUpLeg", "RightLeg", "RightFoot", "RightToe", "Spine", "Spine1", "Spine2", "Neck", "Head", "LeftShoulder", "LeftArm", "LeftForeArm", "LeftHand", "RightShoulder", "RightArm", "RightForeArm", "RightHand"]}