{"root_pos": [-125.81095886230469, 76.37680053710938, -65.34183502197266], "local_quat": [[0.2626609206199646, -0.7487149238586426, -0.6028192043304443, 0.08392961323261261], [0.0545443594455719, -0.33044031262397766, -0.9421322345733643, 0.014862741343677044], [0.9344844222068787, 0.05429774522781372, 0.00795588456094265, -0.351749062538147], [0.7739531397819519, -0.05002966150641441, -0.12539629638195038, 0.6186836361885071], [0.9827467203140259, -0.001092131482437253, 0.0018036180408671498, 0.18494409322738647], [0.02905135415494442, -0.060022953897714615, 0.9917706847190857, -0.10928899794816971], [0.8580974340438843, -0.12801803648471832, -0.053343527019023895, -0.4944033622741699], [0.8117676973342896, -0.07700224220752716, 0.0014402002561837435, 0.578879714012146], [0.9822676777839661, -0.000997032504528761, 0.0006337011582218111, 0.187480166554451], [0.9979958534240723, 0.024507775902748108, -0.002905328292399645, 0.05826887860894203], [0.99818354845047, 0.0480005219578743, -0.010507357306778431, 0.03485662117600441], [0.9982064366340637, 0.048526301980018616, -0.010568092577159405, 0.03342669457197189], [0.9701000452041626, -0.1253843903541565, -0.2000301629304886, -0.05632653087377548], [0.9291645288467407, -0.2555115520954132, 0.24937619268894196, 0.09580505639314651], [0.059903886169195175, -0.607323169708252, 0.09248533099889755, -0.786776065826416], [0.9064703583717346, 0.21808914840221405, 0.3486427664756775, 0.0958998054265976], [0.4843330383300781, 0.014104222878813744, -0.027001909911632538, -0.8743532299995422], [0.931394636631012, 0.35798346996307373, -0.008403792046010494, 0.06543035805225372], [-0.020935814827680588, 0.6396498084068298, 0.0042764595709741116, -0.7683694362640381], [0.8698940277099609, -0.23598109185695648, -0.3909207284450531, -0.18648937344551086], [0.5690802931785583, -0.019183650612831116, 0.02481345646083355, -0.8216835260391235], [0.9808487296104431, -0.1843775063753128, 0.06271832436323166, -0.002671017311513424]], "joint_names": ["Hips", "LeftUpLeg", "LeftLeg", "LeftFoot", "LeftToe", "RightUpLeg", "RightLeg", "RightFoot", "RightToe", "Spine", "Spine1", "Spine2", "Neck", "Head", "LeftShoulder", "LeftArm", "LeftForeArm", "LeftHand", "RightShoulder", "RightArm", "RightForeArm", "RightHand"]}