{"root_pos": [-69.86390686035156, 73.36787414550781, -82.39533996582031], "local_quat": [[0.09110119193792343, -0.711976170539856, -0.6830482482910156, -0.1350393444299698], [0.0507594496011734, -0.056837089359760284, -0.9967415928840637, 0.026442741975188255], [0.8752626776695251, 0.07671613991260529, 0.012550948187708855, -0.47735974192619324], [0.802553117275238, -0.017626315355300903, -0.09273286163806915, 0.589065670967102], [0.9826635122299194, -0.007950342260301113, 0.007475346326828003, 0.18507623672485352], [0.0013314451789483428, 0.3605819642543793, 0.9285044074058533, -0.08864802867174149], [0.8801447749137878, -0.08709445595741272, -0.0677385926246643, -0.46170467138290405], [0.7588216662406921, -0.06952956318855286, -0.041464101523160934, 0.6462476849555969], [0.9815042614936829, -0.0036189404781907797, 0.0035383659414947033, 0.19137334823608398], [0.9958251118659973, -0.011133956722915173, -0.011263270862400532, 0.08989708125591278], [0.9964371919631958, -0.026318084448575974, -0.018459443002939224, 0.07797157764434814], [0.9974580407142639, -0.02585742436349392, -0.01743505895137787, 0.0640697106719017], [0.9831441044807434, -0.10713077336549759, -0.14290116727352142, -0.03911338374018669], [0.9505518078804016, -0.21517589688301086, 0.21129010617733002, 0.07420964539051056], [0.008333045989274979, -0.6102179288864136, 0.04988895356655121, -0.7906174063682556], [0.8784056901931763, 0.10918719321489334, 0.4617549777030945, -0.057131558656692505], [0.4605974555015564, 0.01861395873129368, -0.022473663091659546, -0.8871293067932129], [0.9297101497650146, 0.3594067096710205, -0.05730750784277916, 0.05640657618641853], [-0.005128265358507633, 0.6302376985549927, -0.021846052259206772, -0.7760778665542603], [0.8569658994674683, -0.29213881492614746, -0.42347410321235657, -0.030561072751879692], [0.699263870716095, -0.004294173326343298, 0.053218502551317215, -0.712867021560669], [0.9844533205032349, -0.15095505118370056, 0.08286696672439575, 0.03460158780217171]], "joint_names": ["Hips", "LeftUpLeg", "LeftLeg", "LeftFoot", "LeftToe", "RightUpLeg", "RightLeg", "RightFoot", "RightToe", "Spine", "Spine1", "Spine2", "Neck", "Head", "LeftShoulder", "LeftArm", "LeftForeArm", "LeftHand", "RightShoulder", "RightArm", "RightForeArm", "RightHand"]}