{"root_pos": [-91.40740966796875, 68.99498748779297, -79.61216735839844], "local_quat": [[0.16906392574310303, -0.7340618371963501, -0.6564769148826599, -0.040107470005750656], [0.05140364542603493, -0.18681323528289795, -0.9809827208518982, 0.011462283320724964], [0.8608242273330688, 0.08009751886129379, 0.0036102295853197575, -0.5025464296340942], [0.6929619312286377, -0.0031647630967199802, -0.08520989865064621, 0.7159140706062317], [0.9829481840133667, -0.004689315799623728, 0.0042867837473750114, 0.1837729513645172], [0.040710560977458954, 0.24123035371303558, 0.9647137522697449, -0.09735513478517532], [0.6927074790000916, -0.11500628292560577, -0.08972284197807312, -0.7063140869140625], [0.7345014810562134, -0.08248438686132431, -0.05366690829396248, 0.6714341044425964], [0.9818551540374756, -0.0032255223486572504, 0.0025180517695844173, 0.18958860635757446], [0.9968765377998352, 0.0026286698412150145, -0.008321144618093967, 0.07849252223968506], [0.9972939491271973, 0.0028221355751156807, -0.020374199375510216, 0.07058147341012955], [0.9979150295257568, 0.004573742393404245, -0.0188214760273695, 0.06156635284423828], [0.9795677661895752, -0.10481400042772293, -0.1623072326183319, -0.05583341047167778], [0.9454785585403442, -0.22287577390670776, 0.22613684833049774, 0.07251822203397751], [0.029759157449007034, -0.6013957262039185, 0.06770546734333038, -0.7955209612846375], [0.9021144509315491, 0.11538463830947876, 0.41445761919021606, -0.03317933902144432], [0.4835492968559265, 0.013285896740853786, -0.028735898435115814, -0.8747444748878479], [0.9246091842651367, 0.3742263913154602, -0.04162827879190445, 0.05761567875742912], [-0.00824744626879692, 0.6216577291488647, -0.013873368501663208, -0.7831227779388428], [0.8684033155441284, -0.22898294031620026, -0.43087559938430786, -0.08825315535068512], [0.6707181930541992, -0.005361142568290234, 0.047031961381435394, -0.7402001619338989], [0.9793679118156433, -0.17417535185813904, 0.10132762789726257, 0.015303436666727066]], "joint_names": ["Hips", "LeftUpLeg", "LeftLeg", "LeftFoot", "LeftToe", "RightUpLeg", "RightLeg", "RightFoot", "RightToe", "Spine", "Spine1", "Spine2", "Neck", "Head", "LeftShoulder", "LeftArm", "LeftForeArm", "LeftHand", "RightShoulder", "RightArm", "RightForeArm", "RightHand"]}