{"root_pos": [-76.73162078857422, 71.85791015625, -82.01126861572266], "local_quat": [[0.11834340542554855, -0.7194325923919678, -0.6761738061904907, -0.10583318024873734], [0.05127996951341629, -0.09275542944669724, -0.9940230250358582, 0.02617206797003746], [0.8700900673866272, 0.07784392684698105, 0.010111845098435879, -0.486601859331131], [0.7706193327903748, -0.00975903682410717, -0.08542437851428986, 0.631469190120697], [0.9827671051025391, -0.007055077236145735, 0.00647615035995841, 0.18459977209568024], [0.016745194792747498, 0.34801119565963745, 0.9331149458885193, -0.08890592306852341], [0.8239279389381409, -0.09712959825992584, -0.0774507001042366, -0.5529105067253113], [0.7481001615524292, -0.07134613394737244, -0.04349652677774429, 0.6583038568496704], [0.9816216826438904, -0.0035073664039373398, 0.003179824911057949, 0.1907786875963211], [0.9959504008293152, -0.006757376249879599, -0.011501663364470005, 0.08890902251005173], [0.9964577555656433, -0.01724831573665142, -0.02130785398185253, 0.07950075715780258], [0.9974667429924011, -0.016429109498858452, -0.019952507689595222, 0.06627324223518372], [0.9822149276733398, -0.10518674552440643, -0.14860829710960388, -0.04588157311081886], [0.9493483304977417, -0.2166045606136322, 0.21598383784294128, 0.07191037386655807], [0.013479004614055157, -0.6066433787345886, 0.05408146232366562, -0.7930178046226501], [0.8858497142791748, 0.10277663916349411, 0.4491177499294281, -0.0547785684466362], [0.46735072135925293, 0.01672985404729843, -0.024766890332102776, -0.8835667371749878], [0.9278308153152466, 0.3646448254585266, -0.055310726165771484, 0.05572203919291496], [-0.006752573419362307, 0.6287972927093506, -0.01888359896838665, -0.7773104906082153], [0.8601279258728027, -0.27235841751098633, -0.42793843150138855, -0.053567562252283096], [0.694515585899353, -0.00375536666251719, 0.052718427032232285, -0.7175337672233582], [0.9828095436096191, -0.15715530514717102, 0.09250262379646301, 0.028825858607888222]], "joint_names": ["Hips", "LeftUpLeg", "LeftLeg", "LeftFoot", "LeftToe", "RightUpLeg", "RightLeg", "RightFoot", "RightToe", "Spine", "Spine1", "Spine2", "Neck", "Head", "LeftShoulder", "LeftArm", "LeftForeArm", "LeftHand", "RightShoulder", "RightArm", "RightForeArm", "RightHand"]}