{"root_pos": [-132.45208740234375, 78.61595916748047, -60.875823974609375], "local_quat": [[0.27174416184425354, -0.7493459582328796, -0.5958429574966431, 0.0980144664645195], [0.05185319483280182, -0.3430568277835846, -0.9377527832984924, 0.015591252595186234], [0.949883759021759, 0.04863874986767769, 0.008662697859108448, -0.30867472290992737], [0.7981436252593994, -0.05752715840935707, -0.13014642894268036, 0.5854222774505615], [0.9826385974884033, -0.0005515103694051504, 0.000899546779692173, 0.18552695214748383], [0.018232518807053566, -0.08363005518913269, 0.9901895523071289, -0.11044564098119736], [0.9041689038276672, -0.1243269219994545, -0.043025627732276917, -0.4064113199710846], [0.8263449668884277, -0.0754644125699997, 0.009637437760829926, 0.5580021142959595], [0.9823845624923706, -0.0005696197040379047, 0.000297724996926263, 0.1868693083524704], [0.9978208541870117, 0.02799011394381523, -0.003369557438418269, 0.05965600907802582], [0.9978307485580444, 0.0551241934299469, -0.010500731877982616, 0.03442102298140526], [0.9978803992271423, 0.055364396423101425, -0.01068092416971922, 0.032485753297805786], [0.9682005047798157, -0.1297590285539627, -0.20527739822864532, -0.060096222907304764], [0.9256685376167297, -0.26243358850479126, 0.2555818259716034, 0.09457419812679291], [0.062013715505599976, -0.6097063422203064, 0.09400831162929535, -0.7845857739448547], [0.902412474155426, 0.23563948273658752, 0.3422647714614868, 0.11393293738365173], [0.48848140239715576, 0.01479276828467846, -0.0269996989518404, -0.872031033039093], [0.9331930875778198, 0.35301485657691956, -0.00378979928791523, 0.06720740348100662], [-0.02442850172519684, 0.6437095999717712, 0.008540015667676926, -0.7648321390151978], [0.867638349533081, -0.22851327061653137, -0.38915082812309265, -0.20867928862571716], [0.5507808327674866, -0.02163434587419033, 0.021222682669758797, -0.834099531173706], [0.9803476333618164, -0.18767617642879486, 0.06055636331439018, -0.005394414067268372]], "joint_names": ["Hips", "LeftUpLeg", "LeftLeg", "LeftFoot", "LeftToe", "RightUpLeg", "RightLeg", "RightFoot", "RightToe", "Spine", "Spine1", "Spine2", "Neck", "Head", "LeftShoulder", "LeftArm", "LeftForeArm", "LeftHand", "RightShoulder", "RightArm", "RightForeArm", "RightHand"]}