{"root_pos": [-119.32183074951172, 73.45848083496094, -69.75527954101562], "local_quat": [[0.2520712614059448, -0.7470183968544006, -0.6114499568939209, 0.06747233122587204], [0.058833491057157516, -0.3152357041835785, -0.9471126794815063, 0.011943988502025604], [0.914848804473877, 0.05955439805984497, 0.007461985107511282, -0.39931100606918335], [0.741580069065094, -0.03704321011900902, -0.11230027675628662, 0.6603601574897766], [0.982856035232544, -0.001619177870452404, 0.002568693133071065, 0.1843494027853012], [0.03749752789735794, -0.021609554067254066, 0.9935954213142395, -0.10437911748886108], [0.7923462390899658, -0.12928646802902222, -0.06645022332668304, -0.5925003886222839], [0.791079044342041, -0.07954225689172745, -0.013027403503656387, 0.6063804626464844], [0.9821755886077881, -0.001420317799784243, 0.0010258473921567202, 0.18795737624168396], [0.9981364011764526, 0.019890764728188515, -0.0026803247164934874, 0.05762775242328644], [0.9984925389289856, 0.03876034915447235, -0.010933337733149529, 0.0372922457754612], [0.9985077381134033, 0.03966718912124634, -0.01068948209285736, 0.03598020598292351], [0.9720953702926636, -0.12045109272003174, -0.19416464865207672, -0.05312477797269821], [0.9327352643013, -0.24815456569194794, 0.24350780248641968, 0.09554144740104675], [0.05660100653767586, -0.6054823994636536, 0.08991960436105728, -0.7887343764305115], [0.9126107096672058, 0.19307805597782135, 0.3540055453777313, 0.06739885360002518], [0.4826204478740692, 0.012562022544443607, -0.028250152245163918, -0.8752837777137756], [0.9287453293800354, 0.3650209605693817, -0.0144768375903368, 0.06310325860977173], [-0.01699196547269821, 0.635225236415863, -0.0006087880465202034, -0.7721397876739502], [0.8712331652641296, -0.23909102380275726, -0.39768192172050476, -0.16011634469032288], [0.589396595954895, -0.016171833500266075, 0.028842801228165627, -0.8071667551994324], [0.9804772138595581, -0.1840430200099945, 0.06922342628240585, -0.0009336489019915462]], "joint_names": ["Hips", "LeftUpLeg", "LeftLeg", "LeftFoot", "LeftToe", "RightUpLeg", "RightLeg", "RightFoot", "RightToe", "Spine", "Spine1", "Spine2", "Neck", "Head", "LeftShoulder", "LeftArm", "LeftForeArm", "LeftHand", "RightShoulder", "RightArm", "RightForeArm", "RightHand"]}