{"root_pos": [-112.47480010986328, 70.19009399414062, -73.55442810058594], "local_quat": [[0.23930363357067108, -0.7450456023216248, -0.6206957101821899, 0.04876163229346275], [0.06494675576686859, -0.2955447733402252, -0.9530975222587585, 0.006352391093969345], [0.8945212960243225, 0.06507384032011032, 0.006788154598325491, -0.44221144914627075], [0.7083272337913513, -0.024023471400141716, -0.0991469994187355, 0.6984735727310181], [0.9829398989677429, -0.0021741255186498165, 0.003174995305016637, 0.18388687074184418], [0.04486643150448799, 0.028403572738170624, 0.9936210513114929, -0.09948548674583435], [0.7178040742874146, -0.1291816085577011, -0.07823500037193298, -0.6796680092811584], [0.7674646973609924, -0.08405016362667084, -0.03086867183446884, 0.6348074674606323], [0.9821024537086487, -0.001831894856877625, 0.0014834462199360132, 0.18833239376544952], [0.9981534481048584, 0.014692171476781368, -0.0031734236981719732, 0.05885299667716026], [0.998595118522644, 0.02839849516749382, -0.012428771704435349, 0.04297473281621933], [0.9986432790756226, 0.029901565983891487, -0.011540682055056095, 0.04104124754667282], [0.9743293523788452, -0.1148880273103714, -0.1868419498205185, -0.05072575435042381], [0.936549961566925, -0.2399263083934784, 0.2382277399301529, 0.09250488132238388], [0.051799383014440536, -0.6043644547462463, 0.08599864691495895, -0.7903572916984558], [0.9176843762397766, 0.16637317836284637, 0.35893887281417847, 0.03658132627606392], [0.48549574613571167, 0.011502992361783981, -0.02961905114352703, -0.8736613988876343], [0.9267429113388062, 0.3700076937675476, -0.021920353174209595, 0.061331115663051605], [-0.013455033302307129, 0.62985759973526, -0.005074206739664078, -0.7765775322914124], [0.8699157238006592, -0.23661775887012482, -0.4108463525772095, -0.13588255643844604], [0.610190212726593, -0.013199512846767902, 0.03278089687228203, -0.791466474533081], [0.979427695274353, -0.1858549416065216, 0.07860224694013596, 0.0009803372668102384]], "joint_names": ["Hips", "LeftUpLeg", "LeftLeg", "LeftFoot", "LeftToe", "RightUpLeg", "RightLeg", "RightFoot", "RightToe", "Spine", "Spine1", "Spine2", "Neck", "Head", "LeftShoulder", "LeftArm", "LeftForeArm", "LeftHand", "RightShoulder", "RightArm", "RightForeArm", "RightHand"]}