{"root_pos": [-105.20268249511719, 68.63595581054688, -76.73756408691406], "local_quat": [[0.22442658245563507, -0.7417032122612, -0.6315730214118958, 0.024991272017359734], [0.07040297985076904, -0.2726593315601349, -0.9595311880111694, 0.00030988227808848023], [0.875730037689209, 0.07244454324245453, 0.004168559797108173, -0.47731679677963257], [0.6850548386573792, -0.013190354220569134, -0.09279794991016388, 0.7224364876747131], [0.9830115437507629, -0.0027498432900756598, 0.003394127357751131, 0.1834917664527893], [0.05026168003678322, 0.09136229008436203, 0.9897910952568054, -0.09716092050075531], [0.6623743176460266, -0.12505210936069489, -0.0889488086104393, -0.7332873344421387], [0.7515058517456055, -0.08532051742076874, -0.04676841199398041, 0.6525120735168457], [0.9820137023925781, -0.0025017554871737957, 0.001889350707642734, 0.1887836754322052], [0.9979173541069031, 0.009529795497655869, -0.0032859568018466234, 0.06371347606182098], [0.9983996748924255, 0.017824266105890274, -0.013207662850618362, 0.05201883614063263], [0.9985648393630981, 0.01997108943760395, -0.01205325499176979, 0.04821043834090233], [0.9763017892837524, -0.11025247722864151, -0.17888228595256805, -0.05177181214094162], [0.9402510523796082, -0.23280000686645508, 0.23309604823589325, 0.08601351082324982], [0.04480041190981865, -0.6047495007514954, 0.08002808690071106, -0.7911171317100525], [0.9185513257980347, 0.1446285992860794, 0.36780548095703125, 0.008078211918473244], [0.49035584926605225, 0.011221825145184994, -0.03071560338139534, -0.8709085583686829], [0.9258265495300293, 0.3719785809516907, -0.028108958154916763, 0.060719527304172516], [-0.011586243286728859, 0.6248068809509277, -0.0079733831807971, -0.7806527018547058], [0.8680188059806824, -0.22879734635353088, -0.4242549240589142, -0.11917595565319061], [0.629463255405426, -0.010680252686142921, 0.03655431419610977, -0.7760964632034302], [0.9784126877784729, -0.1866801381111145, 0.0885673239827156, 0.0038750057574361563]], "joint_names": ["Hips", "LeftUpLeg", "LeftLeg", "LeftFoot", "LeftToe", "RightUpLeg", "RightLeg", "RightFoot", "RightToe", "Spine", "Spine1", "Spine2", "Neck", "Head", "LeftShoulder", "LeftArm", "LeftForeArm", "LeftHand", "RightShoulder", "RightArm", "RightForeArm", "RightHand"]}