{"root_pos": [-98.20059967041016, 68.3879623413086, -78.05558776855469], "local_quat": [[0.19744879007339478, -0.7387906908988953, -0.6443495154380798, -0.003987485077232122], [0.061551108956336975, -0.23370860517024994, -0.970341682434082, 0.005370772909373045], [0.8648602962493896, 0.07658246159553528, 0.003918849863111973, -0.4961214065551758], [0.6810100078582764, -0.009997576475143433, -0.09201120585203171, 0.726401686668396], [0.9829878807067871, -0.0035598233807832003, 0.0036331680603325367, 0.1835997998714447], [0.0499410480260849, 0.16622965037822723, 0.9798051118850708, -0.09927509725093842], [0.6509467959403992, -0.1206507533788681, -0.09179714322090149, -0.7438312768936157], [0.7384949326515198, -0.08937925100326538, -0.05983544513583183, 0.6656248569488525], [0.9819410443305969, -0.0029781816992908716, 0.0022240320686250925, 0.1891508549451828], [0.9975070953369141, 0.006469890009611845, -0.005284799262881279, 0.07007032632827759], [0.9979519248008728, 0.011014589108526707, -0.016088908538222313, 0.060923539102077484], [0.9983062148094177, 0.013278542086482048, -0.01465581450611353, 0.054713305085897446], [0.9781416654586792, -0.10585998743772507, -0.1704655885696411, -0.0545351579785347], [0.943479597568512, -0.22609519958496094, 0.2293284833431244, 0.0783306285738945], [0.03802668675780296, -0.6032968759536743, 0.07462304085493088, -0.793106734752655], [0.9126829504966736, 0.12620200216770172, 0.38825783133506775, -0.018402772024273872], [0.48908811807632446, 0.011859015561640263, -0.03029097057878971, -0.8716275095939636], [0.9246894717216492, 0.3742575943470001, -0.03751115873456001, 0.05893566459417343], [-0.010161382146179676, 0.6216659545898438, -0.010490406304597855, -0.783146321773529], [0.8705458641052246, -0.21964845061302185, -0.4280151426792145, -0.10347680747509003], [0.6497372984886169, -0.00798379722982645, 0.04168914631009102, -0.7589728236198425], [0.9783603549003601, -0.18231554329395294, 0.09744825214147568, 0.008717007003724575]], "joint_names": ["Hips", "LeftUpLeg", "LeftLeg", "LeftFoot", "LeftToe", "RightUpLeg", "RightLeg", "RightFoot", "RightToe", "Spine", "Spine1", "Spine2", "Neck", "Head", "LeftShoulder", "LeftArm", "LeftForeArm", "LeftHand", "RightShoulder", "RightArm", "RightForeArm", "RightHand"]}