{"root_pos": [-83.95046997070312, 70.24995422363281, -80.90680694580078], "local_quat": [[0.1437922716140747, -0.7274560928344727, -0.6669123768806458, -0.07320669293403625], [0.05289434641599655, -0.13587330281734467, -0.9890682101249695, 0.022016681730747223], [0.8630294799804688, 0.07998627424240112, 0.006404752377420664, -0.49873965978622437], [0.7297477722167969, -0.005315522197633982, -0.08514050394296646, 0.6783738136291504], [0.9828628301620483, -0.00595464650541544, 0.005342403426766396, 0.1841651201248169], [0.03010139800608158, 0.3053657114505768, 0.9471433162689209, -0.09362290799617767], [0.7572081089019775, -0.10690219700336456, -0.08502885699272156, -0.6387314200401306], [0.7360644936561584, -0.07695695757865906, -0.049293436110019684, 0.6707137227058411], [0.9817463159561157, -0.0033801498357206583, 0.002847709460183978, 0.19014380872249603], [0.9962801933288574, -0.002069140085950494, -0.010441547259688377, 0.08551237732172012], [0.9967125058174133, -0.007243326399475336, -0.02188311517238617, 0.0776713564991951], [0.9975908994674683, -0.00595565140247345, -0.02027530036866665, 0.06607398390769958], [0.9808295965194702, -0.10487303882837296, -0.15544258058071136, -0.05303437262773514], [0.9473733305931091, -0.21999695897102356, 0.22171106934547424, 0.07020958513021469], [0.020726166665554047, -0.6029447913169861, 0.06016528233885765, -0.7952409386634827], [0.8931422829627991, 0.10279800742864609, 0.43536362051963806, -0.04677509889006615], [0.4741620719432831, 0.014912948943674564, -0.026720108464360237, -0.879905641078949], [0.9258952736854553, 0.37028828263282776, -0.04983825609087944, 0.055862635374069214], [-0.007841531187295914, 0.6246252655982971, -0.015887517482042313, -0.7807235717773438], [0.8642480969429016, -0.24876031279563904, -0.4310627579689026, -0.07333767414093018], [0.6854243874549866, -0.003918861970305443, 0.0507403239607811, -0.7263631820678711], [0.9808446764945984, -0.1652008444070816, 0.10084423422813416, 0.02197227254509926]], "joint_names": ["Hips", "LeftUpLeg", "LeftLeg", "LeftFoot", "LeftToe", "RightUpLeg", "RightLeg", "RightFoot", "RightToe", "Spine", "Spine1", "Spine2", "Neck", "Head", "LeftShoulder", "LeftArm", "LeftForeArm", "LeftHand", "RightShoulder", "RightArm", "RightForeArm", "RightHand"]}