{"root_pos": [-56.315711975097656, 75.2587661743164, -80.98912811279297], "local_quat": [[0.03143873065710068, -0.6972107887268066, -0.6910136938095093, -0.18817238509655], [0.04981197416782379, -0.006735857576131821, -0.9985843896865845, 0.01739511266350746], [0.8672758936882019, 0.07794523984193802, 0.016180502250790596, -0.4914216101169586], [0.8278189301490784, -0.030074795708060265, -0.10791724920272827, 0.549695611000061], [0.9824523329734802, -0.00929009635001421, 0.009160604327917099, 0.18605674803256989], [-0.02898109331727028, 0.3284377157688141, 0.9392366409301758, -0.09551572799682617], [0.9486314654350281, -0.06760869175195694, -0.05066318064928055, -0.3048945963382721], [0.7738361954689026, -0.06415214389562607, -0.03456371650099754, 0.6291799545288086], [0.981296956539154, -0.003936934284865856, 0.004569024313241243, 0.19240564107894897], [0.9957288503646851, -0.017935680225491524, -0.01034325547516346, 0.08997442573308945], [0.9964540600776672, -0.0398014634847641, -0.01455359160900116, 0.0726868063211441], [0.9973648190498352, -0.039968546479940414, -0.01398069690912962, 0.05891057103872299], [0.983791172504425, -0.11206359416246414, -0.1365998089313507, -0.030613096430897713], [0.9509961009025574, -0.21692977845668793, 0.20644961297512054, 0.07698327302932739], [0.002362878294661641, -0.6147422194480896, 0.045728571712970734, -0.7873978018760681], [0.8665858507156372, 0.13603730499744415, 0.4777463376522064, -0.04776257649064064], [0.45541778206825256, 0.019967995584011078, -0.02048768848180771, -0.8898180723190308], [0.9292155504226685, 0.36175382137298584, -0.04387214034795761, 0.06138243526220322], [-0.002160171279683709, 0.6288191676139832, -0.026257049292325974, -0.7771050930023193], [0.8544179797172546, -0.3093963861465454, -0.4169289171695709, 0.020345544442534447], [0.6954367160797119, -0.006219957023859024, 0.050111208111047745, -0.716810941696167], [0.9864672422409058, -0.14459191262722015, 0.06590025126934052, 0.040405694395303726]], "joint_names": ["Hips", "LeftUpLeg", "LeftLeg", "LeftFoot", "LeftToe", "RightUpLeg", "RightLeg", "RightFoot", "RightToe", "Spine", "Spine1", "Spine2", "Neck", "Head", "LeftShoulder", "LeftArm", "LeftForeArm", "LeftHand", "RightShoulder", "RightArm", "RightForeArm", "RightHand"]}