{"root_pos": [-36.83564758300781, 70.64200592041016, -76.7880859375], "local_quat": [[-0.052259936928749084, -0.6682478189468384, -0.6943477392196655, -0.26190635561943054], [0.060365941375494, -0.054302848875522614, -0.9966961145401001, -0.002011018106713891], [0.7272337079048157, 0.08413343131542206, 0.03406333923339844, -0.6803620457649231], [0.7785642147064209, -0.02855830080807209, -0.09751322120428085, 0.6192845702171326], [0.9823817610740662, -0.010218175128102303, 0.010657593607902527, 0.18630091845989227], [-0.041190460324287415, 0.25409069657325745, 0.9625428318977356, -0.08516188710927963], [0.914490282535553, -0.06353622674942017, -0.06375676393508911, -0.39446890354156494], [0.7255370020866394, -0.0706334263086319, -0.05359749495983124, 0.6824472546577454], [0.9811070561408997, -0.0047000981867313385, 0.006034437566995621, 0.19331443309783936], [0.9955251216888428, -0.009387451224029064, -0.007129203993827105, 0.09375915676355362], [0.9965163469314575, -0.02252837084233761, -0.011936654336750507, 0.07940474897623062], [0.9975131750106812, -0.02103469707071781, -0.008839462883770466, 0.06668486446142197], [0.9799754619598389, -0.11879508197307587, -0.1563950777053833, -0.032808173447847366], [0.9460725784301758, -0.23098166286945343, 0.21801142394542694, 0.06375835090875626], [0.009582430124282837, -0.6082583665847778, 0.055808164179325104, -0.7917167544364929], [0.8681740760803223, 0.16290555894374847, 0.4678246080875397, -0.029592469334602356], [0.5191484689712524, 0.01123262569308281, -0.034976594150066376, -0.8538942337036133], [0.921742856502533, 0.3777777850627899, -0.022051064297556877, 0.08478093147277832], [-0.009778628125786781, 0.6225739121437073, -0.01712300069630146, -0.7823125720024109], [0.8698963522911072, -0.25350797176361084, -0.42286109924316406, 0.014234607107937336], [0.6749619841575623, -0.006148545537143946, 0.04264277219772339, -0.7365936040878296], [0.9857137203216553, -0.14914952218532562, 0.07143374532461166, 0.03194081783294678]], "joint_names": ["Hips", "LeftUpLeg", "LeftLeg", "LeftFoot", "LeftToe", "RightUpLeg", "RightLeg", "RightFoot", "RightToe", "Spine", "Spine1", "Spine2", "Neck", "Head", "LeftShoulder", "LeftArm", "LeftForeArm", "LeftHand", "RightShoulder", "RightArm", "RightForeArm", "RightHand"]}