{"root_pos": [-43.23652648925781, 72.9329833984375, -78.26973724365234], "local_quat": [[-0.025077395141124725, -0.6800092458724976, -0.6931072473526001, -0.23782527446746826], [0.05600060522556305, -0.00721587473526597, -0.9983980059623718, 0.003639192320406437], [0.8048925399780273, 0.08312681317329407, 0.024516530334949493, -0.5870578289031982], [0.8001332879066467, -0.02961008995771408, -0.10581399500370026, 0.589672327041626], [0.9823161959648132, -0.010035359300673008, 0.010544667951762676, 0.1866626739501953], [-0.041357796639204025, 0.2816351652145386, 0.9540481567382812, -0.09361280500888824], [0.9464208483695984, -0.05962730571627617, -0.05469878762960434, -0.31263411045074463], [0.7631223797798157, -0.06007716432213783, -0.03648684173822403, 0.6424202919006348], [0.981151819229126, -0.0044113220646977425, 0.00577818276360631, 0.19310162961483002], [0.9955883026123047, -0.014831836335361004, -0.009281039237976074, 0.09218330681324005], [0.99652498960495, -0.033620286732912064, -0.014116069301962852, 0.07488929480314255], [0.997444748878479, -0.033412013202905655, -0.01243925467133522, 0.061910480260849], [0.9818623065948486, -0.11770651489496231, -0.1455824226140976, -0.029955219477415085], [0.9476099610328674, -0.2265128493309021, 0.21384088695049286, 0.0707058385014534], [0.004970393143594265, -0.6131804585456848, 0.050272759050130844, -0.7883259057998657], [0.8667541742324829, 0.1611558347940445, 0.4706892669200897, -0.034894999116659164], [0.4862135648727417, 0.015711572021245956, -0.027209026739001274, -0.8732749223709106], [0.9241525530815125, 0.373856782913208, -0.023175209760665894, 0.07507377117872238], [-0.00485885189846158, 0.6269354820251465, -0.02350928820669651, -0.7787012457847595], [0.862003743648529, -0.2842674255371094, -0.41800928115844727, 0.0375467911362648], [0.677304208278656, -0.007029807660728693, 0.04395539313554764, -0.7343552112579346], [0.9867295026779175, -0.14591190218925476, 0.06156083196401596, 0.03584635630249977]], "joint_names": ["Hips", "LeftUpLeg", "LeftLeg", "LeftFoot", "LeftToe", "RightUpLeg", "RightLeg", "RightFoot", "RightToe", "Spine", "Spine1", "Spine2", "Neck", "Head", "LeftShoulder", "LeftArm", "LeftForeArm", "LeftHand", "RightShoulder", "RightArm", "RightForeArm", "RightHand"]}