{"root_pos": [-63.105560302734375, 74.67240142822266, -82.11298370361328], "local_quat": [[0.06172003224492073, -0.7046932578086853, -0.687888503074646, -0.16250351071357727], [0.04825100302696228, -0.03140823915600777, -0.998103141784668, 0.021803686395287514], [0.8732603192329407, 0.07653748989105225, 0.014806452207267284, -0.4809773564338684], [0.8214604258537292, -0.0247650183737278, -0.10038857907056808, 0.5608133673667908], [0.9825693964958191, -0.008673648349940777, 0.008332420140504837, 0.18550661206245422], [-0.015057612210512161, 0.3485047221183777, 0.9328188300132751, -0.09037046879529953], [0.9232920408248901, -0.07656954228878021, -0.05795678868889809, -0.37190040946006775], [0.7672876119613647, -0.06749239563941956, -0.038838159292936325, 0.6365579962730408], [0.9813909530639648, -0.0037628968711942434, 0.003982699476182461, 0.1919422596693039], [0.9957801103591919, -0.015467226505279541, -0.010421965271234512, 0.08985631912946701], [0.9964584708213806, -0.03491293638944626, -0.015390108339488506, 0.07493164390325546], [0.9974232316017151, -0.03474554419517517, -0.014778835698962212, 0.06100252643227577], [0.983786404132843, -0.1093665137887001, -0.13805042207241058, -0.033843155950307846], [0.9513890147209167, -0.21485412120819092, 0.20702095329761505, 0.07641340792179108], [0.004416678566485643, -0.6133854389190674, 0.04686344787478447, -0.7883797287940979], [0.8720744848251343, 0.1194947212934494, 0.47149065136909485, -0.05388587713241577], [0.4546724557876587, 0.019849838688969612, -0.020733073353767395, -0.8901961445808411], [0.930099606513977, 0.35884177684783936, -0.052880723029375076, 0.05788792297244072], [-0.0032553274650126696, 0.6298649311065674, -0.02463938295841217, -0.7763069868087769], [0.8550215363502502, -0.3049080967903137, -0.41946685314178467, -0.004092348273843527], [0.7009064555168152, -0.005172615870833397, 0.05255904048681259, -0.7112953066825867], [0.9857158064842224, -0.14641624689102173, 0.07349207997322083, 0.039057571440935135]], "joint_names": ["Hips", "LeftUpLeg", "LeftLeg", "LeftFoot", "LeftToe", "RightUpLeg", "RightLeg", "RightFoot", "RightToe", "Spine", "Spine1", "Spine2", "Neck", "Head", "LeftShoulder", "LeftArm", "LeftForeArm", "LeftHand", "RightShoulder", "RightArm", "RightForeArm", "RightHand"]}