{"root_pos": [-25.0967960357666, 68.66767120361328, -71.30001831054688], "local_quat": [[-0.11279772222042084, -0.6390653252601624, -0.6928648352622986, -0.31434130668640137], [0.05932314321398735, -0.17629438638687134, -0.9823697805404663, -0.0187267754226923], [0.6224793791770935, 0.07718610763549805, 0.05310789495706558, -0.7770079374313354], [0.7674180865287781, -0.0346774123609066, -0.08029135316610336, 0.6351536512374878], [0.98245769739151, -0.010628776624798775, 0.01000337116420269, 0.18591365218162537], [-0.03704115003347397, 0.17665068805217743, 0.9810880422592163, -0.0699189305305481], [0.8774009346961975, -0.07938986271619797, -0.056863874197006226, -0.46971413493156433], [0.6270152926445007, -0.10314734280109406, -0.0736130028963089, 0.7686309814453125], [0.9810419678688049, -0.005127773154526949, 0.00635955948382616, 0.19362320005893707], [0.9945464134216309, 0.007368772756308317, -0.006543016992509365, 0.1038280576467514], [0.9953076243400574, 0.009753890335559845, -0.012213092297315598, 0.09549029171466827], [0.9967110753059387, 0.013278329744935036, -0.005909485276788473, 0.07972278445959091], [0.9738434553146362, -0.12018032371997833, -0.18718139827251434, -0.04635355621576309], [0.9405726194381714, -0.2419026643037796, 0.23412524163722992, 0.04462914541363716], [0.020147133618593216, -0.5962545871734619, 0.0694655179977417, -0.799530565738678], [0.866703987121582, 0.16796347498893738, 0.46934229135513306, -0.018174346536397934], [0.5943881869316101, 0.0023634082172065973, -0.05293744057416916, -0.8024305105209351], [0.925826370716095, 0.36110544204711914, -0.032091978937387466, 0.10685763508081436], [-0.022155359387397766, 0.61490398645401, -0.0009329887107014656, -0.7882900834083557], [0.8754087090492249, -0.18818864226341248, -0.44118136167526245, -0.06003061309456825], [0.6680024862289429, -0.004055566154420376, 0.040509484708309174, -0.7430444955825806], [0.9818071722984314, -0.15842530131340027, 0.10201095044612885, 0.023445503786206245]], "joint_names": ["Hips", "LeftUpLeg", "LeftLeg", "LeftFoot", "LeftToe", "RightUpLeg", "RightLeg", "RightFoot", "RightToe", "Spine", "Spine1", "Spine2", "Neck", "Head", "LeftShoulder", "LeftArm", "LeftForeArm", "LeftHand", "RightShoulder", "RightArm", "RightForeArm", "RightHand"]}