{"root_pos": [-49.76470184326172, 74.72813415527344, -79.57335662841797], "local_quat": [[0.0022691325284540653, -0.6892505884170532, -0.6921622157096863, -0.2141028642654419], [0.04971979558467865, 0.004155165981501341, -0.9987048506736755, 0.009970324113965034], [0.8504645228385925, 0.07990077883005142, 0.01901482790708542, -0.5195809602737427], [0.8198429346084595, -0.0308858510106802, -0.10866598784923553, 0.5613335967063904], [0.9823466539382935, -0.009748145937919617, 0.009988341480493546, 0.18654830753803253], [-0.03802429884672165, 0.3070167601108551, 0.9460919499397278, -0.09594190120697021], [0.957782506942749, -0.06132253259420395, -0.048636384308338165, -0.27663466334342957], [0.7768635153770447, -0.05914444103837013, -0.029844237491488457, 0.6261743307113647], [0.9812145829200745, -0.004148600623011589, 0.005246796645224094, 0.1928037703037262], [0.9956409335136414, -0.01799757033586502, -0.010325592942535877, 0.09093164652585983], [0.9964486956596375, -0.03996190428733826, -0.01490076631307602, 0.07260182499885559], [0.9973376989364624, -0.040265217423439026, -0.014061340130865574, 0.05914828181266785], [0.9831777215003967, -0.11517256498336792, -0.13864544034004211, -0.029569299891591072], [0.9495547413825989, -0.22131800651550293, 0.20913279056549072, 0.07501775771379471], [0.002357513876631856, -0.6151556968688965, 0.04671919345855713, -0.7870166897773743], [0.8655466437339783, 0.15324907004833221, 0.47520866990089417, -0.038992222398519516], [0.46538862586021423, 0.018603544682264328, -0.022499369457364082, -0.8846248388290405], [0.9268611669540405, 0.36802446842193604, -0.030749311670660973, 0.06738533824682236], [-0.0021776894573122263, 0.6283664107322693, -0.026675252243876457, -0.7774569988250732], [0.856439471244812, -0.30363956093788147, -0.41572582721710205, 0.03855322301387787], [0.6858248114585876, -0.006988836918026209, 0.046827517449855804, -0.7262250185012817], [0.9869438409805298, -0.14405284821987152, 0.06044277548789978, 0.03920876234769821]], "joint_names": ["Hips", "LeftUpLeg", "LeftLeg", "LeftFoot", "LeftToe", "RightUpLeg", "RightLeg", "RightFoot", "RightToe", "Spine", "Spine1", "Spine2", "Neck", "Head", "LeftShoulder", "LeftArm", "LeftForeArm", "LeftHand", "RightShoulder", "RightArm", "RightForeArm", "RightHand"]}