{"root_pos": [-13.255716323852539, 72.33523559570312, -63.771385192871094], "local_quat": [[-0.17485767602920532, -0.6133836507797241, -0.6748334169387817, -0.37119436264038086], [0.03131808713078499, -0.29550570249557495, -0.9548020958900452, -0.006963264662772417], [0.6911792755126953, 0.07925374060869217, 0.04532703384757042, -0.7168930172920227], [0.7831215262413025, -0.04556567594408989, -0.10239458829164505, 0.6116859316825867], [0.9821067452430725, -0.010723128914833069, 0.010463039390742779, 0.18772819638252258], [-0.04871692508459091, 0.07619613409042358, 0.9935083985328674, -0.06900613009929657], [0.9153172373771667, -0.08406880497932434, -0.036545928567647934, -0.39216214418411255], [0.6703414916992188, -0.10707438737154007, -0.053117819130420685, 0.732363224029541], [0.9807668328285217, -0.006235787644982338, 0.00713288364931941, 0.19495289027690887], [0.9937617778778076, 0.024036675691604614, -0.008155163377523422, 0.10859694331884384], [0.9943461418151855, 0.04091494157910347, -0.017071500420570374, 0.0964893028140068], [0.9958335161209106, 0.044250961393117905, -0.011452462524175644, 0.07890621572732925], [0.9658539295196533, -0.13424816727638245, -0.21640855073928833, -0.047654762864112854], [0.926332414150238, -0.2649570107460022, 0.2647739052772522, 0.0400090254843235], [0.028712838888168335, -0.5909483432769775, 0.08073914796113968, -0.8021451234817505], [0.8586081266403198, 0.21419678628444672, 0.4656600058078766, 0.008509726263582706], [0.6519819498062134, -0.0008786824764683843, -0.06243370100855827, -0.7556591629981995], [0.9369237422943115, 0.3233446180820465, -0.03335927054286003, 0.1284884810447693], [-0.03288307785987854, 0.6243255138397217, 0.010138639248907566, -0.78040611743927], [0.8696173429489136, -0.15232060849666595, -0.45270171761512756, -0.12500105798244476], [0.6030979156494141, -0.007491427008062601, 0.02617979235947132, -0.7972021698951721], [0.9770644903182983, -0.1761648803949356, 0.11952165514230728, 0.005057563539594412]], "joint_names": ["Hips", "LeftUpLeg", "LeftLeg", "LeftFoot", "LeftToe", "RightUpLeg", "RightLeg", "RightFoot", "RightToe", "Spine", "Spine1", "Spine2", "Neck", "Head", "LeftShoulder", "LeftArm", "LeftForeArm", "LeftHand", "RightShoulder", "RightArm", "RightForeArm", "RightHand"]}