{"root_pos": [-30.97568702697754, 68.99888610839844, -74.42692565917969], "local_quat": [[-0.08066454529762268, -0.6542284488677979, -0.6950163841247559, -0.2871074080467224], [0.062275227159261703, -0.11111478507518768, -0.9918171763420105, -0.008599769324064255], [0.658453106880188, 0.08105551451444626, 0.0450105220079422, -0.7468893527984619], [0.7706333994865417, -0.03030513785779476, -0.08672862499952316, 0.6306219100952148], [0.9824529886245728, -0.010458664037287235, 0.010329429991543293, 0.18593013286590576], [-0.039285097271203995, 0.21913298964500427, 0.9719776511192322, -0.07547754049301147], [0.8893535733222961, -0.0711899846792221, -0.06328476220369339, -0.44718804955482483], [0.6710165739059448, -0.08775513619184494, -0.06757334619760513, 0.733123242855072], [0.9810828566551208, -0.004876235965639353, 0.0061555830761790276, 0.19342893362045288], [0.9951470494270325, -0.0019186458084732294, -0.005723244044929743, 0.09821387380361557], [0.9960959553718567, -0.007837166078388691, -0.010336395353078842, 0.08731862902641296], [0.9972730278968811, -0.005005400627851486, -0.005491774994879961, 0.07342620939016342], [0.9773427248001099, -0.11904972046613693, -0.17061105370521545, -0.038991779088974], [0.9441877603530884, -0.23552241921424866, 0.22382502257823944, 0.05423077568411827], [0.014970448799431324, -0.6021162867546082, 0.06256116181612015, -0.7958127856254578], [0.8674356937408447, 0.1650421917438507, 0.4688394367694855, -0.02249094657599926], [0.5550228357315063, 0.006623111665248871, -0.043751537799835205, -0.8306573033332825], [0.9219378232955933, 0.3747011721134186, -0.02585582062602043, 0.09466356039047241], [-0.01551476027816534, 0.6166753768920898, -0.009398074820637703, -0.7870084643363953], [0.8738300800323486, -0.2201739102602005, -0.43308085203170776, -0.019630571827292442], [0.6743044257164001, -0.004997157026082277, 0.0420064814388752, -0.7372408509254456], [0.9841721057891846, -0.1522623896598816, 0.08609908819198608, 0.02843444049358368]], "joint_names": ["Hips", "LeftUpLeg", "LeftLeg", "LeftFoot", "LeftToe", "RightUpLeg", "RightLeg", "RightFoot", "RightToe", "Spine", "Spine1", "Spine2", "Neck", "Head", "LeftShoulder", "LeftArm", "LeftForeArm", "LeftHand", "RightShoulder", "RightArm", "RightForeArm", "RightHand"]}