{"root_pos": [-19.558073043823242, 70.0514907836914, -67.91468811035156], "local_quat": [[-0.14553456008434296, -0.6243343949317932, -0.686497688293457, -0.34314295649528503], [0.049503687769174576, -0.24572895467281342, -0.9678454399108887, -0.021021917462348938], [0.6423513293266296, 0.07633087038993835, 0.05240166559815407, -0.7607971429824829], [0.7708103656768799, -0.03908997029066086, -0.08528568595647812, 0.6301187872886658], [0.9823417067527771, -0.010647187009453773, 0.0100297462195158, 0.1865232139825821], [-0.040348540991544724, 0.1244262233376503, 0.9890466928482056, -0.06838732212781906], [0.8861562609672546, -0.08317375928163528, -0.04897351935505867, -0.45322278141975403], [0.6283447742462158, -0.1071910634636879, -0.06671591103076935, 0.7676209211349487], [0.9809374213218689, -0.0056381686590611935, 0.00674210162833333, 0.1941252201795578], [0.9940864443778992, 0.016893522813916206, -0.007865497842431068, 0.1069808229804039], [0.9947044253349304, 0.027407467365264893, -0.015359029173851013, 0.0978572741150856], [0.9962120652198792, 0.03087039850652218, -0.008926479145884514, 0.08080179244279861], [0.9697912335395813, -0.12532585859298706, -0.20351144671440125, -0.048800040036439896], [0.9341798424720764, -0.25232240557670593, 0.24894845485687256, 0.04081815853714943], [0.0252801813185215, -0.5926507711410522, 0.07603268325328827, -0.8014642596244812], [0.8649947643280029, 0.18292714655399323, 0.4671924412250519, -0.0072741396725177765], [0.6257005929946899, 5.75087578909006e-05, -0.05885002017021179, -0.777840256690979], [0.9314006567001343, 0.3425295650959015, -0.0329151451587677, 0.11867166310548782], [-0.028499608859419823, 0.619033932685852, 0.006159583106637001, -0.7848227024078369], [0.8740435242652893, -0.16365733742713928, -0.4463888108730316, -0.10000607371330261], [0.6408270597457886, -0.0050462763756513596, 0.0346568264067173, -0.7668859362602234], [0.9792741537094116, -0.16800998151302338, 0.11214295774698257, 0.014787928201258183]], "joint_names": ["Hips", "LeftUpLeg", "LeftLeg", "LeftFoot", "LeftToe", "RightUpLeg", "RightLeg", "RightFoot", "RightToe", "Spine", "Spine1", "Spine2", "Neck", "Head", "LeftShoulder", "LeftArm", "LeftForeArm", "LeftHand", "RightShoulder", "RightArm", "RightForeArm", "RightHand"]}