{"root_pos": [-7.519034385681152, 74.31922912597656, -59.13115310668945], "local_quat": [[-0.19578485190868378, -0.6064923405647278, -0.663188636302948, -0.39244896173477173], [0.013010187074542046, -0.3256794214248657, -0.9453253746032715, 0.011112154461443424], [0.7518132328987122, 0.08096359670162201, 0.036319028586149216, -0.6533778309822083], [0.7916555404663086, -0.047865863889455795, -0.11367344856262207, 0.5983884334564209], [0.9818340539932251, -0.010843868367373943, 0.011171441525220871, 0.18910172581672668], [-0.05640992522239685, 0.027355914935469627, 0.9959012866020203, -0.06519321352243423], [0.9373266696929932, -0.0834672674536705, -0.026561781764030457, -0.3372631371021271], [0.7214956283569336, -0.10120562463998795, -0.03548968955874443, 0.6840628385543823], [0.9805888533592224, -0.006730038672685623, 0.007513201329857111, 0.1958155333995819], [0.993546724319458, 0.028956040740013123, -0.0076735117472708225, 0.10939615964889526], [0.9940752387046814, 0.05071023851633072, -0.018224483355879784, 0.09439630061388016], [0.9955191016197205, 0.05383354052901268, -0.013507666997611523, 0.07655813544988632], [0.962303638458252, -0.14502447843551636, -0.22559551894664764, -0.04523530974984169], [0.9177553057670593, -0.278409481048584, 0.2802645266056061, 0.04080652445554733], [0.031050818040966988, -0.5906874537467957, 0.08406962454319, -0.801908016204834], [0.8516026139259338, 0.24965348839759827, 0.45994001626968384, 0.030023420229554176], [0.6660724878311157, -0.0008546774042770267, -0.06291519850492477, -0.7432283163070679], [0.9415204524993896, 0.30746421217918396, -0.029825566336512566, 0.13459354639053345], [-0.035283759236335754, 0.6297252178192139, 0.011706252582371235, -0.7759279012680054], [0.8643569350242615, -0.1482490450143814, -0.4599713683128357, -0.13905242085456848], [0.5660519003868103, -0.01031920500099659, 0.017494747415184975, -0.8241193890571594], [0.9756198525428772, -0.18275277316570282, 0.12148751318454742, -0.002851211465895176]], "joint_names": ["Hips", "LeftUpLeg", "LeftLeg", "LeftFoot", "LeftToe", "RightUpLeg", "RightLeg", "RightFoot", "RightToe", "Spine", "Spine1", "Spine2", "Neck", "Head", "LeftShoulder", "LeftArm", "LeftForeArm", "LeftHand", "RightShoulder", "RightArm", "RightForeArm", "RightHand"]}