{"root_pos": [-1.4248642921447754, 76.03047943115234, -53.52238464355469], "local_quat": [[-0.21113964915275574, -0.5990703701972961, -0.6563658714294434, -0.407085657119751], [-0.0011929454049095511, -0.3425152897834778, -0.9392773509025574, 0.020972825586795807], [0.8135993480682373, 0.08207415789365768, 0.025456627830863, -0.5750407576560974], [0.7948576807975769, -0.04736107215285301, -0.12179967015981674, 0.5925564169883728], [0.981539785861969, -0.010973591357469559, 0.012189161032438278, 0.19055388867855072], [-0.057903897017240524, -0.021784164011478424, 0.9966012835502625, -0.054391585290431976], [0.9455891847610474, -0.08148040622472763, -0.0223335362970829, -0.31420260667800903], [0.7638214230537415, -0.09093374758958817, -0.01817021518945694, 0.6387313008308411], [0.9804293513298035, -0.007116429507732391, 0.007943857461214066, 0.19658224284648895], [0.9934560060501099, 0.032111525535583496, -0.007433283608406782, 0.10935597121715546], [0.9938722252845764, 0.05712055042386055, -0.020432723686099052, 0.09240008890628815], [0.9953011870384216, 0.05992986261844635, -0.016025148332118988, 0.07434546202421188], [0.958804190158844, -0.15596136450767517, -0.23321735858917236, -0.04450162127614021], [0.9084493517875671, -0.2920643091201782, 0.29618850350379944, 0.04111678525805473], [0.03251038119196892, -0.592167854309082, 0.08662185072898865, -0.8004854321479797], [0.8494238257408142, 0.2753694951534271, 0.4475269317626953, 0.04868616163730621], [0.6699774265289307, -0.0005406785639934242, -0.062050577253103256, -0.7397835850715637], [0.9449770450592041, 0.2954676151275635, -0.02323228120803833, 0.1384829431772232], [-0.036947671324014664, 0.6347038745880127, 0.012725792825222015, -0.7717668414115906], [0.8576933741569519, -0.15135209262371063, -0.4704834222793579, -0.14177419245243073], [0.5377466082572937, -0.012862849049270153, 0.009849959053099155, -0.8429507613182068], [0.9754339456558228, -0.1868467628955841, 0.11648155003786087, -0.006993294693529606]], "joint_names": ["Hips", "LeftUpLeg", "LeftLeg", "LeftFoot", "LeftToe", "RightUpLeg", "RightLeg", "RightFoot", "RightToe", "Spine", "Spine1", "Spine2", "Neck", "Head", "LeftShoulder", "LeftArm", "LeftForeArm", "LeftHand", "RightShoulder", "RightArm", "RightForeArm", "RightHand"]}