{"root_pos": [25.454036712646484, 73.61637115478516, -20.985218048095703], "local_quat": [[-0.2658802270889282, -0.5512626767158508, -0.6509079933166504, -0.4491502344608307], [-0.05672841519117355, -0.2803816497325897, -0.95820552110672, 0.0031928420066833496], [0.9566060900688171, 0.08850214630365372, -0.019720610231161118, -0.2769172489643097], [0.7544016242027283, -0.0036255805753171444, -0.09785351157188416, 0.649068295955658], [0.9798969626426697, -0.013275937177240849, 0.018831472843885422, 0.19816957414150238], [-0.03836223855614662, -0.06158287823200226, 0.9973403811454773, 0.006924822460860014], [0.7627589106559753, -0.0760866105556488, -0.06793392449617386, -0.638588011264801], [0.80863356590271, -0.04044501855969429, 0.011154904961585999, 0.5868146419525146], [0.9802683591842651, -0.007199947722256184, 0.010426471941173077, 0.1972648799419403], [0.9936593174934387, 0.02468387968838215, -0.00844366755336523, 0.10936517268419266], [0.9931544065475464, 0.045782726258039474, -0.037433139979839325, 0.10073266923427582], [0.9952281713485718, 0.0465264730155468, -0.026100514456629753, 0.08169946819543839], [0.9528927206993103, -0.18133693933486938, -0.23855502903461456, -0.04694663733243942], [0.8810032606124878, -0.3243253231048584, 0.3431975543498993, 0.029355540871620178], [0.022886792197823524, -0.5984259843826294, 0.08423202484846115, -0.7964090704917908], [0.8802320957183838, 0.24401549994945526, 0.4059157073497772, 0.02966972067952156], [0.6229020953178406, -0.0020098271779716015, -0.055313486605882645, -0.780339241027832], [0.9404778480529785, 0.31240764260292053, -0.021189009770751, 0.1321134865283966], [-0.0335150808095932, 0.6301944851875305, 0.008911021053791046, -0.7756624817848206], [0.8487135171890259, -0.17616607248783112, -0.49306386709213257, -0.07442304491996765], [0.5423639416694641, -0.011847023852169514, 0.0026307818479835987, -0.8400560617446899], [0.9727356433868408, -0.19347593188285828, 0.1276363730430603, -0.007839598692953587]], "joint_names": ["Hips", "LeftUpLeg", "LeftLeg", "LeftFoot", "LeftToe", "RightUpLeg", "RightLeg", "RightFoot", "RightToe", "Spine", "Spine1", "Spine2", "Neck", "Head", "LeftShoulder", "LeftArm", "LeftForeArm", "LeftHand", "RightShoulder", "RightArm", "RightForeArm", "RightHand"]}