{"root_pos": [20.473804473876953, 75.73786926269531, -28.073665618896484], "local_quat": [[-0.2577177584171295, -0.5627128481864929, -0.6527481079101562, -0.4368705451488495], [-0.052254945039749146, -0.3019089102745056, -0.9517659544944763, 0.016187286004424095], [0.9565182328224182, 0.08465263247489929, -0.016053322702646255, -0.2786557376384735], [0.7657652497291565, -0.016700392588973045, -0.11118926852941513, 0.6332152485847473], [0.9802472591400146, -0.012668177485466003, 0.017405381426215172, 0.1966007947921753], [-0.052722007036209106, -0.0929313525557518, 0.9942539930343628, -0.006563196890056133], [0.8478153944015503, -0.07625173032283783, -0.050669651478528976, -0.5223287343978882], [0.8122695088386536, -0.04695796221494675, 0.015594431199133396, 0.5811799168586731], [0.980233371257782, -0.007350076921284199, 0.009946152567863464, 0.19745799899101257], [0.9934123158454895, 0.02994798868894577, -0.007630147039890289, 0.11034870892763138], [0.9931859374046326, 0.05515078827738762, -0.0327494777739048, 0.09730120748281479], [0.9950821995735168, 0.0558231845498085, -0.02408798597753048, 0.07819882780313492], [0.9517294764518738, -0.1815863847732544, -0.24223077297210693, -0.05061345174908638], [0.882191002368927, -0.3244079053401947, 0.33999428153038025, 0.030037211254239082], [0.028185918927192688, -0.5971951484680176, 0.08802749216556549, -0.7967525124549866], [0.8659158945083618, 0.2744489014148712, 0.4150952398777008, 0.050630319863557816], [0.6388256549835205, -0.0012867465848103166, -0.05708077549934387, -0.7672299742698669], [0.9442148804664612, 0.2999034523963928, -0.016322290524840355, 0.13509143888950348], [-0.03526393324136734, 0.6308931112289429, 0.010378583334386349, -0.7749985456466675], [0.8489159941673279, -0.16837260127067566, -0.49266889691352844, -0.09093799442052841], [0.5162155032157898, -0.014368976466357708, -0.0011439244262874126, -0.8563374280929565], [0.9740862846374512, -0.1930200308561325, 0.11738476157188416, -0.010959240607917309]], "joint_names": ["Hips", "LeftUpLeg", "LeftLeg", "LeftFoot", "LeftToe", "RightUpLeg", "RightLeg", "RightFoot", "RightToe", "Spine", "Spine1", "Spine2", "Neck", "Head", "LeftShoulder", "LeftArm", "LeftForeArm", "LeftHand", "RightShoulder", "RightArm", "RightForeArm", "RightHand"]}