{"root_pos": [4.2456207275390625, 76.9593734741211, -47.305973052978516], "local_quat": [[-0.22340083122253418, -0.5924930572509766, -0.651990532875061, -0.4170759916305542], [-0.01223123911768198, -0.34639212489128113, -0.9376501441001892, 0.02598321996629238], [0.8634769916534424, 0.08417506515979767, 0.013038999401032925, -0.49714395403862], [0.7908668518066406, -0.043439704924821854, -0.12751562893390656, 0.596977710723877], [0.9812465310096741, -0.011123786680400372, 0.013289527967572212, 0.19197644293308258], [-0.06222517043352127, -0.06427276134490967, 0.9949588179588318, -0.045320916920900345], [0.9429700374603271, -0.08072371035814285, -0.021827394142746925, -0.3222028315067291], [0.7959674596786499, -0.07872600853443146, -0.0012449045898392797, 0.6001969575881958], [0.9803166389465332, -0.007381896488368511, 0.008296848274767399, 0.19711947441101074], [0.9934674501419067, 0.034153033047914505, -0.006872598547488451, 0.10866780579090118], [0.9936921000480652, 0.061918459832668304, -0.02268761582672596, 0.09070466458797455], [0.9951108694076538, 0.06431817263364792, -0.018044045194983482, 0.0727464109659195], [0.9552515149116516, -0.16774730384349823, -0.23909862339496613, -0.046769946813583374], [0.8983702063560486, -0.3061486780643463, 0.3124067485332489, 0.040073461830616], [0.03351641073822975, -0.5927166938781738, 0.08869969099760056, -0.7998098731040955], [0.8475407958030701, 0.2907871901988983, 0.4401773512363434, 0.05797687917947769], [0.6659221053123474, -0.0001444769586669281, -0.06009693071246147, -0.7435967326164246], [0.946786642074585, 0.2895580232143402, -0.018192952498793602, 0.1393563598394394], [-0.03766497224569321, 0.6361417174339294, 0.013425624929368496, -0.770535409450531], [0.8528235554695129, -0.15447339415550232, -0.4793204665184021, -0.1381373256444931], [0.5181546807289124, -0.014673635363578796, 0.0038671803195029497, -0.8551523089408875], [0.9755866527557373, -0.18857243657112122, 0.11213994771242142, -0.009787424467504025]], "joint_names": ["Hips", "LeftUpLeg", "LeftLeg", "LeftFoot", "LeftToe", "RightUpLeg", "RightLeg", "RightFoot", "RightToe", "Spine", "Spine1", "Spine2", "Neck", "Head", "LeftShoulder", "LeftArm", "LeftForeArm", "LeftHand", "RightShoulder", "RightArm", "RightForeArm", "RightHand"]}