{"root_pos": [14.90821647644043, 77.02470397949219, -34.993614196777344], "local_quat": [[-0.24681532382965088, -0.5730187892913818, -0.6525824666023254, -0.429962694644928], [-0.04362376034259796, -0.3262549340724945, -0.9440222978591919, 0.02183191478252411], [0.9372928738594055, 0.08407154679298401, -0.008869780227541924, -0.3381349444389343], [0.7666485905647278, -0.023616354912519455, -0.11555416882038116, 0.6311413645744324], [0.9806268811225891, -0.011931554414331913, 0.01586511731147766, 0.19487671554088593], [-0.062428344041109085, -0.10537414997816086, 0.9922959804534912, -0.018648982048034668], [0.9023205041885376, -0.07555141299962997, -0.037564974278211594, -0.4227274954319], [0.8194451332092285, -0.04930594563484192, 0.02232835814356804, 0.5705961585044861], [0.9802216291427612, -0.007506833877414465, 0.009351138956844807, 0.1975390464067459], [0.993273138999939, 0.03445976600050926, -0.007293364033102989, 0.11030809581279755], [0.9930917024612427, 0.06335121393203735, -0.029858341440558434, 0.09414870291948318], [0.994796633720398, 0.06430668383836746, -0.023268787190318108, 0.07551795244216919], [0.950912356376648, -0.18142937123775482, -0.24531146883964539, -0.05168529227375984], [0.8837166428565979, -0.32404088973999023, 0.33607494831085205, 0.033106058835983276], [0.032521069049835205, -0.5954970717430115, 0.09071221947669983, -0.7975568771362305], [0.8582313060760498, 0.28923913836479187, 0.41912588477134705, 0.06413523107767105], [0.6499415040016174, -0.0007778818835504353, -0.05840502306818962, -0.757736325263977], [0.9464081525802612, 0.2920232117176056, -0.013650725595653057, 0.1372869908809662], [-0.0370166152715683, 0.6339691281318665, 0.012414982542395592, -0.7723721265792847], [0.8488565683364868, -0.16067743301391602, -0.4908623695373535, -0.11260330677032471], [0.5054778456687927, -0.015326806344091892, -0.0018201712518930435, -0.8627015948295593], [0.975094199180603, -0.19116456806659698, 0.1117866262793541, -0.012296346016228199]], "joint_names": ["Hips", "LeftUpLeg", "LeftLeg", "LeftFoot", "LeftToe", "RightUpLeg", "RightLeg", "RightFoot", "RightToe", "Spine", "Spine1", "Spine2", "Neck", "Head", "LeftShoulder", "LeftArm", "LeftForeArm", "LeftHand", "RightShoulder", "RightArm", "RightForeArm", "RightHand"]}