{"root_pos": [35.6640510559082, 71.95752716064453, -1.646967887878418], "local_quat": [[-0.29924941062927246, -0.512140691280365, -0.6506304740905762, -0.4741746485233307], [-0.0417504757642746, -0.1783205270767212, -0.9830707907676697, -0.005518449004739523], [0.8667011260986328, 0.10842924565076828, -0.010835501365363598, -0.4867801368236542], [0.6613366007804871, 0.020437445491552353, -0.0696496069431305, 0.7465689182281494], [0.9790785312652588, -0.013938653282821178, 0.01930220238864422, 0.2020849883556366], [-0.004990090616047382, 0.13932761549949646, 0.9902276992797852, -0.003466153284534812], [0.5566980242729187, -0.06783173233270645, -0.10207109153270721, -0.8216249942779541], [0.8001996874809265, -0.03373698145151138, -0.020011065527796745, 0.5984495878219604], [0.9805058240890503, -0.00789446011185646, 0.010972349904477596, 0.19602444767951965], [0.99411541223526, -0.0012548590311780572, -0.004691222216933966, 0.10821707546710968], [0.9931972026824951, -0.0028449203819036484, -0.036935072392225266, 0.11039455235004425], [0.9955963492393494, -0.001424186397343874, -0.019824041053652763, 0.09161282330751419], [0.9639211297035217, -0.17119602859020233, -0.19896294176578522, -0.044291604310274124], [0.8936567902565002, -0.3073212206363678, 0.32623592019081116, 0.022392988204956055], [-0.008208108134567738, -0.6048956513404846, 0.05766555294394493, -0.7941716313362122], [0.9020403027534485, 0.11661785840988159, 0.398217111825943, -0.11893971264362335], [0.6043025255203247, -0.006436580792069435, -0.05806020647287369, -0.7946106195449829], [0.9292778372764587, 0.3417861759662628, -0.049659714102745056, 0.13099142909049988], [-0.025118950754404068, 0.6214591264724731, 0.0032415445894002914, -0.783037006855011], [0.8547170162200928, -0.17463842034339905, -0.48692530393600464, -0.04317326098680496], [0.659060537815094, 0.0007013935828581452, 0.02590859867632389, -0.751643180847168], [0.9642713665962219, -0.19464117288589478, 0.17952679097652435, 0.008109761402010918]], "joint_names": ["Hips", "LeftUpLeg", "LeftLeg", "LeftFoot", "LeftToe", "RightUpLeg", "RightLeg", "RightFoot", "RightToe", "Spine", "Spine1", "Spine2", "Neck", "Head", "LeftShoulder", "LeftArm", "LeftForeArm", "LeftHand", "RightShoulder", "RightArm", "RightForeArm", "RightHand"]}