{"root_pos": [33.72407913208008, 71.41722869873047, -7.936473369598389], "local_quat": [[-0.28284528851509094, -0.5232062339782715, -0.6552674770355225, -0.4657018482685089], [-0.0528741292655468, -0.2282031923532486, -0.9720579385757446, -0.015198977664113045], [0.8795117139816284, 0.10480820387601852, -0.012518451549112797, -0.46402353048324585], [0.6871166229248047, 0.0187086071819067, -0.07149585336446762, 0.7227787971496582], [0.9793475866317749, -0.01373962964862585, 0.019493386149406433, 0.20077237486839294], [-0.010589098557829857, 0.05983182415366173, 0.9981251955032349, 0.007352964952588081], [0.5895548462867737, -0.0706317275762558, -0.09557601809501648, -0.7989376783370972], [0.8010966777801514, -0.037070684134960175, -0.013955113478004932, 0.5972228050231934], [0.9804132580757141, -0.007597915828227997, 0.010961529798805714, 0.1964992880821228], [0.9943856596946716, 0.005962112452834845, -0.007096365559846163, 0.10540945082902908], [0.9935576319694519, 0.010703719221055508, -0.04093722999095917, 0.10513204336166382], [0.9957968592643738, 0.012246979400515556, -0.0250665545463562, 0.08723658323287964], [0.9608422517776489, -0.17401672899723053, -0.2120116949081421, -0.03938999027013779], [0.8896762728691101, -0.31239810585975647, 0.3317267894744873, 0.029000870883464813], [0.00257557793520391, -0.599616527557373, 0.06641256809234619, -0.7975229024887085], [0.8979120254516602, 0.16050192713737488, 0.4034985303878784, -0.07198650389909744], [0.611537516117096, -0.00633137347176671, -0.05819873884320259, -0.7890466451644897], [0.930637776851654, 0.3394894003868103, -0.04242302104830742, 0.1298481822013855], [-0.0265737846493721, 0.6235825419425964, 0.003340684110298753, -0.7812985181808472], [0.8474207520484924, -0.1785171926021576, -0.4980533719062805, -0.04418635368347168], [0.6247334480285645, -0.0028482575435191393, 0.018155423924326897, -0.7806218266487122], [0.9671301245689392, -0.19389857351779938, 0.16449256241321564, 0.0022035224828869104]], "joint_names": ["Hips", "LeftUpLeg", "LeftLeg", "LeftFoot", "LeftToe", "RightUpLeg", "RightLeg", "RightFoot", "RightToe", "Spine", "Spine1", "Spine2", "Neck", "Head", "LeftShoulder", "LeftArm", "LeftForeArm", "LeftHand", "RightShoulder", "RightArm", "RightForeArm", "RightHand"]}