{"root_pos": [39.147457122802734, 73.29939270019531, 5.605118751525879], "local_quat": [[-0.30919578671455383, -0.5074021816253662, -0.6428295969963074, -0.483436644077301], [-0.038914866745471954, -0.13219331204891205, -0.9904530048370361, 0.0036371364258229733], [0.8831949234008789, 0.1063266471028328, -0.00919281505048275, -0.4567021131515503], [0.6674169898033142, 0.015285944566130638, -0.07193955779075623, 0.7410435676574707], [0.9787708520889282, -0.014265542849898338, 0.01956239528954029, 0.20352227985858917], [0.00404313625767827, 0.2247883677482605, 0.9743539690971375, -0.009391343221068382], [0.5847273468971252, -0.06434449553489685, -0.10333123058080673, -0.8020451664924622], [0.786344051361084, -0.02610567957162857, -0.01447947695851326, 0.6170670986175537], [0.980542004108429, -0.008184327743947506, 0.011006860993802547, 0.19582948088645935], [0.9940322637557983, -0.00783953070640564, -0.0014511459739878774, 0.10879449546337128], [0.9933158159255981, -0.015185247175395489, -0.029821151867508888, 0.11047075688838959], [0.995674729347229, -0.014298112131655216, -0.0115213543176651, 0.09107524156570435], [0.966465413570404, -0.16998298466205597, -0.18499021232128143, -0.053188424557447433], [0.8979389667510986, -0.302894651889801, 0.3185895085334778, 0.021474352106451988], [-0.0169287770986557, -0.6116363406181335, 0.05122142657637596, -0.7892976403236389], [0.9003458023071289, 0.09577727317810059, 0.39793071150779724, -0.14783552289009094], [0.5919851660728455, -0.0038618191611021757, -0.054378755390644073, -0.8041030168533325], [0.9305070042610168, 0.33854901790618896, -0.04351077601313591, 0.13284629583358765], [-0.02399890124797821, 0.6198594570159912, 0.003093480132520199, -0.7843397855758667], [0.8607434630393982, -0.18758215010166168, -0.47210249304771423, -0.03244828060269356], [0.6882277131080627, 0.0030847410671412945, 0.03195980563759804, -0.7247838973999023], [0.9642443656921387, -0.19243013858795166, 0.18141978979110718, 0.01703624427318573]], "joint_names": ["Hips", "LeftUpLeg", "LeftLeg", "LeftFoot", "LeftToe", "RightUpLeg", "RightLeg", "RightFoot", "RightToe", "Spine", "Spine1", "Spine2", "Neck", "Head", "LeftShoulder", "LeftArm", "LeftForeArm", "LeftHand", "RightShoulder", "RightArm", "RightForeArm", "RightHand"]}