{"root_pos": [29.995685577392578, 71.91609191894531, -14.462156295776367], "local_quat": [[-0.2724083662033081, -0.5376147031784058, -0.6527438163757324, -0.45900943875312805], [-0.058932188898324966, -0.2580001652240753, -0.9642875790596008, -0.010600936599075794], [0.9231647849082947, 0.09700312465429306, -0.017000116407871246, -0.37157535552978516], [0.7289049625396729, 0.009936192072927952, -0.08160298317670822, 0.6796615123748779], [0.9796149134635925, -0.013628598302602768, 0.01948244869709015, 0.19947274029254913], [-0.020883485674858093, -0.01789054647088051, 0.9995422959327698, 0.012609682977199554], [0.669197678565979, -0.07445145398378372, -0.0829690471291542, -0.7346752285957336], [0.8037635684013367, -0.03769780322909355, 0.0012550996616482735, 0.5937519073486328], [0.9803193211555481, -0.0072550284676253796, 0.010752428323030472, 0.19699163734912872], [0.9941242933273315, 0.01599765755236149, -0.008237446658313274, 0.10673830658197403], [0.9934645891189575, 0.029696203768253326, -0.040596723556518555, 0.10246052592992783], [0.9956135749816895, 0.0309552364051342, -0.026653818786144257, 0.08417273312807083], [0.9563000202178955, -0.17873944342136383, -0.22731605172157288, -0.04324240982532501], [0.8841918706893921, -0.3198744058609009, 0.33907055854797363, 0.030267968773841858], [0.014368541538715363, -0.5985022783279419, 0.07678347080945969, -0.7973034977912903], [0.8921937346458435, 0.205025777220726, 0.40217724442481995, -0.01442987471818924], [0.6157527565956116, -0.004130525980144739, -0.0563950315117836, -0.7859078049659729], [0.9352899193763733, 0.32758811116218567, -0.029287278652191162, 0.1306179314851761], [-0.029708364978432655, 0.6276258230209351, 0.0055495393462479115, -0.7779282927513123], [0.8466883897781372, -0.18012504279613495, -0.49755269289016724, -0.05581369623541832], [0.5838173627853394, -0.007543371990323067, 0.00991982501000166, -0.811789333820343], [0.9705399870872498, -0.19240212440490723, 0.14500771462917328, -0.002525030169636011]], "joint_names": ["Hips", "LeftUpLeg", "LeftLeg", "LeftFoot", "LeftToe", "RightUpLeg", "RightLeg", "RightFoot", "RightToe", "Spine", "Spine1", "Spine2", "Neck", "Head", "LeftShoulder", "LeftArm", "LeftForeArm", "LeftHand", "RightShoulder", "RightArm", "RightForeArm", "RightHand"]}