{"root_pos": [9.357008934020996, 77.37177276611328, -41.20627975463867], "local_quat": [[-0.2345053106546402, -0.5837811827659607, -0.6515989303588867, -0.4238225221633911], [-0.028101230040192604, -0.34263139963150024, -0.9387306571006775, 0.024469630792737007], [0.9080914258956909, 0.08318112045526505, 0.0019884745124727488, -0.4104229807853699], [0.780892550945282, -0.034298308193683624, -0.12172365933656693, 0.6117302179336548], [0.980951726436615, -0.011427352204918861, 0.014454307034611702, 0.19337593019008636], [-0.06543609499931335, -0.09476539492607117, 0.9928378462791443, -0.03179012984037399], [0.929633617401123, -0.07818446308374405, -0.0270405076444149, -0.35907843708992004], [0.814674973487854, -0.06300671398639679, 0.014023689553141594, 0.5763142704963684], [0.9802502393722534, -0.007495485711842775, 0.008782131597399712, 0.1974237710237503], [0.9933639168739319, 0.03509773686528206, -0.007085869554430246, 0.10929781198501587], [0.9933689832687378, 0.06420030444860458, -0.02637474052608013, 0.09165560454130173], [0.9949026703834534, 0.06591928750276566, -0.02102082222700119, 0.07335835695266724], [0.9525342583656311, -0.1766148805618286, -0.24290138483047485, -0.04984743520617485], [0.8897706270217896, -0.31719696521759033, 0.3261352479457855, 0.03647232428193092], [0.03375539928674698, -0.5944821238517761, 0.09037374705076218, -0.7983007431030273], [0.8521124124526978, 0.2940305769443512, 0.42776310443878174, 0.06685209274291992], [0.6606494188308716, -0.00031566721736453474, -0.05941084027290344, -0.7483399510383606], [0.9474747180938721, 0.28752002120018005, -0.014862282201647758, 0.13929469883441925], [-0.03761358931660652, 0.6362484693527222, 0.013133636675775051, -0.7704548239707947], [0.8514559268951416, -0.15407466888427734, -0.4847273826599121, -0.1277620792388916], [0.5062254667282104, -0.015536800026893616, 3.321912663523108e-05, -0.862261176109314], [0.9755863547325134, -0.1894322782754898, 0.11051186174154282, -0.011568836867809296]], "joint_names": ["Hips", "LeftUpLeg", "LeftLeg", "LeftFoot", "LeftToe", "RightUpLeg", "RightLeg", "RightFoot", "RightToe", "Spine", "Spine1", "Spine2", "Neck", "Head", "LeftShoulder", "LeftArm", "LeftForeArm", "LeftHand", "RightShoulder", "RightArm", "RightForeArm", "RightHand"]}