{"root_pos": [49.62055969238281, 81.8093490600586, 48.07074737548828], "local_quat": [[-0.37329697608947754, -0.4747469425201416, -0.5932955741882324, -0.5322263836860657], [-0.007230499293655157, 0.08480509370565414, -0.9963028430938721, 0.01168397068977356], [0.8995323181152344, 0.08504825085401535, 0.028071321547031403, -0.42757508158683777], [0.8329912424087524, -0.03928885981440544, -0.09405922144651413, 0.543815016746521], [0.9768400192260742, -0.016009246930480003, 0.0234470684081316, 0.21207915246486664], [-0.06646944582462311, 0.33905792236328125, 0.9353382587432861, -0.07592074573040009], [0.9547964930534363, -0.04634217172861099, -0.03275930508971214, -0.29179221391677856], [0.8355419635772705, -0.02129138633608818, 0.04701482132077217, 0.5469971895217896], [0.9808307886123657, -0.007189697120338678, 0.011633501388132572, 0.19438089430332184], [0.9958041906356812, -0.03462868183851242, 0.0016636193031445146, 0.08468809723854065], [0.9951333403587341, -0.06762979924678802, -0.017309851944446564, 0.06954264640808105], [0.996047854423523, -0.07037375867366791, 0.008901875466108322, 0.05345037579536438], [0.9753632545471191, -0.16792947053909302, -0.14039947092533112, -0.027462851256132126], [0.9109542965888977, -0.28603237867355347, 0.2916751205921173, 0.057213205844163895], [-0.044264473021030426, -0.6498122215270996, 0.033419959247112274, -0.7580685019493103], [0.8908067345619202, 0.12660068273544312, 0.366285115480423, -0.2372148334980011], [0.4865484833717346, 0.00675766309723258, -0.0303469467908144, -0.8731001615524292], [0.9188845753669739, 0.3732544481754303, 0.006066945847123861, 0.12765370309352875], [-0.018702266737818718, 0.6392524838447571, -8.314655860885978e-05, -0.7687694430351257], [0.8427169322967529, -0.2866380512714386, -0.43899545073509216, 0.1222686693072319], [0.7152702212333679, -0.0005052002961747348, 0.035544801503419876, -0.6979432106018066], [0.9780493378639221, -0.16305463016033173, 0.11934064328670502, 0.05089626833796501]], "joint_names": ["Hips", "LeftUpLeg", "LeftLeg", "LeftFoot", "LeftToe", "RightUpLeg", "RightLeg", "RightFoot", "RightToe", "Spine", "Spine1", "Spine2", "Neck", "Head", "LeftShoulder", "LeftArm", "LeftForeArm", "LeftHand", "RightShoulder", "RightArm", "RightForeArm", "RightHand"]}