{"root_pos": [49.657470703125, 81.31608581542969, 55.554283142089844], "local_quat": [[-0.38987141847610474, -0.4652784466743469, -0.5796734094619751, -0.5435945391654968], [-0.010563664138317108, 0.10796491801738739, -0.9940236806869507, 0.012198536656796932], [0.8663858771324158, 0.0837152898311615, 0.03925888240337372, -0.49074020981788635], [0.82667475938797, -0.03873066231608391, -0.0830368846654892, 0.5551698803901672], [0.9765104055404663, -0.016176793724298477, 0.0240811537951231, 0.2135082632303238], [-0.07471201568841934, 0.31808584928512573, 0.9411846399307251, -0.08608677983283997], [0.9701511263847351, -0.050072379410266876, -0.0190334040671587, -0.23651078343391418], [0.8408248424530029, -0.031326815485954285, 0.049957938492298126, 0.5380858778953552], [0.9809467792510986, -0.006843266077339649, 0.01173323392868042, 0.1938011348247528], [0.9959843754768372, -0.03696896508336067, 0.003454485908150673, 0.08146489411592484], [0.9951390624046326, -0.07169599831104279, -0.015330890193581581, 0.06574923545122147], [0.9958320260047913, -0.07454343140125275, 0.012731377966701984, 0.05098702758550644], [0.9778239727020264, -0.1604142040014267, -0.1321842074394226, -0.025591541081666946], [0.9170286059379578, -0.27637994289398193, 0.2821282744407654, 0.055464327335357666], [-0.04638379439711571, -0.6517364978790283, 0.03309217840433121, -0.7563021779060364], [0.8852223753929138, 0.1272454410791397, 0.3688379228115082, -0.2532755732536316], [0.48991870880126953, 0.006718200631439686, -0.030276881530880928, -0.8712162971496582], [0.9161779284477234, 0.37885981798171997, 0.0052479165606200695, 0.13059717416763306], [-0.017127811908721924, 0.6385878324508667, -0.0006971436669118702, -0.7693579196929932], [0.8446453213691711, -0.28270694613456726, -0.4311016798019409, 0.14423061907291412], [0.7119506001472473, -0.00045829243026673794, 0.03549714386463165, -0.701331615447998], [0.9790536165237427, -0.16061349213123322, 0.1138092428445816, 0.05200885981321335]], "joint_names": ["Hips", "LeftUpLeg", "LeftLeg", "LeftFoot", "LeftToe", "RightUpLeg", "RightLeg", "RightFoot", "RightToe", "Spine", "Spine1", "Spine2", "Neck", "Head", "LeftShoulder", "LeftArm", "LeftForeArm", "LeftHand", "RightShoulder", "RightArm", "RightForeArm", "RightHand"]}