{"root_pos": [45.719181060791016, 77.65579223632812, 22.573223114013672], "local_quat": [[-0.3348988890647888, -0.49512940645217896, -0.6259098649024963, -0.5009255409240723], [-0.02072148211300373, -0.027317916974425316, -0.9993714094161987, 0.009009256027638912], [0.9216738343238831, 0.09637846797704697, -0.0004689818888437003, -0.37580350041389465], [0.7602346539497375, -0.014179602265357971, -0.09584416449069977, 0.6423831582069397], [0.9779806733131409, -0.015152214094996452, 0.0211368165910244, 0.2070682793855667], [-0.006003499962389469, 0.3398181200027466, 0.9396653175354004, -0.03894459456205368], [0.753329873085022, -0.052990224212408066, -0.0891685038805008, -0.6494114398956299], [0.7884287238121033, -0.011732500046491623, 0.013255524449050426, 0.6148713827133179], [0.9806033372879028, -0.008108740672469139, 0.011274594813585281, 0.19551034271717072], [0.9948489665985107, -0.019774140790104866, -0.0014790092827752233, 0.09940985590219498], [0.9944505095481873, -0.039150770753622055, -0.025548219680786133, 0.09424830228090286], [0.9963539838790894, -0.04018370434641838, -0.003768349066376686, 0.07516547292470932], [0.9693425893783569, -0.1721503734588623, -0.1678718775510788, -0.050579819828271866], [0.9010058641433716, -0.2997002601623535, 0.31084156036376953, 0.04178041219711304], [-0.030551951378583908, -0.6282761693000793, 0.04142136871814728, -0.7762859463691711], [0.8973405361175537, 0.10604850202798843, 0.3814840316772461, -0.19494515657424927], [0.5363327860832214, 0.0014080238761380315, -0.04161998629570007, -0.8429785966873169], [0.9258724451065063, 0.3552294075489044, -0.016859082505106926, 0.12762491405010223], [-0.023716989904642105, 0.6302732229232788, 0.003962073475122452, -0.7760009765625], [0.853691816329956, -0.2447134554386139, -0.45861074328422546, 0.031650252640247345], [0.714282214641571, 0.0031114681623876095, 0.03584298491477966, -0.6989323496818542], [0.970399022102356, -0.17926263809204102, 0.1581721007823944, 0.034239787608385086]], "joint_names": ["Hips", "LeftUpLeg", "LeftLeg", "LeftFoot", "LeftToe", "RightUpLeg", "RightLeg", "RightFoot", "RightToe", "Spine", "Spine1", "Spine2", "Neck", "Head", "LeftShoulder", "LeftArm", "LeftForeArm", "LeftHand", "RightShoulder", "RightArm", "RightForeArm", "RightHand"]}