{"root_pos": [51.96003723144531, 75.30269622802734, 82.9804458618164], "local_quat": [[-0.4472699761390686, -0.4225292205810547, -0.540521502494812, -0.5738075375556946], [-0.02653721533715725, 0.007539891637861729, -0.9996193051338196, 0.0002718564646784216], [0.6413922905921936, 0.07350065559148788, 0.08328236639499664, -0.7591295838356018], [0.8052070736885071, -0.03772779554128647, -0.03557273745536804, 0.5907223224639893], [0.9757272005081177, -0.016883505508303642, 0.02564571425318718, 0.21682628989219666], [-0.07656143605709076, 0.2541218400001526, 0.9587358236312866, -0.10191251337528229], [0.933751106262207, -0.05886450782418251, -0.0315670408308506, -0.3516351878643036], [0.7516315579414368, -0.0774587020277977, -0.010922068729996681, 0.6549282073974609], [0.9814351201057434, -0.005197433289140463, 0.0117311617359519, 0.19136488437652588], [0.996914803981781, -0.025115173310041428, 0.0056837559677660465, 0.07414715737104416], [0.9964203834533691, -0.04578060284256935, -0.019072767347097397, 0.06845929473638535], [0.9970958828926086, -0.04605504497885704, 0.019092125818133354, 0.057569537311792374], [0.9776301383972168, -0.15122726559638977, -0.14528535306453705, -0.01618133671581745], [0.9203426241874695, -0.2709166407585144, 0.27695733308792114, 0.05355585366487503], [-0.03531890735030174, -0.6279416680335999, 0.048292916268110275, -0.7759571671485901], [0.8657627701759338, 0.1426706314086914, 0.4111577272415161, -0.24708136916160583], [0.548300564289093, -0.0029348537791520357, -0.04382564499974251, -0.8351269960403442], [0.9035342931747437, 0.40380093455314636, -0.044074561446905136, 0.13648420572280884], [-0.026100462302565575, 0.6264581084251404, 0.015147165395319462, -0.7788706421852112], [0.8638936877250671, -0.20890623331069946, -0.44169723987579346, 0.12226760387420654], [0.6977583169937134, 0.004232651088386774, 0.03401753678917885, -0.7155126333236694], [0.9717488884925842, -0.1849077194929123, 0.14034906029701233, 0.042608704417943954]], "joint_names": ["Hips", "LeftUpLeg", "LeftLeg", "LeftFoot", "LeftToe", "RightUpLeg", "RightLeg", "RightFoot", "RightToe", "Spine", "Spine1", "Spine2", "Neck", "Head", "LeftShoulder", "LeftArm", "LeftForeArm", "LeftHand", "RightShoulder", "RightArm", "RightForeArm", "RightHand"]}