{"root_pos": [48.844200134277344, 81.22579956054688, 40.350154876708984], "local_quat": [[-0.3604430854320526, -0.47880643606185913, -0.604753315448761, -0.524498462677002], [-0.005080675706267357, 0.04870036616921425, -0.9987596273422241, 0.009036559611558914], [0.921428918838501, 0.08626240491867065, 0.01790342666208744, -0.3784271478652954], [0.8302264213562012, -0.03625065088272095, -0.09906923770904541, 0.5473529696464539], [0.9771800637245178, -0.015906475484371185, 0.022834714502096176, 0.2105819582939148], [-0.04517742246389389, 0.35212063789367676, 0.9327527284622192, -0.06278784573078156], [0.9155201315879822, -0.04507451876997948, -0.0527225099503994, -0.3962467312812805], [0.8220037221908569, -0.014829757623374462, 0.036473702639341354, 0.5681193470954895], [0.9807471632957458, -0.007382818963378668, 0.011532479897141457, 0.19480140507221222], [0.9954399466514587, -0.031008398160338402, -0.0003057662397623062, 0.09020929038524628], [0.9948875904083252, -0.060869622975587845, -0.020599890500307083, 0.07790456712245941], [0.9961740970611572, -0.06330020725727081, 0.004280403256416321, 0.06009981408715248], [0.973198413848877, -0.17279018461704254, -0.14817453920841217, -0.032752152532339096], [0.9061659574508667, -0.2933593988418579, 0.2995254099369049, 0.0555715374648571], [-0.041894055902957916, -0.644282341003418, 0.0335669107735157, -0.762901246547699], [0.892392098903656, 0.124241903424263, 0.37213796377182007, -0.2229655683040619], [0.4910936653614044, 0.006203124765306711, -0.03125032037496567, -0.870523989200592], [0.9213089942932129, 0.3681305944919586, 0.0020448907744139433, 0.12516196072101593], [-0.020981619134545326, 0.6394773125648499, 0.0017404566751793027, -0.7685216069221497], [0.8446770906448364, -0.2800809144973755, -0.4461215138435364, 0.0951366126537323], [0.7158852219581604, 0.0003551059926394373, 0.035658739507198334, -0.697306752204895], [0.9760212302207947, -0.16863930225372314, 0.1292644888162613, 0.047264136373996735]], "joint_names": ["Hips", "LeftUpLeg", "LeftLeg", "LeftFoot", "LeftToe", "RightUpLeg", "RightLeg", "RightFoot", "RightToe", "Spine", "Spine1", "Spine2", "Neck", "Head", "LeftShoulder", "LeftArm", "LeftForeArm", "LeftHand", "RightShoulder", "RightArm", "RightForeArm", "RightHand"]}