{"root_pos": [47.51102066040039, 79.91280364990234, 31.807395935058594], "local_quat": [[-0.34720396995544434, -0.4853059947490692, -0.6160533428192139, -0.5142040252685547], [-0.010253888554871082, 0.010001800023019314, -0.9998695850372314, 0.0074538420885801315], [0.9272982478141785, 0.09067656099796295, 0.007818427868187428, -0.36309030652046204], [0.8031470775604248, -0.028941553086042404, -0.10249929875135422, 0.5861834287643433], [0.9775617122650146, -0.015556101687252522, 0.022059259936213493, 0.2089127004146576], [-0.019132263958454132, 0.35713616013526917, 0.9326252341270447, -0.04793509095907211], [0.84716796875, -0.04713728651404381, -0.07355055212974548, -0.5240942239761353], [0.8037577271461487, -0.011303613893687725, 0.02432820573449135, 0.594351589679718], [0.9806672930717468, -0.007755890488624573, 0.011402922682464123, 0.19519567489624023], [0.9950790405273438, -0.02549697272479534, -0.00035450453287921846, 0.09574729949235916], [0.9947099685668945, -0.05032685771584511, -0.021829713135957718, 0.08684854209423065], [0.9963102340698242, -0.05218274146318436, 0.0013788036303594708, 0.06812480837106705], [0.97105872631073, -0.17364533245563507, -0.15831582248210907, -0.042758870869874954], [0.9030122756958008, -0.2979378402233124, 0.30546972155570984, 0.0498991422355175], [-0.037103280425071716, -0.6368746757507324, 0.03629119321703911, -0.7692184448242188], [0.8941324949264526, 0.11804717779159546, 0.37736776471138, -0.21020376682281494], [0.508384108543396, 0.004128107335418463, -0.03526052087545395, -0.8603982925415039], [0.9231529831886292, 0.3633837401866913, -0.004656738135963678, 0.12537574768066406], [-0.023118114098906517, 0.6374704241752625, 0.0035704514011740685, -0.7701196074485779], [0.849930465221405, -0.2661871612071991, -0.4502331614494324, 0.06366048753261566], [0.7151033878326416, 0.0018499651923775673, 0.035804297775030136, -0.6980986595153809], [0.9735226631164551, -0.17353472113609314, 0.14299628138542175, 0.0411275215446949]], "joint_names": ["Hips", "LeftUpLeg", "LeftLeg", "LeftFoot", "LeftToe", "RightUpLeg", "RightLeg", "RightFoot", "RightToe", "Spine", "Spine1", "Spine2", "Neck", "Head", "LeftShoulder", "LeftArm", "LeftForeArm", "LeftHand", "RightShoulder", "RightArm", "RightForeArm", "RightHand"]}