{"root_pos": [50.17670440673828, 79.0172119140625, 64.24647521972656], "local_quat": [[-0.4074572026729584, -0.45167261362075806, -0.5652452111244202, -0.5571967959403992], [-0.01969948038458824, 0.11342474818229675, -0.9933262467384338, 0.007052686996757984], [0.8202512264251709, 0.08176788687705994, 0.052190497517585754, -0.5637180805206299], [0.8120808005332947, -0.034903526306152344, -0.06494666635990143, 0.5788682103157043], [0.9761504530906677, -0.01649332605302334, 0.024973947554826736, 0.2150219827890396], [-0.07077634334564209, 0.30437344312667847, 0.9454408288002014, -0.09213633835315704], [0.9681748747825623, -0.05540043115615845, -0.014339858666062355, -0.2436440885066986], [0.8290558457374573, -0.044510021805763245, 0.042548131197690964, 0.5557652711868286], [0.9811158180236816, -0.006248770281672478, 0.011901584453880787, 0.1929534375667572], [0.9961123466491699, -0.03665969893336296, 0.0037987185642123222, 0.08001169562339783], [0.9951455593109131, -0.07020530849695206, -0.017014523968100548, 0.06683678925037384], [0.9958350658416748, -0.07272060960531235, 0.013975158333778381, 0.05318830534815788], [0.9790471792221069, -0.155175119638443, -0.1294070929288864, -0.02531803771853447], [0.9202932119369507, -0.2710173726081848, 0.27738818526268005, 0.051630161702632904], [-0.04642021656036377, -0.6484696269035339, 0.035048794001340866, -0.7590150833129883], [0.8803151249885559, 0.1244325116276741, 0.3767091929912567, -0.26009994745254517], [0.5043055415153503, 0.004806432873010635, -0.03297710418701172, -0.8628819584846497], [0.9131618738174438, 0.3849516212940216, -0.0038658473640680313, 0.13391295075416565], [-0.017787298187613487, 0.6356183886528015, 0.001721228240057826, -0.7717965245246887], [0.8517999053001404, -0.26474863290786743, -0.4242303669452667, 0.15612028539180756], [0.7069684863090515, 0.0010823097545653582, 0.0355023518204689, -0.7063525915145874], [0.9785693287849426, -0.16332964599132538, 0.11496264487504959, 0.05009084194898605]], "joint_names": ["Hips", "LeftUpLeg", "LeftLeg", "LeftFoot", "LeftToe", "RightUpLeg", "RightLeg", "RightFoot", "RightToe", "Spine", "Spine1", "Spine2", "Neck", "Head", "LeftShoulder", "LeftArm", "LeftForeArm", "LeftHand", "RightShoulder", "RightArm", "RightForeArm", "RightHand"]}