{"root_pos": [52.12599563598633, 73.87274932861328, 92.06585693359375], "local_quat": [[-0.4674038887023926, -0.4100911021232605, -0.5322966575622559, -0.5744730830192566], [-0.03156626597046852, -0.1002746969461441, -0.9944315552711487, -0.007365723606199026], [0.5638110637664795, 0.06480350345373154, 0.09742479771375656, -0.8175731897354126], [0.795167088508606, -0.045492835342884064, -0.02500748634338379, 0.6041642427444458], [0.9755980968475342, -0.016887769103050232, 0.02560657076537609, 0.21741081774234772], [-0.08285212516784668, 0.19855128228664398, 0.9712943434715271, -0.10148997604846954], [0.9047548770904541, -0.06328418105840683, -0.040512822568416595, -0.41925227642059326], [0.6998674869537354, -0.08898963779211044, -0.027158638462424278, 0.7081868648529053], [0.9815741777420044, -0.004750522319227457, 0.011692509986460209, 0.19066457450389862], [0.9970889091491699, -0.015309100039303303, 0.0074147507548332214, 0.07432571798563004], [0.9969148635864258, -0.0258596483618021, -0.018499527126550674, 0.07176193594932556], [0.9974992871284485, -0.02525385282933712, 0.022798264399170876, 0.06194883957505226], [0.9761297702789307, -0.15232887864112854, -0.15432347357273102, -0.012285732664167881], [0.9190017580986023, -0.27443018555641174, 0.2778782844543457, 0.05392137169837952], [-0.027804791927337646, -0.6164690852165222, 0.05580481141805649, -0.7849066853523254], [0.8604332804679871, 0.16688457131385803, 0.431370347738266, -0.213830828666687], [0.5777231454849243, -0.0068150898441672325, -0.04982875660061836, -0.8146819472312927], [0.8970560431480408, 0.41454681754112244, -0.06235967203974724, 0.1398310512304306], [-0.02979857847094536, 0.6281883120536804, 0.020768214017152786, -0.7772130966186523], [0.883604109287262, -0.1607399433851242, -0.4339868724346161, 0.07114601135253906], [0.6798301339149475, 0.005534321069717407, 0.032460588961839676, -0.7326299548149109], [0.9677509665489197, -0.19816793501377106, 0.15096653997898102, 0.03737258538603783]], "joint_names": ["Hips", "LeftUpLeg", "LeftLeg", "LeftFoot", "LeftToe", "RightUpLeg", "RightLeg", "RightFoot", "RightToe", "Spine", "Spine1", "Spine2", "Neck", "Head", "LeftShoulder", "LeftArm", "LeftForeArm", "LeftHand", "RightShoulder", "RightArm", "RightForeArm", "RightHand"]}