{"root_pos": [51.47169494628906, 76.86265563964844, 74.22284698486328], "local_quat": [[-0.4258044362068176, -0.4366758465766907, -0.5506847500801086, -0.5698692798614502], [-0.023011092096567154, 0.0827208012342453, -0.9963028430938721, 0.002882071305066347], [0.7427517175674438, 0.07882018387317657, 0.06780852377414703, -0.6614448428153992], [0.8052326440811157, -0.032535627484321594, -0.04578080773353577, 0.5902931690216064], [0.9758619070053101, -0.0167549941688776, 0.025594377890229225, 0.21623536944389343], [-0.06668777018785477, 0.2913239896297455, 0.9495053887367249, -0.095512256026268], [0.952282726764679, -0.057337332516908646, -0.021961914375424385, -0.29897788166999817], [0.7948927283287048, -0.060688748955726624, 0.017041416838765144, 0.6034666895866394], [0.9812931418418884, -0.00568303233012557, 0.011869469657540321, 0.19206903874874115], [0.9964808821678162, -0.032258473336696625, 0.004234627820551395, 0.07724832743406296], [0.9956391453742981, -0.06064530462026596, -0.019035501405596733, 0.0682818815112114], [0.9963800311088562, -0.06211133673787117, 0.01577424257993698, 0.05585862323641777], [0.9786222577095032, -0.15267671644687653, -0.13603559136390686, -0.021968578919768333], [0.9203280806541443, -0.2706085443496704, 0.2777429223060608, 0.05124589428305626], [-0.04194873198866844, -0.6395682692527771, 0.04114045575261116, -0.7664856314659119], [0.8743931651115417, 0.1294446587562561, 0.3893148899078369, -0.2590647041797638], [0.5279520153999329, 0.0009194157901220024, -0.03863104432821274, -0.8483946323394775], [0.9090511202812195, 0.39318907260894775, -0.02201581560075283, 0.1361749917268753], [-0.02189967781305313, 0.6299616098403931, 0.00850607454776764, -0.776270866394043], [0.856998085975647, -0.2407241314649582, -0.43064916133880615, 0.14882080256938934], [0.704888105392456, 0.003058846341446042, 0.035310108214616776, -0.7084324955940247], [0.9759157299995422, -0.1720714420080185, 0.1256876140832901, 0.04671790450811386]], "joint_names": ["Hips", "LeftUpLeg", "LeftLeg", "LeftFoot", "LeftToe", "RightUpLeg", "RightLeg", "RightFoot", "RightToe", "Spine", "Spine1", "Spine2", "Neck", "Head", "LeftShoulder", "LeftArm", "LeftForeArm", "LeftHand", "RightShoulder", "RightArm", "RightForeArm", "RightHand"]}