{"root_pos": [42.92946243286133, 75.35465240478516, 13.792801856994629], "local_quat": [[-0.3227933347225189, -0.5019635558128357, -0.6351309418678284, -0.490352600812912], [-0.02878517471253872, -0.06898752599954605, -0.9971457719802856, 0.010598678141832352], [0.906105101108551, 0.09975788742303848, -0.0038156656082719564, -0.41110509634017944], [0.71164470911026, -0.00016322666488122195, -0.08237142860889435, 0.6976938247680664], [0.9783945679664612, -0.014714944176375866, 0.02018236368894577, 0.2052321434020996], [0.001925298129208386, 0.2965898811817169, 0.9546290040016174, -0.026725057512521744], [0.658535897731781, -0.060461174696683884, -0.09730764478445053, -0.7437784075737], [0.7802472114562988, -0.021164368838071823, -0.003757941536605358, 0.6251016855239868], [0.9805647134780884, -0.008246514946222305, 0.011076643131673336, 0.19570933282375336], [0.9944779276847839, -0.013664351776242256, -0.0013697908725589514, 0.10404398292303085], [0.9940105080604553, -0.026741329580545425, -0.027302155271172523, 0.10238473117351532], [0.9961708188056946, -0.02667033113539219, -0.007328109350055456, 0.08293861895799637], [0.9679726362228394, -0.17054376006126404, -0.17569191753864288, -0.05546295642852783], [0.8998242020606995, -0.3005581796169281, 0.31472277641296387, 0.03050554171204567], [-0.023789072409272194, -0.6201876401901245, 0.04679138585925102, -0.7826952934265137], [0.8998799920082092, 0.09125383198261261, 0.3887386620044708, -0.17541661858558655], [0.5710874199867249, -0.0014233224792405963, -0.049371179193258286, -0.8194020390510559], [0.9291671514511108, 0.34377115964889526, -0.032316382974386215, 0.13200566172599792], [-0.024293657392263412, 0.6242861151695251, 0.004259626381099224, -0.7808064222335815], [0.8623228669166565, -0.21063531935214996, -0.4604100286960602, -0.007391373626887798], [0.7079334259033203, 0.00395219586789608, 0.03570245951414108, -0.7053651213645935], [0.9668000936508179, -0.18738721311092377, 0.17163901031017303, 0.026900380849838257]], "joint_names": ["Hips", "LeftUpLeg", "LeftLeg", "LeftFoot", "LeftToe", "RightUpLeg", "RightLeg", "RightFoot", "RightToe", "Spine", "Spine1", "Spine2", "Neck", "Head", "LeftShoulder", "LeftArm", "LeftForeArm", "LeftHand", "RightShoulder", "RightArm", "RightForeArm", "RightHand"]}