{"root_pos": [49.480979919433594, 74.84188842773438, 119.8876724243164], "local_quat": [[-0.49286773800849915, -0.374094158411026, -0.5201917290687561, -0.5886726379394531], [-0.03491382673382759, -0.38057881593704224, -0.9230497479438782, -0.04381801187992096], [0.6328636407852173, 0.05020037665963173, 0.11058445274829865, -0.7646794319152832], [0.7874394655227661, -0.07600647956132889, -0.04538067430257797, 0.6100022196769714], [0.9744839072227478, -0.016318118199706078, 0.026556165888905525, 0.22228270769119263], [-0.06792401522397995, -0.011909150518476963, 0.9945673942565918, -0.07797539979219437], [0.9100284576416016, -0.06521668285131454, -0.04640301689505577, -0.4067453444004059], [0.7271378040313721, -0.07978583872318268, -0.009139841422438622, 0.681778073310852], [0.981746256351471, -0.003994762897491455, 0.012561814859509468, 0.1897382289171219], [0.9975455403327942, 0.015407424420118332, 0.0004122398386243731, 0.06830334663391113], [0.9967089891433716, 0.032870788127183914, -0.03446045517921448, 0.06559862196445465], [0.9976599812507629, 0.03393100947141647, 0.012924229726195335, 0.05793280899524689], [0.9688911437988281, -0.16646918654441833, -0.1830500364303589, 0.005535660777240992], [0.901264488697052, -0.29773056507110596, 0.30945971608161926, 0.057562440633773804], [-0.0035496458876878023, -0.5994012355804443, 0.07893969863653183, -0.796538770198822], [0.8659998178482056, 0.21397458016872406, 0.44713833928108215, -0.06577523052692413], [0.5959292650222778, -0.007608877029269934, -0.04968778043985367, -0.8014621138572693], [0.9003781080245972, 0.39356449246406555, -0.12056463211774826, 0.14103297889232635], [-0.029437340795993805, 0.6476909518241882, 0.019628074020147324, -0.7610811591148376], [0.8811109066009521, -0.0790155678987503, -0.4608962833881378, -0.07053179293870926], [0.5631795525550842, -0.0036094048991799355, 0.006266440264880657, -0.8263029456138611], [0.9597927927970886, -0.24035942554473877, 0.1435646116733551, 0.020354537293314934]], "joint_names": ["Hips", "LeftUpLeg", "LeftLeg", "LeftFoot", "LeftToe", "RightUpLeg", "RightLeg", "RightFoot", "RightToe", "Spine", "Spine1", "Spine2", "Neck", "Head", "LeftShoulder", "LeftArm", "LeftForeArm", "LeftHand", "RightShoulder", "RightArm", "RightForeArm", "RightHand"]}