{"root_pos": [38.64714050292969, 73.27717590332031, 168.44546508789062], "local_quat": [[-0.5359710454940796, -0.24173332750797272, -0.5073390603065491, -0.6300055384635925], [-0.07511628419160843, -0.3321608006954193, -0.9394584894180298, -0.03800675645470619], [0.8927398920059204, 0.07704467326402664, 0.06036895886063576, -0.43981266021728516], [0.7593720555305481, -0.06476076692342758, -0.10121991485357285, 0.6394643187522888], [0.9713478684425354, -0.01732291840016842, 0.03269854933023453, 0.23476406931877136], [0.0037036689464002848, -0.09198857843875885, 0.9954291582107544, -0.025397643446922302], [0.7607046961784363, -0.07013945281505585, -0.09203893691301346, -0.6386999487876892], [0.8428147435188293, -0.034632306545972824, 0.012799941934645176, 0.5369358062744141], [0.9824918508529663, -0.0006152843707241118, 0.01551047619432211, 0.1856580227613449], [0.9983881115913391, 0.016635486856102943, -0.009740070439875126, 0.053382448852062225], [0.9950612783432007, 0.03828703612089157, -0.06435997784137726, 0.06515336036682129], [0.9975217580795288, 0.036785371601581573, -0.00351034221239388, 0.059873078018426895], [0.9711046814918518, -0.1748315989971161, -0.161477193236351, 0.017744671553373337], [0.8863126635551453, -0.30934572219848633, 0.34150102734565735, 0.04617541283369064], [-0.003104405477643013, -0.605087399482727, 0.07742089778184891, -0.7923796772956848], [0.8768487572669983, 0.2569904923439026, 0.4061562418937683, -0.011369421146810055], [0.5245726108551025, 0.005527755245566368, -0.024264097213745117, -0.8510019779205322], [0.9247915148735046, 0.3375776410102844, -0.1037241518497467, 0.14157404005527496], [-0.006818053312599659, 0.6498270034790039, -0.010275929234921932, -0.7599820494651794], [0.8485363125801086, -0.1307648867368698, -0.5108063817024231, -0.044311340898275375], [0.5208163261413574, -0.009885638952255249, -0.009463422000408173, -0.8535590171813965], [0.9578184485435486, -0.2340681105852127, 0.16470588743686676, 0.02584047242999077]], "joint_names": ["Hips", "LeftUpLeg", "LeftLeg", "LeftFoot", "LeftToe", "RightUpLeg", "RightLeg", "RightFoot", "RightToe", "Spine", "Spine1", "Spine2", "Neck", "Head", "LeftShoulder", "LeftArm", "LeftForeArm", "LeftHand", "RightShoulder", "RightArm", "RightForeArm", "RightHand"]}