{"root_pos": [52.27820587158203, 73.2701644897461, 101.1905517578125], "local_quat": [[-0.47932443022727966, -0.3970144987106323, -0.5265299677848816, -0.5791317820549011], [-0.0315353162586689, -0.2141650766134262, -0.9760271310806274, -0.022579699754714966], [0.529787003993988, 0.05688190832734108, 0.10755793005228043, -0.8393577337265015], [0.7899494767189026, -0.05302668362855911, -0.018038539215922356, 0.6106083989143372], [0.9753950238227844, -0.01665547490119934, 0.025486592203378677, 0.21835188567638397], [-0.08541364222764969, 0.13548289239406586, 0.9820655584335327, -0.09947963804006577], [0.883279025554657, -0.06575356423854828, -0.047768063843250275, -0.46174973249435425], [0.6710157990455627, -0.09578952193260193, -0.038742296397686005, 0.7342078685760498], [0.9816390872001648, -0.004563696216791868, 0.011713482439517975, 0.19033287465572357], [0.9974626302719116, -0.006091543938964605, 0.006830228492617607, 0.07060116529464722], [0.9973697066307068, -0.007602257188409567, -0.02097085490822792, 0.0689646378159523], [0.9978914260864258, -0.006164698861539364, 0.023159215226769447, 0.060319188982248306], [0.9740321040153503, -0.15657490491867065, -0.16333389282226562, -0.008235950954258442], [0.9145845174789429, -0.281025767326355, 0.2853303551673889, 0.05609208717942238], [-0.019957955926656723, -0.6078503131866455, 0.06368598341941833, -0.7912419438362122], [0.8600207567214966, 0.17590384185314178, 0.44332411885261536, -0.18134461343288422], [0.5975770950317383, -0.009516953490674496, -0.05415934696793556, -0.7999235987663269], [0.8936319351196289, 0.4171619713306427, -0.0865025669336319, 0.14112071692943573], [-0.030810106545686722, 0.6334726214408875, 0.022527912631630898, -0.7728232741355896], [0.8885298371315002, -0.1281808763742447, -0.4402461051940918, 0.0163627527654171], [0.6593348979949951, 0.004889555275440216, 0.02804340049624443, -0.7513102293014526], [0.9640127420425415, -0.21489953994750977, 0.15303409099578857, 0.03283418342471123]], "joint_names": ["Hips", "LeftUpLeg", "LeftLeg", "LeftFoot", "LeftToe", "RightUpLeg", "RightLeg", "RightFoot", "RightToe", "Spine", "Spine1", "Spine2", "Neck", "Head", "LeftShoulder", "LeftArm", "LeftForeArm", "LeftHand", "RightShoulder", "RightArm", "RightForeArm", "RightHand"]}