{"root_pos": [51.70802307128906, 73.5269546508789, 110.59706115722656], "local_quat": [[-0.486395925283432, -0.3878278136253357, -0.5229600071907043, -0.5826847553253174], [-0.03075280785560608, -0.29944929480552673, -0.9529989957809448, -0.034311313182115555], [0.560984194278717, 0.05089569091796875, 0.1127898320555687, -0.818526029586792], [0.7864803075790405, -0.0645122230052948, -0.024883359670639038, 0.613732635974884], [0.975010871887207, -0.016516854986548424, 0.025857452303171158, 0.2200281023979187], [-0.08184292167425156, 0.07037897408008575, 0.9900590777397156, -0.09017453342676163], [0.8869913816452026, -0.06691232323646545, -0.04876100644469261, -0.45430317521095276], [0.6834676265716553, -0.09066075831651688, -0.0285164937376976, 0.7237674593925476], [0.9816902279853821, -0.004342311527580023, 0.01202003937214613, 0.19005514681339264], [0.9975558519363403, 0.004932417068630457, 0.004025412257760763, 0.06958331912755966], [0.9972240328788757, 0.013523012399673462, -0.027049889788031578, 0.06804154813289642], [0.9979134202003479, 0.01497647911310196, 0.019105752930045128, 0.059829097241163254], [0.9713747501373291, -0.161597341299057, -0.17411194741725922, -0.0015841542044654489], [0.9079728722572327, -0.2896140515804291, 0.2975614368915558, 0.056269172579050064], [-0.011697214096784592, -0.6018392443656921, 0.07194572687149048, -0.7952839136123657], [0.8642110228538513, 0.18617156147956848, 0.45044782757759094, -0.12480456382036209], [0.6005661487579346, -0.009605200961232185, -0.053358837962150574, -0.7977348566055298], [0.89453125, 0.41017937660217285, -0.10864175111055374, 0.1405835896730423], [-0.03128758817911148, 0.6403107047080994, 0.022853096947073936, -0.7671382427215576], [0.8877680897712708, -0.10127369314432144, -0.44752418994903564, -0.03651709854602814], [0.621246337890625, 0.0019255091901868582, 0.019337957724928856, -0.7833743095397949], [0.9614130854606628, -0.22759704291820526, 0.1521894484758377, 0.026886412873864174]], "joint_names": ["Hips", "LeftUpLeg", "LeftLeg", "LeftFoot", "LeftToe", "RightUpLeg", "RightLeg", "RightFoot", "RightToe", "Spine", "Spine1", "Spine2", "Neck", "Head", "LeftShoulder", "LeftArm", "LeftForeArm", "LeftHand", "RightShoulder", "RightArm", "RightForeArm", "RightHand"]}