{"root_pos": [44.373294830322266, 77.52715301513672, 143.2335205078125], "local_quat": [[-0.5082993507385254, -0.31483763456344604, -0.5184232592582703, -0.6113479733467102], [-0.06316404044628143, -0.3849659860134125, -0.9195268750190735, -0.0477687306702137], [0.8751346468925476, 0.06569162011146545, 0.06977161765098572, -0.47429513931274414], [0.7729488611221313, -0.07179202884435654, -0.09118933975696564, 0.6237632036209106], [0.9728618264198303, -0.01633276231586933, 0.029588637873530388, 0.22890539467334747], [-0.025656985118985176, -0.11909446120262146, 0.9920027256011963, -0.03299877047538757], [0.9130504727363586, -0.057611193507909775, -0.061625886708498, -0.39902642369270325], [0.8430361747741699, -0.03305821493268013, 0.03278622031211853, 0.5358379483222961], [0.981958270072937, -0.003042295342311263, 0.013959529809653759, 0.18855740129947662], [0.9977061152458191, 0.023224255070090294, -0.0007057816255837679, 0.06358213722705841], [0.9960348010063171, 0.04857853055000305, -0.041182201355695724, 0.0621187724173069], [0.997347891330719, 0.04731271043419838, 0.009487484581768513, 0.05448504537343979], [0.9680101871490479, -0.17759613692760468, -0.17631633579730988, 0.018121063709259033], [0.8899621367454529, -0.3109435439109802, 0.3292445242404938, 0.05366073176264763], [0.0030842870473861694, -0.6021153926849365, 0.08395928889513016, -0.7939763069152832], [0.8592356443405151, 0.2521244287490845, 0.4448225498199463, 0.01673945039510727], [0.5302411317825317, 0.0037718431558459997, -0.02740759775042534, -0.8473953604698181], [0.918310821056366, 0.3518231213092804, -0.12379501014947891, 0.13266682624816895], [-0.01459994725883007, 0.6501542329788208, -0.0004346226924099028, -0.7596617341041565], [0.8536481857299805, -0.09655890613794327, -0.506649374961853, -0.07257825136184692], [0.4897080063819885, -0.013088616542518139, -0.013740346767008305, -0.871679961681366], [0.9585881233215332, -0.25065016746520996, 0.13419446349143982, 0.01659083366394043]], "joint_names": ["Hips", "LeftUpLeg", "LeftLeg", "LeftFoot", "LeftToe", "RightUpLeg", "RightLeg", "RightFoot", "RightToe", "Spine", "Spine1", "Spine2", "Neck", "Head", "LeftShoulder", "LeftArm", "LeftForeArm", "LeftHand", "RightShoulder", "RightArm", "RightForeArm", "RightHand"]}