{"root_pos": [42.45150375366211, 77.24391174316406, 150.95948791503906], "local_quat": [[-0.5134299993515015, -0.29237058758735657, -0.5200259685516357, -0.6168323159217834], [-0.07321964204311371, -0.36076289415359497, -0.9285865426063538, -0.0470745787024498], [0.9060861468315125, 0.07000815868377686, 0.0602310448884964, -0.4128910005092621], [0.7717384099960327, -0.07089926302433014, -0.10263176262378693, 0.6235862970352173], [0.9723517894744873, -0.016723882406949997, 0.030786482617259026, 0.2308778315782547], [-0.017207780852913857, -0.11069096624851227, 0.9931209087371826, -0.034089941531419754], [0.8807282447814941, -0.06174582242965698, -0.07149791717529297, -0.4641048312187195], [0.8520886898040771, -0.03203771263360977, 0.02754148282110691, 0.5216894745826721], [0.9821099042892456, -0.0023822335060685873, 0.014424732886254787, 0.18774020671844482], [0.997861921787262, 0.02138146571815014, -0.003372456645593047, 0.061669010668992996], [0.9957997798919678, 0.04563034698367119, -0.04762648046016693, 0.06350110471248627], [0.9974492788314819, 0.04395163431763649, 0.005597870331257582, 0.05596277862787247], [0.9690298438072205, -0.17759309709072113, -0.17091861367225647, 0.015121673233807087], [0.8883716464042664, -0.3112368881702423, 0.3340197503566742, 0.04856273531913757], [0.0008094159420579672, -0.6041378378868103, 0.0815540999174118, -0.7926952242851257], [0.8628647327423096, 0.25389203429222107, 0.4367689788341522, 0.015371548943221569], [0.5195083022117615, 0.005960244685411453, -0.023502007126808167, -0.8541212677955627], [0.9217994809150696, 0.3439316749572754, -0.11927875131368637, 0.1333014816045761], [-0.011761621572077274, 0.6495771408081055, -0.0044388254173099995, -0.7601917386054993], [0.8537953495979309, -0.10411226004362106, -0.506416380405426, -0.06112764775753021], [0.4960235059261322, -0.01293493527919054, -0.013378296978771687, -0.8681097030639648], [0.9587278962135315, -0.24478478729724884, 0.1433228999376297, 0.019488316029310226]], "joint_names": ["Hips", "LeftUpLeg", "LeftLeg", "LeftFoot", "LeftToe", "RightUpLeg", "RightLeg", "RightFoot", "RightToe", "Spine", "Spine1", "Spine2", "Neck", "Head", "LeftShoulder", "LeftArm", "LeftForeArm", "LeftHand", "RightShoulder", "RightArm", "RightForeArm", "RightHand"]}