{"root_pos": [47.80506896972656, 76.40924835205078, 127.56661224365234], "local_quat": [[-0.4996551275253296, -0.355732798576355, -0.5170307755470276, -0.5970579385757446], [-0.043895311653614044, -0.4167744815349579, -0.9067196846008301, -0.047242242842912674], [0.7268495559692383, 0.05337529256939888, 0.10065028816461563, -0.6772814989089966], [0.7858981490135193, -0.0750497579574585, -0.05784771963953972, 0.6110525131225586], [0.9739466905593872, -0.01617949828505516, 0.027391808107495308, 0.22453443706035614], [-0.05411430448293686, -0.07165008783340454, 0.9942700266838074, -0.05800848454236984], [0.9269752502441406, -0.058471277356147766, -0.04966864734888077, -0.36719340085983276], [0.7827690243721008, -0.0575745552778244, 0.013311492279171944, 0.6195003390312195], [0.9817680716514587, -0.003833847353234887, 0.013107595033943653, 0.18959170579910278], [0.9975525140762329, 0.021508794277906418, -0.0016508516855537891, 0.06651052832603455], [0.9962817430496216, 0.043890759348869324, -0.03940742090344429, 0.06279616057872772], [0.9974624514579773, 0.044025588780641556, 0.008642526343464851, 0.055277951061725616], [0.9685590863227844, -0.16879375278949738, -0.18234242498874664, 0.012373186647891998], [0.897994875907898, -0.30091214179992676, 0.3156549334526062, 0.05847199261188507], [0.0007911169668659568, -0.5991160273551941, 0.08208080381155014, -0.7964434027671814], [0.8627558350563049, 0.2373046875, 0.4456523656845093, -0.027072353288531303], [0.5795633792877197, -0.003921512980014086, -0.04285340756177902, -0.8137902617454529], [0.9077283143997192, 0.3759084641933441, -0.1240382194519043, 0.13905644416809082], [-0.023953000083565712, 0.6515578031539917, 0.011969371698796749, -0.7581263184547424], [0.8684355616569519, -0.07689166814088821, -0.48271995782852173, -0.08299840241670609], [0.5149086713790894, -0.008559088222682476, -0.005067942664027214, -0.8571873307228088], [0.9577847123146057, -0.253724068403244, 0.13433746993541718, 0.01503316406160593]], "joint_names": ["Hips", "LeftUpLeg", "LeftLeg", "LeftFoot", "LeftToe", "RightUpLeg", "RightLeg", "RightFoot", "RightToe", "Spine", "Spine1", "Spine2", "Neck", "Head", "LeftShoulder", "LeftArm", "LeftForeArm", "LeftHand", "RightShoulder", "RightArm", "RightForeArm", "RightHand"]}