{"root_pos": [40.63479995727539, 75.73094940185547, 160.0145721435547], "local_quat": [[-0.5227945446968079, -0.268268883228302, -0.516315221786499, -0.6230059266090393], [-0.07748869061470032, -0.33855170011520386, -0.9368556141853333, -0.04098600149154663], [0.9111412763595581, 0.07374921441078186, 0.05722220987081528, -0.40138310194015503], [0.7659730911254883, -0.06958748400211334, -0.10734134167432785, 0.6300163865089417], [0.9718254208564758, -0.017016351222991943, 0.031817879527807236, 0.23292365670204163], [-0.006400628946721554, -0.09613267332315445, 0.9948692321777344, -0.03086795285344124], [0.8286864161491394, -0.06806706637144089, -0.0802050530910492, -0.5497389435768127], [0.8508573174476624, -0.03391066938638687, 0.022001715376973152, 0.5238394737243652], [0.982294499874115, -0.001552523928694427, 0.014903662726283073, 0.18674306571483612], [0.9981319904327393, 0.019326724112033844, -0.006132705602794886, 0.05763186141848564], [0.9955228567123413, 0.04261605814099312, -0.05506882816553116, 0.06391806900501251], [0.9975168108940125, 0.040875013917684555, 0.0015329206362366676, 0.057333748787641525], [0.9701513648033142, -0.17633941769599915, -0.1657974272966385, 0.014896240085363388], [0.8872528672218323, -0.31030508875846863, 0.3382028341293335, 0.045956630259752274], [-0.0004816295695491135, -0.6045770645141602, 0.0801965519785881, -0.7924991250038147], [0.8681954145431519, 0.2586525082588196, 0.4233994483947754, 0.008266833610832691], [0.5223051309585571, 0.006551716942340136, -0.022927720099687576, -0.852425217628479], [0.9245207905769348, 0.3374066948890686, -0.11120899766683578, 0.13802431523799896], [-0.008942089974880219, 0.6497700214385986, -0.008017178624868393, -0.7600358724594116], [0.8519993424415588, -0.11775187402963638, -0.5077430605888367, -0.04928218200802803], [0.5083854794502258, -0.011803880333900452, -0.011759240180253983, -0.8609684705734253], [0.9586510062217712, -0.23893064260482788, 0.15283161401748657, 0.023299017921090126]], "joint_names": ["Hips", "LeftUpLeg", "LeftLeg", "LeftFoot", "LeftToe", "RightUpLeg", "RightLeg", "RightFoot", "RightToe", "Spine", "Spine1", "Spine2", "Neck", "Head", "LeftShoulder", "LeftArm", "LeftForeArm", "LeftHand", "RightShoulder", "RightArm", "RightForeArm", "RightHand"]}