{"root_pos": [46.81707763671875, 77.30793762207031, 135.37046813964844], "local_quat": [[-0.5047319531440735, -0.33534765243530273, -0.5164778828620911, -0.6050109267234802], [-0.054714225232601166, -0.4092083275318146, -0.9095295071601868, -0.04807093366980553], [0.8147141933441162, 0.058502573519945145, 0.08580398559570312, -0.5704874396324158], [0.7821386456489563, -0.07192003726959229, -0.07128867506980896, 0.6148207783699036], [0.9734088182449341, -0.016135429963469505, 0.028319839388132095, 0.2267438769340515], [-0.03889290988445282, -0.10543850809335709, 0.9928702116012573, -0.03973444551229477], [0.9277135729789734, -0.05564134195446968, -0.05441784858703613, -0.3650892674922943], [0.8198052048683167, -0.0413125716149807, 0.027473578229546547, 0.570489227771759], [0.9818214178085327, -0.003603131975978613, 0.013560385443270206, 0.18928752839565277], [0.9976351857185364, 0.022595880553126335, 0.00039300936623476446, 0.06491094827651978], [0.9963177442550659, 0.04662330821156502, -0.0373530276119709, 0.061498820781707764], [0.9974207282066345, 0.046095993369817734, 0.01144031248986721, 0.0538165383040905], [0.9687190055847168, -0.17253509163856506, -0.17754000425338745, 0.01716688834130764], [0.8954512476921082, -0.304508239030838, 0.31952908635139465, 0.05781855806708336], [0.002512746024876833, -0.6009497046470642, 0.08357039839029312, -0.7949019074440002], [0.8590393662452698, 0.25020113587379456, 0.44658395648002625, 0.0036852990742772818], [0.5565856695175171, 0.0001982543180929497, -0.034963879734277725, -0.8300541639328003], [0.914279043674469, 0.3609578311443329, -0.12332677096128464, 0.13635875284671783], [-0.01839539408683777, 0.6514264941215515, 0.004484517499804497, -0.7584754824638367], [0.8581600189208984, -0.08788377046585083, -0.49934661388397217, -0.08056549727916718], [0.4946781098842621, -0.011676080524921417, -0.011135491542518139, -0.8689265251159668], [0.9576342105865479, -0.2566130459308624, 0.1298326998949051, 0.015160958282649517]], "joint_names": ["Hips", "LeftUpLeg", "LeftLeg", "LeftFoot", "LeftToe", "RightUpLeg", "RightLeg", "RightFoot", "RightToe", "Spine", "Spine1", "Spine2", "Neck", "Head", "LeftShoulder", "LeftArm", "LeftForeArm", "LeftHand", "RightShoulder", "RightArm", "RightForeArm", "RightHand"]}