{"root_pos": [-62.963741302490234, 86.68326568603516, 43.55854415893555], "local_quat": [[0.0019660526886582375, -0.6914724111557007, -0.7223053574562073, 0.01170495804399252], [0.015053161419928074, -0.13651999831199646, -0.9905229210853577, -0.00029042712412774563], [0.9257532954216003, -0.07821878790855408, 0.03889884427189827, -0.3678989112377167], [0.7322434782981873, -0.020403632894158363, 0.06175033375620842, 0.6779308319091797], [0.9811587929725647, -0.0069708251394331455, -0.0022264784201979637, 0.19306443631649017], [0.10603294521570206, 0.23215198516845703, 0.966459333896637, -0.028614800423383713], [0.761760413646698, -0.07657702267169952, -0.061238426715135574, -0.6403959393501282], [0.7872663736343384, 0.03930065035820007, 0.10772761702537537, 0.6058563590049744], [0.9833592772483826, -0.0025524869561195374, 0.007840544916689396, 0.1814841330051422], [0.9968224763870239, -0.00923820398747921, -0.002448692684993148, 0.07907943427562714], [0.9969810843467712, -0.02136901766061783, -0.0037685821298509836, 0.07455160468816757], [0.9969205260276794, -0.023703228682279587, -0.002014946425333619, 0.07472342997789383], [0.9944839477539062, -0.06269557774066925, 0.08339892327785492, 0.01075618714094162], [0.9979171752929688, -0.020834514871239662, -0.021674983203411102, -0.05707386136054993], [-0.018206007778644562, -0.6320173740386963, -0.012404751032590866, -0.7746410369873047], [0.8725103139877319, 0.1951785832643509, 0.3988308012485504, -0.20387524366378784], [0.9201115965843201, -0.022460918873548508, -0.09946116805076599, -0.37815025448799133], [0.9894953370094299, 0.12789234519004822, -0.032666683197021484, 0.058952827006578445], [-0.0022160459775477648, 0.6212728023529053, -0.010210908949375153, -0.7835245728492737], [0.860326886177063, -0.21790118515491486, -0.3928022086620331, -0.24096311628818512], [0.9475980401039124, 0.030684417113661766, 0.1055946946144104, -0.2999435067176819], [0.9442533254623413, -0.312198281288147, 0.013873487710952759, 0.103563591837883]], "joint_names": ["Hips", "LeftUpLeg", "LeftLeg", "LeftFoot", "LeftToe", "RightUpLeg", "RightLeg", "RightFoot", "RightToe", "Spine", "Spine1", "Spine2", "Neck", "Head", "LeftShoulder", "LeftArm", "LeftForeArm", "LeftHand", "RightShoulder", "RightArm", "RightForeArm", "RightHand"]}