{"root_pos": [-66.85005187988281, 84.92577362060547, 46.36724853515625], "local_quat": [[-0.009575632400810719, -0.6913570761680603, -0.7224465608596802, -0.0021718228235840797], [0.03807966783642769, -0.18572166562080383, -0.9817759394645691, 0.013167749159038067], [0.9100600481033325, -0.08208180963993073, 0.04441256821155548, -0.40383270382881165], [0.720607340335846, -0.020591508597135544, 0.06979333609342575, 0.6895142197608948], [0.9813254475593567, -0.006140174809843302, -0.0019271521596238017, 0.19224730134010315], [0.1439017504453659, 0.1890534609556198, 0.971360445022583, -0.003163117216899991], [0.7657176852226257, -0.08518607169389725, -0.05432797223329544, -0.6351913809776306], [0.7955109477043152, 0.04071415960788727, 0.12409751117229462, 0.5916963815689087], [0.9832921028137207, -0.0023017898201942444, 0.007063449360430241, 0.18188290297985077], [0.9969844222068787, -0.006930784322321415, -0.0012141787447035313, 0.07728166878223419], [0.9972293972969055, -0.014661080203950405, -0.004324608948081732, 0.07280014455318451], [0.9971845746040344, -0.016431326046586037, -0.00345187122002244, 0.07308343052864075], [0.9942289590835571, -0.06922849267721176, 0.08074153959751129, 0.01403340045362711], [0.9977058172225952, -0.02883964404463768, -0.017245741561055183, -0.05877005681395531], [-0.01709548570215702, -0.6304106712341309, -0.009295542724430561, -0.7760177850723267], [0.8662698864936829, 0.2155916392803192, 0.4086773991584778, -0.18994605541229248], [0.9344409704208374, -0.02298704721033573, -0.10225588828325272, -0.34034597873687744], [0.9903380274772644, 0.11803534626960754, -0.030147556215524673, 0.06625306606292725], [-0.004408968612551689, 0.6196290254592896, -0.009007640182971954, -0.7848306894302368], [0.8629159331321716, -0.1888168603181839, -0.3840392231941223, -0.2687714993953705], [0.9453960657119751, 0.030491795390844345, 0.10595237463712692, -0.30670949816703796], [0.9427272081375122, -0.3166532814502716, 0.018373683094978333, 0.10324028879404068]], "joint_names": ["Hips", "LeftUpLeg", "LeftLeg", "LeftFoot", "LeftToe", "RightUpLeg", "RightLeg", "RightFoot", "RightToe", "Spine", "Spine1", "Spine2", "Neck", "Head", "LeftShoulder", "LeftArm", "LeftForeArm", "LeftHand", "RightShoulder", "RightArm", "RightForeArm", "RightHand"]}