{"root_pos": [-91.21942901611328, 85.2210464477539, 62.37459182739258], "local_quat": [[-0.08043082803487778, -0.7164516448974609, -0.6895774006843567, -0.06863637268543243], [0.1270870417356491, -0.28111517429351807, -0.9481555223464966, 0.07631706446409225], [0.9701544642448425, -0.09646882116794586, 0.047336820513010025, -0.21737857162952423], [0.7858160138130188, -0.06280948966741562, 0.030242199078202248, 0.614518940448761], [0.9822775721549988, -0.0009633139125071466, -0.0002845596172846854, 0.18742935359477997], [0.13241241872310638, 0.03196557238698006, 0.9905149936676025, 0.018035123124718666], [0.9528354406356812, -0.08575751632452011, -0.010084166191518307, -0.29094427824020386], [0.674421489238739, 0.02340639941394329, 0.12265032529830933, 0.7277119755744934], [0.9826653599739075, -0.0003414868551772088, 0.0014271964319050312, 0.1853824257850647], [0.997077226638794, 0.004285304341465235, 0.005879316478967667, 0.07605302333831787], [0.9977042078971863, 0.009480247274041176, 0.010241659358143806, 0.06626817584037781], [0.9978629946708679, 0.009458224289119244, 0.00975553598254919, 0.06391190737485886], [0.9939492344856262, -0.07752269506454468, 0.07764215022325516, 0.005190661177039146], [0.9977980256080627, -0.033801283687353134, -0.0319393165409565, -0.04729094356298447], [-0.011555500328540802, -0.6296853423118591, 0.0038159301038831472, -0.7767549753189087], [0.8284209966659546, 0.30895301699638367, 0.45233315229415894, -0.11688221246004105], [0.9671358466148376, -0.015016095712780952, -0.09771227836608887, -0.23425434529781342], [0.9917513132095337, 0.09421061724424362, -0.0028511176351457834, 0.08686468005180359], [-0.01728597655892372, 0.626752495765686, 0.0014489517780020833, -0.7790253162384033], [0.8713816404342651, -0.08150598406791687, -0.315760999917984, -0.36653223633766174], [0.9130248427391052, 0.03141185641288757, 0.10459708422422409, -0.39301183819770813], [0.9371511936187744, -0.33274734020233154, 0.0619792565703392, 0.08476730436086655]], "joint_names": ["Hips", "LeftUpLeg", "LeftLeg", "LeftFoot", "LeftToe", "RightUpLeg", "RightLeg", "RightFoot", "RightToe", "Spine", "Spine1", "Spine2", "Neck", "Head", "LeftShoulder", "LeftArm", "LeftForeArm", "LeftHand", "RightShoulder", "RightArm", "RightForeArm", "RightHand"]}