{"root_pos": [-70.99634552001953, 83.56953430175781, 49.001888275146484], "local_quat": [[-0.02560315653681755, -0.6934652924537659, -0.7198339700698853, -0.017011838033795357], [0.05930888280272484, -0.2202681303024292, -0.9732730984687805, 0.026531929150223732], [0.9018202424049377, -0.08527925610542297, 0.04791269451379776, -0.4208943843841553], [0.7284017205238342, -0.026803746819496155, 0.0666445717215538, 0.6813743710517883], [0.9814640283584595, -0.0053532421588897705, -0.0016942897345870733, 0.19156405329704285], [0.167970210313797, 0.14943285286426544, 0.9742385149002075, 0.017752932384610176], [0.8084542155265808, -0.09160979837179184, -0.042681340128183365, -0.5798169374465942], [0.7857977747917175, 0.03848646953701973, 0.1358785778284073, 0.6021442413330078], [0.9832175970077515, -0.0019436503062024713, 0.006355966441333294, 0.18231543898582458], [0.9971266388893127, -0.0042905439622700214, 0.00030536571284756064, 0.07563047856092453], [0.9974955320358276, -0.007630015257745981, -0.003510151756927371, 0.07022923231124878], [0.9974767565727234, -0.008913753554224968, -0.0033607676159590483, 0.07035181671380997], [0.9941186308860779, -0.07338469475507736, 0.0781489685177803, 0.015351422131061554], [0.9975261688232422, -0.033576756715774536, -0.016665825620293617, -0.05946703255176544], [-0.015086302533745766, -0.6294217109680176, -0.005872312001883984, -0.77689528465271], [0.8583183884620667, 0.24103915691375732, 0.41876161098480225, -0.1727089285850525], [0.9439302086830139, -0.022709282115101814, -0.10283129662275314, -0.3128989338874817], [0.9908146858215332, 0.11239533871412277, -0.02450896054506302, 0.07108472287654877], [-0.00682577770203352, 0.6204420924186707, -0.007601451128721237, -0.7841857075691223], [0.86776202917099, -0.15379205346107483, -0.3719221353530884, -0.2915666103363037], [0.9382051825523376, 0.030142629519104958, 0.10553179681301117, -0.32821547985076904], [0.9420325756072998, -0.31925851106643677, 0.02617972157895565, 0.0998164713382721]], "joint_names": ["Hips", "LeftUpLeg", "LeftLeg", "LeftFoot", "LeftToe", "RightUpLeg", "RightLeg", "RightFoot", "RightToe", "Spine", "Spine1", "Spine2", "Neck", "Head", "LeftShoulder", "LeftArm", "LeftForeArm", "LeftHand", "RightShoulder", "RightArm", "RightForeArm", "RightHand"]}