{"root_pos": [-79.47789764404297, 82.75961303710938, 54.33652877807617], "local_quat": [[-0.05630187317728996, -0.7031476497650146, -0.7073793411254883, -0.04503270238637924], [0.08949865400791168, -0.2539554536342621, -0.9618107080459595, 0.049161382019519806], [0.9282712936401367, -0.09540687501430511, 0.05106467381119728, -0.3558121621608734], [0.7722134590148926, -0.04651164263486862, 0.0512237586081028, 0.6315847039222717], [0.981730580329895, -0.0036546806804835796, -0.0014892870094627142, 0.1902349442243576], [0.17132450640201569, 0.06683645397424698, 0.9825414419174194, 0.028162438422441483], [0.9011396765708923, -0.09325110912322998, -0.022037535905838013, -0.42280706763267517], [0.7259044647216797, 0.03086330182850361, 0.13927309215068817, 0.6728396415710449], [0.9830232858657837, -0.0010033056605607271, 0.004877092316746712, 0.18341319262981415], [0.9972079396247864, 0.0021709518041461706, 0.0031375864055007696, 0.07457738369703293], [0.9977245330810547, 0.006618316750973463, 0.0008716738666407764, 0.06709051877260208], [0.9977942109107971, 0.005944413598626852, 0.0006575568113476038, 0.06611227989196777], [0.9942511320114136, -0.07707521319389343, 0.0729847177863121, 0.014049489051103592], [0.9974971413612366, -0.03695453330874443, -0.02107730694115162, -0.0564759261906147], [-0.010082222521305084, -0.6288425326347351, 0.0011778464540839195, -0.7774664163589478], [0.8399749398231506, 0.2941112220287323, 0.43744298815727234, -0.12877999246120453], [0.9580463171005249, -0.02003938890993595, -0.10092830657958984, -0.26750537753105164], [0.9913554787635803, 0.1034148558974266, -0.008042843081057072, 0.08034265041351318], [-0.012568408623337746, 0.6249908804893494, -0.002776239300146699, -0.7805259823799133], [0.8722860813140869, -0.09843246638774872, -0.34690654277801514, -0.3302783966064453], [0.9153622984886169, 0.029705554246902466, 0.10267943143844604, -0.3881833851337433], [0.9384360313415527, -0.33175939321517944, 0.03957101330161095, 0.08779245615005493]], "joint_names": ["Hips", "LeftUpLeg", "LeftLeg", "LeftFoot", "LeftToe", "RightUpLeg", "RightLeg", "RightFoot", "RightToe", "Spine", "Spine1", "Spine2", "Neck", "Head", "LeftShoulder", "LeftArm", "LeftForeArm", "LeftHand", "RightShoulder", "RightArm", "RightForeArm", "RightHand"]}