{"root_pos": [-83.21277618408203, 83.3072280883789, 57.27399826049805], "local_quat": [[-0.06669551134109497, -0.7083887457847595, -0.7004226446151733, -0.056082554161548615], [0.10405463725328445, -0.26369649171829224, -0.9571802020072937, 0.0586753748357296], [0.9480559825897217, -0.09609364718198776, 0.048546355217695236, -0.29933103919029236], [0.782764732837677, -0.053289469331502914, 0.041396405547857285, 0.6186484098434448], [0.9818969964981079, -0.0026962333358824253, -0.0012062727473676205, 0.18939290940761566], [0.16077934205532074, 0.04740168899297714, 0.9855833649635315, 0.02298709936439991], [0.9264001846313477, -0.09159798920154572, -0.016024714335799217, -0.3648776412010193], [0.6951426267623901, 0.02611653320491314, 0.13268646597862244, 0.7060375213623047], [0.9829001426696777, -0.0006729874294251204, 0.0038727372884750366, 0.18409721553325653], [0.9972062706947327, 0.00389546318911016, 0.004623298533260822, 0.07445219904184341], [0.9977655410766602, 0.009819326922297478, 0.00493470998480916, 0.06590345501899719], [0.9978668689727783, 0.009341099299490452, 0.004607606213539839, 0.06444520503282547], [0.994242787361145, -0.07700836658477783, 0.07368297874927521, 0.011044916696846485], [0.9976748824119568, -0.03577282279729843, -0.02529529668390751, -0.052205368876457214], [-0.008758701384067535, -0.628434419631958, 0.00388446357101202, -0.7778035402297974], [0.8336440324783325, 0.30348578095436096, 0.4463079571723938, -0.11723145097494125], [0.9615685343742371, -0.018122071400284767, -0.09935877472162247, -0.2553141713142395], [0.9914432168006897, 0.10089564323425293, -0.004020318388938904, 0.08272895216941833], [-0.0144581887871027, 0.6255689263343811, -0.0009811390191316605, -0.7800343036651611], [0.8714242577552795, -0.09018220752477646, -0.33544570207595825, -0.34635698795318604], [0.9115796685218811, 0.030554914847016335, 0.10316286981105804, -0.3967949151992798], [0.9376322627067566, -0.3336683511734009, 0.04746685549616814, 0.08519377559423447]], "joint_names": ["Hips", "LeftUpLeg", "LeftLeg", "LeftFoot", "LeftToe", "RightUpLeg", "RightLeg", "RightFoot", "RightToe", "Spine", "Spine1", "Spine2", "Neck", "Head", "LeftShoulder", "LeftArm", "LeftForeArm", "LeftHand", "RightShoulder", "RightArm", "RightForeArm", "RightHand"]}