{"root_pos": [-75.02925109863281, 82.77151489257812, 51.612327575683594], "local_quat": [[-0.04274526238441467, -0.6970654726028442, -0.7150294780731201, -0.03170737251639366], [0.07646548002958298, -0.2483140528202057, -0.9648408889770508, 0.039689529687166214], [0.9075744152069092, -0.09013818204402924, 0.050364475697278976, -0.40699782967567444], [0.7524769306182861, -0.03724636137485504, 0.05817302316427231, 0.6549863815307617], [0.981576681137085, -0.004587942268699408, -0.0015475527616217732, 0.1910073161125183], [0.17463813722133636, 0.1032627522945404, 0.9787935614585876, 0.028310321271419525], [0.8600080013275146, -0.0938035398721695, -0.031011225655674934, -0.5006251931190491], [0.7571386694908142, 0.03376388177275658, 0.13925078511238098, 0.6373462080955505], [0.9831319451332092, -0.0015015449607744813, 0.005702906753867865, 0.18280285596847534], [0.9971376061439514, -0.0014845796395093203, 0.0020105689764022827, 0.07556594908237457], [0.9975916147232056, -0.0008697686716914177, -0.0012892161030322313, 0.06934412568807602], [0.9976187944412231, -0.0016672982601448894, -0.0015754654305055737, 0.06893061846494675], [0.9941969513893127, -0.07504129409790039, 0.07563136518001556, 0.014871148392558098], [0.9974222183227539, -0.035010725259780884, -0.019626235589385033, -0.059480857104063034], [-0.012943168170750141, -0.6294108033180237, -0.002767876023426652, -0.7769599556922913], [0.8497102856636047, 0.2697547376155853, 0.426784485578537, -0.1519203633069992], [0.9522122740745544, -0.021474722772836685, -0.10213436931371689, -0.28705236315727234], [0.991317093372345, 0.1060371845960617, -0.014860849827528, 0.0763261616230011], [-0.009522431530058384, 0.6226187348365784, -0.005481193773448467, -0.7824481725692749], [0.8714212775230408, -0.1226688027381897, -0.3579549193382263, -0.3121627867221832], [0.9273329973220825, 0.02977965958416462, 0.10430547595024109, -0.35817188024520874], [0.9407438635826111, -0.32408013939857483, 0.03318793699145317, 0.09418980777263641]], "joint_names": ["Hips", "LeftUpLeg", "LeftLeg", "LeftFoot", "LeftToe", "RightUpLeg", "RightLeg", "RightFoot", "RightToe", "Spine", "Spine1", "Spine2", "Neck", "Head", "LeftShoulder", "LeftArm", "LeftForeArm", "LeftHand", "RightShoulder", "RightArm", "RightForeArm", "RightHand"]}