{"root_pos": [-58.68914031982422, 88.87255859375, 40.47243118286133], "local_quat": [[0.006683277897536755, -0.6932201981544495, -0.7203212976455688, 0.023200761526823044], [-0.0038899118080735207, -0.078291155397892, -0.99688720703125, -0.008439848199486732], [0.9446899890899658, -0.07304365932941437, 0.029591230675578117, -0.3183549642562866], [0.754659116268158, -0.02322668582201004, 0.04513800889253616, 0.6541503667831421], [0.9809518456459045, -0.00805444922298193, -0.0025225651916116476, 0.19406743347644806], [0.06368579715490341, 0.26718536019325256, 0.959970235824585, -0.05489245057106018], [0.7817564010620117, -0.06857877969741821, -0.06399153172969818, -0.6164892315864563], [0.7873290777206421, 0.04056061804294586, 0.09828822314739227, 0.6072949767112732], [0.9834328293800354, -0.00274722371250391, 0.00888936035335064, 0.18103384971618652], [0.9967413544654846, -0.01248009130358696, -0.002660393947735429, 0.07964777946472168], [0.9968478083610535, -0.02943088300526142, -0.00180279731284827, 0.07365459948778152], [0.9967623353004456, -0.032219529151916504, 0.0006930996896699071, 0.07366450875997543], [0.9946224689483643, -0.05484436824917793, 0.08740189671516418, 0.008897997438907623], [0.9980564117431641, -0.01018274761736393, -0.0298874843865633, -0.05372534319758415], [-0.019240358844399452, -0.6347116231918335, -0.015829361975193024, -0.7723473310470581], [0.8775309920310974, 0.1846393495798111, 0.3894042372703552, -0.21026647090911865], [0.8997995257377625, -0.02161933295428753, -0.09497731924057007, -0.4252913296222687], [0.988120436668396, 0.14138658344745636, -0.035079631954431534, 0.04896281659603119], [0.0007319541764445603, 0.6252472996711731, -0.012572762556374073, -0.7803249359130859], [0.8600515723228455, -0.24042977392673492, -0.39799585938453674, -0.21001014113426208], [0.9447915554046631, 0.029687214642763138, 0.10372944176197052, -0.3093990981578827], [0.9465650320053101, -0.3059198260307312, 0.008704562671482563, 0.10174417495727539]], "joint_names": ["Hips", "LeftUpLeg", "LeftLeg", "LeftFoot", "LeftToe", "RightUpLeg", "RightLeg", "RightFoot", "RightToe", "Spine", "Spine1", "Spine2", "Neck", "Head", "LeftShoulder", "LeftArm", "LeftForeArm", "LeftHand", "RightShoulder", "RightArm", "RightForeArm", "RightHand"]}