{"root_pos": [-54.158714294433594, 90.83032989501953, 37.35038757324219], "local_quat": [[0.009339917451143265, -0.6958624124526978, -0.7173532843589783, 0.03305121511220932], [-0.016987085342407227, -0.0310587827116251, -0.9992502331733704, -0.015677684918045998], [0.9599347710609436, -0.06860770285129547, 0.02186882123351097, -0.27081355452537537], [0.7797274589538574, -0.027452006936073303, 0.028697699308395386, 0.6248583197593689], [0.9807196855545044, -0.009260444901883602, -0.0028158696368336678, 0.19517989456653595], [0.025414064526557922, 0.2791680097579956, 0.9571857452392578, -0.07221347838640213], [0.8154340982437134, -0.062283456325531006, -0.06134612113237381, -0.5722103714942932], [0.7918158173561096, 0.038253407925367355, 0.08966268599033356, 0.6029303669929504], [0.9835155010223389, -0.00290181627497077, 0.010118535719811916, 0.18051724135875702], [0.9967086315155029, -0.015882674604654312, -0.001234750496223569, 0.07948724180459976], [0.9967563152313232, -0.037060029804706573, 0.002386601874604821, 0.07139809429645538], [0.996635377407074, -0.04015713557600975, 0.005525651387870312, 0.07123687863349915], [0.9945777058601379, -0.04980624094605446, 0.09089508652687073, 0.008528770878911018], [0.9980370998382568, -0.002496585948392749, -0.03726394847035408, -0.05027218535542488], [-0.019772714003920555, -0.6387448906898499, -0.018507322296500206, -0.7689417004585266], [0.8834674954414368, 0.17425470054149628, 0.379570335149765, -0.21224234998226166], [0.8735289573669434, -0.020536955446004868, -0.08931101858615875, -0.47806787490844727], [0.9864724278450012, 0.15480637550354004, -0.0384208969771862, 0.03782833740115166], [0.003562763798981905, 0.6301836967468262, -0.015196614898741245, -0.7762891054153442], [0.8612016439437866, -0.25765788555145264, -0.3997580409049988, -0.17926988005638123], [0.9395399689674377, 0.02776290662586689, 0.10074217617511749, -0.3261054754257202], [0.9492014050483704, -0.29868534207344055, 0.004400865640491247, 0.09891627728939056]], "joint_names": ["Hips", "LeftUpLeg", "LeftLeg", "LeftFoot", "LeftToe", "RightUpLeg", "RightLeg", "RightFoot", "RightToe", "Spine", "Spine1", "Spine2", "Neck", "Head", "LeftShoulder", "LeftArm", "LeftForeArm", "LeftHand", "RightShoulder", "RightArm", "RightForeArm", "RightHand"]}