{"root_pos": [-88.09457397460938, 84.13583374023438, 59.857486724853516], "local_quat": [[-0.07467154413461685, -0.7123648524284363, -0.6949365139007568, -0.06343270093202591], [0.11540935933589935, -0.27080219984054565, -0.9532992243766785, 0.06758253276348114], [0.9618619680404663, -0.09685468673706055, 0.04703059419989586, -0.25145334005355835], [0.7855479121208191, -0.056335851550102234, 0.038429491221904755, 0.6150316596031189], [0.9821154475212097, -0.001693569589406252, -0.0008030547178350389, 0.18827062845230103], [0.14550215005874634, 0.03897903114557266, 0.9883596897125244, 0.021330714225769043], [0.941290557384491, -0.08949866145849228, -0.012201293371617794, -0.32528963685035706], [0.6810506582260132, 0.02488849312067032, 0.12888796627521515, 0.720373809337616], [0.9827732443809509, -0.00042739519267342985, 0.002521111164242029, 0.18479782342910767], [0.9971617460250854, 0.004705140832811594, 0.0050161005929112434, 0.074973925948143], [0.9977482557296753, 0.010807260870933533, 0.007196409627795219, 0.06580182909965515], [0.9978865385055542, 0.010495438240468502, 0.006795609835535288, 0.06376717984676361], [0.9940928816795349, -0.07740449160337448, 0.07564600557088852, 0.008106973953545094], [0.9977200627326965, -0.03494323790073395, -0.028740642592310905, -0.05007760226726532], [-0.009540054015815258, -0.6283990740776062, 0.004604467656463385, -0.7778189778327942], [0.8286058902740479, 0.3096815049648285, 0.4526136517524719, -0.1124739721417427], [0.965234637260437, -0.01614404283463955, -0.09803353995084763, -0.24176627397537231], [0.9915743470191956, 0.09732754528522491, -0.002511137630790472, 0.08544820547103882], [-0.015781261026859283, 0.6261962056159973, -2.37041967920959e-05, -0.7795058488845825], [0.8711697459220886, -0.08457302302122116, -0.32507553696632385, -0.3581012487411499], [0.9108706712722778, 0.031173622235655785, 0.10388556867837906, -0.398184210062027], [0.9373260736465454, -0.3335268795490265, 0.05514363944530487, 0.08449145406484604]], "joint_names": ["Hips", "LeftUpLeg", "LeftLeg", "LeftFoot", "LeftToe", "RightUpLeg", "RightLeg", "RightFoot", "RightToe", "Spine", "Spine1", "Spine2", "Neck", "Head", "LeftShoulder", "LeftArm", "LeftForeArm", "LeftHand", "RightShoulder", "RightArm", "RightForeArm", "RightHand"]}