{"root_pos": [-41.235843658447266, 89.31668853759766, 28.995807647705078], "local_quat": [[0.007948738522827625, -0.6933777332305908, -0.7190947532653809, 0.045463334769010544], [-0.03607414290308952, 0.060571737587451935, -0.9972245693206787, -0.023933125659823418], [0.9656692147254944, -0.05625830963253975, 0.004737379495054483, -0.2535654902458191], [0.8017998337745667, -0.03264393284916878, -0.006946096662431955, 0.5966600179672241], [0.9800229072570801, -0.012462139129638672, -0.0038989188615232706, 0.1984555423259735], [-0.03803973272442818, 0.2629909813404083, 0.9607974290847778, -0.07910114526748657], [0.9032516479492188, -0.054618168622255325, -0.036504436284303665, -0.42405271530151367], [0.7847755551338196, 0.017561569809913635, 0.07193829119205475, 0.6153404116630554], [0.9837214946746826, -0.0032351992558687925, 0.01419272180646658, 0.17910917103290558], [0.9966852068901062, -0.023598698899149895, 0.002207824494689703, 0.07782530039548874], [0.9963779449462891, -0.052252721041440964, 0.010326685383915901, 0.06628768891096115], [0.9960763454437256, -0.05681489780545235, 0.014346017502248287, 0.06631838530302048], [0.993744432926178, -0.045712120831012726, 0.10133091360330582, 0.010699799284338951], [0.9973476529121399, 0.006157278548926115, -0.0476301908493042, -0.05468995124101639], [-0.01690983586013317, -0.6470010876655579, -0.021747171878814697, -0.7619912624359131], [0.898283839225769, 0.14370405673980713, 0.3607974350452423, -0.20557348430156708], [0.8002703785896301, -0.019529195502400398, -0.0756736472249031, -0.5945245027542114], [0.9829557538032532, 0.1761208176612854, -0.05151437968015671, 0.011217135936021805], [0.014195932075381279, 0.6380826830863953, -0.027641838416457176, -0.7693405747413635], [0.8612164258956909, -0.2816193997859955, -0.41073349118232727, -0.10146306455135345], [0.9224557280540466, 0.02336854301393032, 0.09390801936388016, -0.3737787902355194], [0.956315815448761, -0.2780799865722656, 0.0020948376040905714, 0.0901506245136261]], "joint_names": ["Hips", "LeftUpLeg", "LeftLeg", "LeftFoot", "LeftToe", "RightUpLeg", "RightLeg", "RightFoot", "RightToe", "Spine", "Spine1", "Spine2", "Neck", "Head", "LeftShoulder", "LeftArm", "LeftForeArm", "LeftHand", "RightShoulder", "RightArm", "RightForeArm", "RightHand"]}