{"root_pos": [-17.517704010009766, 78.75946044921875, 17.857236862182617], "local_quat": [[-0.001776816206984222, -0.6643760800361633, -0.7438969612121582, 0.07224009186029434], [-0.008503325283527374, -0.053692176938056946, -0.9977741837501526, -0.03861989825963974], [0.8106134533882141, -0.03176361322402954, 0.006575427018105984, -0.5846825838088989], [0.6974990367889404, 0.005123510025441647, 0.021146487444639206, 0.7162553071975708], [0.9787704348564148, -0.0161496102809906, -0.00574361952021718, 0.2042417675256729], [-0.026659203693270683, 0.26086175441741943, 0.9623054265975952, -0.07217077165842056], [0.8666263818740845, -0.06086228787899017, -0.030665287747979164, -0.49428144097328186], [0.7178940176963806, 0.009770486503839493, 0.06913740932941437, 0.6926419138908386], [0.9841809868812561, -0.0044235954992473125, 0.02097993902862072, 0.1758638173341751], [0.9964667558670044, -0.02120969071984291, 0.0033441672567278147, 0.08119681477546692], [0.9959152936935425, -0.04674964398145676, 0.010863225907087326, 0.07648048549890518], [0.9954367280006409, -0.05144757032394409, 0.013957493007183075, 0.07914485782384872], [0.9935662746429443, -0.04533936828374863, 0.10377280414104462, 0.0012139480095356703], [0.9949471354484558, 0.005876683164387941, -0.046434272080659866, -0.0888223722577095], [-0.009042433463037014, -0.638778805732727, -0.020707013085484505, -0.7690585851669312], [0.8848215937614441, 0.1272687315940857, 0.38038206100463867, -0.23707126080989838], [0.8192389011383057, -0.03412599116563797, -0.08860499411821365, -0.56553715467453], [0.9811506867408752, 0.17737489938735962, -0.07660453766584396, 0.003629854880273342], [0.01688172109425068, 0.6249439716339111, -0.03656330332159996, -0.7796300649642944], [0.8616102933883667, -0.2005322277545929, -0.44353488087654114, -0.1438448280096054], [0.9125664830207825, 0.027183998376131058, 0.0955461710691452, -0.3966793119907379], [0.9596653580665588, -0.267720103263855, 0.017608165740966797, 0.08401324599981308]], "joint_names": ["Hips", "LeftUpLeg", "LeftLeg", "LeftFoot", "LeftToe", "RightUpLeg", "RightLeg", "RightFoot", "RightToe", "Spine", "Spine1", "Spine2", "Neck", "Head", "LeftShoulder", "LeftArm", "LeftForeArm", "LeftHand", "RightShoulder", "RightArm", "RightForeArm", "RightHand"]}