{"root_pos": [-46.099937438964844, 91.2588882446289, 31.46336555480957], "local_quat": [[0.009168518707156181, -0.6964771747589111, -0.7162550091743469, 0.04259264096617699], [-0.03066599927842617, 0.03756861388683319, -0.9985672831535339, -0.022617846727371216], [0.9743531942367554, -0.05976066365838051, 0.006859967485070229, -0.21683506667613983], [0.8106775283813477, -0.032659415155649185, 4.288816126063466e-05, 0.5845813155174255], [0.9802823662757874, -0.011473865248262882, -0.0035057978238910437, 0.19723723828792572], [-0.02833983488380909, 0.27001678943634033, 0.9587422609329224, -0.08426714688539505], [0.88453608751297, -0.055344801396131516, -0.045702092349529266, -0.46091678738594055], [0.7936881184577942, 0.026127295568585396, 0.07686440646648407, 0.6028833389282227], [0.9836482405662537, -0.0030661122873425484, 0.01269980426877737, 0.17962579429149628], [0.996692419052124, -0.022423863410949707, 0.002250396879389882, 0.07807900756597519], [0.9964756965637207, -0.050066106021404266, 0.010190366767346859, 0.0665251761674881], [0.9962334036827087, -0.05406022071838379, 0.014192651025950909, 0.06629417836666107], [0.9939541816711426, -0.04593200236558914, 0.09908290952444077, 0.011314161121845245], [0.9975957870483398, 0.005713169928640127, -0.047953009605407715, -0.049704208970069885], [-0.018751712515950203, -0.6461838483810425, -0.02165723778307438, -0.7626439332962036], [0.8950157165527344, 0.15430203080177307, 0.36531344056129456, -0.20416614413261414], [0.8149530291557312, -0.018296808004379272, -0.07716191560029984, -0.5740755796432495], [0.9835708737373352, 0.1731630563735962, -0.048312246799468994, 0.01639363542199135], [0.011147214099764824, 0.6376541256904602, -0.023799816146492958, -0.7698744535446167], [0.8629478812217712, -0.28275066614151, -0.4009259045124054, -0.1209602877497673], [0.9278884530067444, 0.023782378062605858, 0.09537801146507263, -0.3596670627593994], [0.9548985958099365, -0.28179460763931274, 0.0007164040580391884, 0.09359388053417206]], "joint_names": ["Hips", "LeftUpLeg", "LeftLeg", "LeftFoot", "LeftToe", "RightUpLeg", "RightLeg", "RightFoot", "RightToe", "Spine", "Spine1", "Spine2", "Neck", "Head", "LeftShoulder", "LeftArm", "LeftForeArm", "LeftHand", "RightShoulder", "RightArm", "RightForeArm", "RightHand"]}