{"root_pos": [-50.53833770751953, 91.89488220214844, 34.29368591308594], "local_quat": [[0.00935100857168436, -0.6972049474716187, -0.7156980037689209, 0.039926789700984955], [-0.02445175312459469, 0.004775703884661198, -0.9994980692863464, -0.019567372277379036], [0.9710426926612854, -0.06359601020812988, 0.012767555192112923, -0.22993215918540955], [0.801551878452301, -0.02943694405257702, 0.013927914202213287, 0.5970377326011658], [0.9805161356925964, -0.010377400554716587, -0.0031601148657500744, 0.19613876938819885], [-0.005309871397912502, 0.27665308117866516, 0.9575507044792175, -0.08081808686256409], [0.8543758392333984, -0.05826146900653839, -0.054047439247369766, -0.5135429501533508], [0.7970722913742065, 0.033740948885679245, 0.08397518843412399, 0.597064197063446], [0.9835830330848694, -0.0029431823641061783, 0.011309782043099403, 0.1800772100687027], [0.9967142939567566, -0.01960182562470436, 0.0006694270414300263, 0.07858747243881226], [0.996643602848053, -0.04462957754731178, 0.00682029826566577, 0.0682884082198143], [0.9964702725410461, -0.04806111752986908, 0.010505209676921368, 0.06802178174257278], [0.9942598938941956, -0.04697994515299797, 0.0955493375658989, 0.01050542015582323], [0.9978252649307251, 0.0030354491900652647, -0.04419906064867973, -0.048805031925439835], [-0.01991220749914646, -0.6429265737533569, -0.0206999983638525, -0.765389084815979], [0.8895156383514404, 0.16421811282634735, 0.3722080886363983, -0.2079794853925705], [0.8432558178901672, -0.019249562174081802, -0.08287918567657471, -0.5307354927062988], [0.9847068190574646, 0.1666060835123062, -0.04364695027470589, 0.02626326121389866], [0.007478109560906887, 0.6344572901725769, -0.019506657496094704, -0.7726755738258362], [0.8622868657112122, -0.2729063034057617, -0.3996545970439911, -0.14919720590114594], [0.9338839054107666, 0.02554798126220703, 0.09786669164896011, -0.3429724872112274], [0.9522767663002014, -0.2895980775356293, 0.002073240000754595, 0.0964236631989479]], "joint_names": ["Hips", "LeftUpLeg", "LeftLeg", "LeftFoot", "LeftToe", "RightUpLeg", "RightLeg", "RightFoot", "RightToe", "Spine", "Spine1", "Spine2", "Neck", "Head", "LeftShoulder", "LeftArm", "LeftForeArm", "LeftHand", "RightShoulder", "RightArm", "RightForeArm", "RightHand"]}