{"root_pos": [-36.307918548583984, 87.17988586425781, 27.028669357299805], "local_quat": [[0.0065989079885184765, -0.6859450340270996, -0.7257916927337646, 0.05159642547369003], [-0.03944844380021095, 0.06072583049535751, -0.9970709681510925, -0.02460992895066738], [0.9481010437011719, -0.05106361210346222, 0.003402094356715679, -0.31382378935813904], [0.7749056220054626, -0.031236255541443825, -0.01357219461351633, 0.6311588287353516], [0.9797807335853577, -0.013274687342345715, -0.004317383747547865, 0.19958673417568207], [-0.040667612105607986, 0.2595752477645874, 0.9620100855827332, -0.07418420165777206], [0.9128896594047546, -0.05429714173078537, -0.0301282349973917, -0.4034559428691864], [0.7724809050559998, 0.009742715395987034, 0.06578519940376282, 0.6315463185310364], [0.983793318271637, -0.00337580987252295, 0.01557498425245285, 0.17859655618667603], [0.996584415435791, -0.023539511486887932, 0.0009367215679958463, 0.0791480541229248], [0.9962354302406311, -0.052360352128744125, 0.008510398678481579, 0.06856296211481094], [0.9959076642990112, -0.05734188109636307, 0.012206174433231354, 0.06878146529197693], [0.9935946464538574, -0.04598940163850784, 0.10304605960845947, 0.00600743293762207], [0.997039258480072, 0.005488171242177486, -0.04576146602630615, -0.061550531536340714], [-0.015379057265818119, -0.6467565894126892, -0.021974952891469002, -0.7622246146202087], [0.8977093696594238, 0.13913457095623016, 0.3604639172554016, -0.21171964704990387], [0.7997745871543884, -0.022074274718761444, -0.07729703933000565, -0.5948936343193054], [0.9830108880996704, 0.1756874918937683, -0.05220211669802666, 0.009924525395035744], [0.016280274838209152, 0.636000394821167, -0.030700458213686943, -0.7709059119224548], [0.8604415059089661, -0.2669181525707245, -0.4229588806629181, -0.09747280180454254], [0.9166394472122192, 0.02385418862104416, 0.09284980595111847, -0.3880489468574524], [0.9572477340698242, -0.2760941982269287, 0.005969734862446785, 0.08610033988952637]], "joint_names": ["Hips", "LeftUpLeg", "LeftLeg", "LeftFoot", "LeftToe", "RightUpLeg", "RightLeg", "RightFoot", "RightToe", "Spine", "Spine1", "Spine2", "Neck", "Head", "LeftShoulder", "LeftArm", "LeftForeArm", "LeftHand", "RightShoulder", "RightArm", "RightForeArm", "RightHand"]}