{"root_pos": [-22.132667541503906, 79.8460693359375, 20.636953353881836], "local_quat": [[0.0006139174802228808, -0.6667878031730652, -0.7420433759689331, 0.06903038173913956], [-0.016019796952605247, -0.03341798484325409, -0.9987665414810181, -0.033045001327991486], [0.8439555764198303, -0.032231930643320084, 0.0016134625766426325, -0.5354414582252502], [0.694811999797821, 0.0006144963554106653, 0.010010830126702785, 0.7191214561462402], [0.9790443181991577, -0.015407385304570198, -0.005364457610994577, 0.2029927372932434], [-0.03575171157717705, 0.25620153546333313, 0.9627419710159302, -0.07880692929029465], [0.8846984505653381, -0.057489365339279175, -0.03051445260643959, -0.46159783005714417], [0.726909875869751, 0.010109237395226955, 0.06696256250143051, 0.6833856105804443], [0.9840719699859619, -0.004231832921504974, 0.019646570086479187, 0.1766308695077896], [0.9965204000473022, -0.020741162821650505, 0.0015899045392870903, 0.08071114122867584], [0.9960927963256836, -0.04629223421216011, 0.008148368448019028, 0.07476460933685303], [0.9956459999084473, -0.051382385194301605, 0.011200589127838612, 0.07696252316236496], [0.993537962436676, -0.04744664207100868, 0.1031043604016304, 0.0008531032362952828], [0.9956154823303223, 0.0029490848537534475, -0.043076202273368835, -0.08298037201166153], [-0.009544918313622475, -0.6394670009613037, -0.01998799480497837, -0.768499493598938], [0.8864789605140686, 0.13123294711112976, 0.37970152497291565, -0.22969494760036469], [0.8126937747001648, -0.03177056834101677, -0.0859842374920845, -0.5754356384277344], [0.9818340539932251, 0.1773439347743988, -0.06728470325469971, 0.004873726051300764], [0.01813558116555214, 0.6270971298217773, -0.036412425339221954, -0.7778782844543457], [0.8584702610969543, -0.21585804224014282, -0.4459396004676819, -0.13255976140499115], [0.913514256477356, 0.02650655061006546, 0.09439074248075485, -0.3948157727718353], [0.9592390656471252, -0.2693285644054413, 0.012004193849861622, 0.08472583442926407]], "joint_names": ["Hips", "LeftUpLeg", "LeftLeg", "LeftFoot", "LeftToe", "RightUpLeg", "RightLeg", "RightFoot", "RightToe", "Spine", "Spine1", "Spine2", "Neck", "Head", "LeftShoulder", "LeftArm", "LeftForeArm", "LeftHand", "RightShoulder", "RightArm", "RightForeArm", "RightHand"]}