{"root_pos": [-31.599767684936523, 84.53559112548828, 24.917770385742188], "local_quat": [[0.004250125959515572, -0.6790509223937988, -0.7317570447921753, 0.0583379901945591], [-0.03481701761484146, 0.02371743507683277, -0.9987040162086487, -0.028558790683746338], [0.9154377579689026, -0.04234033450484276, 0.0012456035474315286, -0.4002242684364319], [0.7378597259521484, -0.021877259016036987, -0.012817001901566982, 0.6744776368141174], [0.9795385599136353, -0.014048026874661446, -0.004660164937376976, 0.20071175694465637], [-0.042565781623125076, 0.24984201788902283, 0.9643605351448059, -0.07599998265504837], [0.910961389541626, -0.053095076233148575, -0.0295180045068264, -0.40799373388290405], [0.7561197280883789, 0.008629989810287952, 0.06291189044713974, 0.6513451933860779], [0.9838838577270508, -0.003695892635732889, 0.01697775162756443, 0.17796234786510468], [0.9965440034866333, -0.022212618961930275, 0.000158580849529244, 0.08004186302423477], [0.9962174892425537, -0.049761541187763214, 0.006734746042639017, 0.07091719657182693], [0.9958577156066895, -0.05486121401190758, 0.01003420352935791, 0.07181243598461151], [0.9935425519943237, -0.04761239513754845, 0.10294901579618454, 0.0027895187959074974], [0.9967169761657715, 0.0030539219733327627, -0.042604994028806686, -0.068780817091465], [-0.013163791038095951, -0.6435956954956055, -0.021210025995969772, -0.764958381652832], [0.8939483165740967, 0.13726049661636353, 0.36580613255500793, -0.21954932808876038], [0.8031752109527588, -0.025433065369725227, -0.08022220432758331, -0.589768648147583], [0.9828027486801147, 0.17649400234222412, -0.0536484569311142, 0.00838553812354803], [0.01762775145471096, 0.6327367424964905, -0.03316802531480789, -0.7734554409980774], [0.8583151698112488, -0.25158530473709106, -0.4344932734966278, -0.10590343922376633], [0.9147030115127563, 0.024586079642176628, 0.09253775328397751, -0.3926202356815338], [0.9579916596412659, -0.27393943071365356, 0.006820651236921549, 0.0846327543258667]], "joint_names": ["Hips", "LeftUpLeg", "LeftLeg", "LeftFoot", "LeftToe", "RightUpLeg", "RightLeg", "RightFoot", "RightToe", "Spine", "Spine1", "Spine2", "Neck", "Head", "LeftShoulder", "LeftArm", "LeftForeArm", "LeftHand", "RightShoulder", "RightArm", "RightForeArm", "RightHand"]}