{"root_pos": [-26.632966995239258, 81.86009216308594, 22.907773971557617], "local_quat": [[0.001757661928422749, -0.6726147532463074, -0.7371879816055298, 0.06434451043605804], [-0.02620338276028633, 0.006372707895934582, -0.9991520047187805, -0.031112845987081528], [0.8836977481842041, -0.03722662106156349, 0.00040699398959986866, -0.46657508611679077], [0.7084260582923889, -0.010852770879864693, -0.0028089110273867846, 0.7056959867477417], [0.9792924523353577, -0.01471134927123785, -0.005016402341425419, 0.20185333490371704], [-0.04025864601135254, 0.24565927684307098, 0.9652951955795288, -0.07896822690963745], [0.9006360769271851, -0.054941143840551376, -0.02935892529785633, -0.430086225271225], [0.73899245262146, 0.00882901344448328, 0.0643259808421135, 0.6705776453018188], [0.9839694499969482, -0.003950465004891157, 0.01832939311861992, 0.17734862864017487], [0.9965652823448181, -0.02079053595662117, 0.00012282298121135682, 0.08015808463096619], [0.9962412118911743, -0.04695085063576698, 0.006280648056417704, 0.07252223044633865], [0.9958356022834778, -0.05226051062345505, 0.009434003382921219, 0.07410251349210739], [0.9935029745101929, -0.0480932854115963, 0.10313935577869415, 0.0009798576356843114], [0.9962943196296692, 0.0020293104462325573, -0.04115873947739601, -0.07549506425857544], [-0.01079131755977869, -0.6413173675537109, -0.019968649372458458, -0.7669398784637451], [0.8895902633666992, 0.1345449537038803, 0.37400928139686584, -0.22504214942455292], [0.8079255223274231, -0.028769906610250473, -0.08315077424049377, -0.5826787352561951], [0.9822542071342468, 0.17781443893909454, -0.05927601456642151, 0.006716073490679264], [0.018644902855157852, 0.6294530034065247, -0.0354183129966259, -0.7760068774223328], [0.8572617173194885, -0.23308676481246948, -0.4439716935157776, -0.11688507348299026], [0.9132334589958191, 0.02552911639213562, 0.09295861423015594, -0.39586806297302246], [0.9583585858345032, -0.2728121876716614, 0.008722905069589615, 0.08394184708595276]], "joint_names": ["Hips", "LeftUpLeg", "LeftLeg", "LeftFoot", "LeftToe", "RightUpLeg", "RightLeg", "RightFoot", "RightToe", "Spine", "Spine1", "Spine2", "Neck", "Head", "LeftShoulder", "LeftArm", "LeftForeArm", "LeftHand", "RightShoulder", "RightArm", "RightForeArm", "RightHand"]}