{"root_pos": [-9.156078338623047, 79.67019653320312, 11.500312805175781], "local_quat": [[-0.004239778034389019, -0.6621305346488953, -0.7457581162452698, 0.07355222851037979], [0.008307788521051407, -0.1307165026664734, -0.9901068210601807, -0.05032641813158989], [0.7387588620185852, -0.03196697682142258, 0.028889508917927742, -0.6725912094116211], [0.7356079816818237, -0.01415854599326849, 0.010201829485595226, 0.677182674407959], [0.9781744480133057, -0.01760757341980934, -0.006589195225387812, 0.20693297684192657], [0.008702055551111698, 0.2429894059896469, 0.9683517813682556, -0.05634871870279312], [0.8465355634689331, -0.062418173998594284, -0.029897717759013176, -0.5278140306472778], [0.703062891960144, -0.0037342901341617107, 0.053734421730041504, 0.7090848088264465], [0.9844049215316772, -0.004574348218739033, 0.023485518991947174, 0.1742827594280243], [0.9960850477218628, -0.022811079397797585, 0.007579050026834011, 0.08506938815116882], [0.9953176975250244, -0.048336829990148544, 0.017318246886134148, 0.08189209550619125], [0.9948385953903198, -0.05121799558401108, 0.020293928682804108, 0.0852118581533432], [0.9939397573471069, -0.04467187821865082, 0.10043428838253021, 0.0010241904528811574], [0.9943493008613586, 0.007220744621008635, -0.0487365797162056, -0.09403308480978012], [-0.008640129119157791, -0.6385407447814941, -0.023316195234656334, -0.7691863179206848], [0.8903674483299255, 0.12324301153421402, 0.3593481779098511, -0.2508500814437866], [0.8257020115852356, -0.036877311766147614, -0.09194731712341309, -0.5553394556045532], [0.9806544184684753, 0.17577700316905975, -0.08611750602722168, 0.0017879522638395429], [0.010467219166457653, 0.626308023929596, -0.03193432837724686, -0.7788509130477905], [0.8721448183059692, -0.18356379866600037, -0.42786285281181335, -0.15033666789531708], [0.9044467806816101, 0.02719101496040821, 0.09462732821702957, -0.4150690734386444], [0.9612740874290466, -0.26269087195396423, 0.029539011418819427, 0.07792994379997253]], "joint_names": ["Hips", "LeftUpLeg", "LeftLeg", "LeftFoot", "LeftToe", "RightUpLeg", "RightLeg", "RightFoot", "RightToe", "Spine", "Spine1", "Spine2", "Neck", "Head", "LeftShoulder", "LeftArm", "LeftForeArm", "LeftHand", "RightShoulder", "RightArm", "RightForeArm", "RightHand"]}