{"root_pos": [-12.980669021606445, 78.87642669677734, 14.598148345947266], "local_quat": [[-0.0022740610875189304, -0.6622739434242249, -0.7456179857254028, 0.0737677812576294], [-0.00025940436171367764, -0.08774352818727493, -0.9952249526977539, -0.0427582673728466], [0.7703784704208374, -0.03127057105302811, 0.017479056492447853, -0.6365796327590942], [0.7163718938827515, -0.001968342810869217, 0.01858944073319435, 0.6974682211875916], [0.9784682989120483, -0.016905780881643295, -0.006149331107735634, 0.2056114375591278], [-0.012997019104659557, 0.26187223196029663, 0.9628828167915344, -0.06411539763212204], [0.8496652841567993, -0.062497738748788834, -0.030718153342604637, -0.5227038264274597], [0.7086475491523743, 0.004960821010172367, 0.06474331021308899, 0.7025684118270874], [0.9842955470085144, -0.004574939608573914, 0.022302789613604546, 0.175054132938385], [0.9963045716285706, -0.022601259872317314, 0.005702818278223276, 0.08266694098711014], [0.9955785274505615, -0.048689451068639755, 0.014738109894096851, 0.07896467298269272], [0.9950778484344482, -0.05259564518928528, 0.017830537632107735, 0.08207276463508606], [0.9937130212783813, -0.044350288808345795, 0.1027882844209671, 0.0014615976251661777], [0.9945559501647949, 0.007555806078016758, -0.048800744116306305, -0.09176002442836761], [-0.009233977645635605, -0.6389102339744568, -0.022598687559366226, -0.7688939571380615], [0.8875994682312012, 0.12476625293493271, 0.36870211362838745, -0.24629099667072296], [0.8230788111686707, -0.036072809249162674, -0.09093095362186432, -0.5594385266304016], [0.9809041619300842, 0.17673812806606293, -0.08113746345043182, 0.0027182111516594887], [0.013833731412887573, 0.6252211332321167, -0.034622278064489365, -0.7795566320419312], [0.8667082190513611, -0.1915711909532547, -0.434795618057251, -0.15188856422901154], [0.9108129143714905, 0.027535855770111084, 0.09610827267169952, -0.40053075551986694], [0.9604300856590271, -0.26510223746299744, 0.021774986758828163, 0.08258777856826782]], "joint_names": ["Hips", "LeftUpLeg", "LeftLeg", "LeftFoot", "LeftToe", "RightUpLeg", "RightLeg", "RightFoot", "RightToe", "Spine", "Spine1", "Spine2", "Neck", "Head", "LeftShoulder", "LeftArm", "LeftForeArm", "LeftHand", "RightShoulder", "RightArm", "RightForeArm", "RightHand"]}