{"root_pos": [24.249832153320312, 85.14124298095703, -6.837828159332275], "local_quat": [[0.017637107521295547, -0.6865232586860657, -0.7235932946205139, 0.06919226795434952], [0.0635165125131607, -0.3612687885761261, -0.9285116195678711, -0.05759028345346451], [0.7733140587806702, -0.03454740345478058, 0.049061182886362076, -0.6311773657798767], [0.7790341377258301, -0.05930038169026375, -0.04746939241886139, 0.6223633289337158], [0.9756610989570618, -0.023845160380005836, -0.009517624042928219, 0.21777549386024475], [0.13905246555805206, 0.07315059751272202, 0.9875073432922363, 0.011943426914513111], [0.9318982362747192, -0.05841728299856186, -0.019846273586153984, -0.35743430256843567], [0.7337635159492493, 0.015460642985999584, 0.08516699075698853, 0.6738684177398682], [0.984998881816864, -0.004566112998872995, 0.03386799246072769, 0.16914330422878265], [0.995463490486145, -0.006247589364647865, 0.006902084685862064, 0.0946875736117363], [0.9953679442405701, -0.013073105365037918, 0.006211085710674524, 0.09504290670156479], [0.9950442910194397, -0.012459569610655308, 0.0053315600380301476, 0.0985037237405777], [0.9976600408554077, -0.028043266385793686, 0.062319446355104446, 0.0020801404025405645], [0.9922273755073547, 0.01616138219833374, -0.04131728783249855, -0.11626073718070984], [0.01121586188673973, -0.628716766834259, -0.009319542907178402, -0.7774975299835205], [0.87998366355896, 0.2284420132637024, 0.3910205662250519, -0.14333848655223846], [0.7834253907203674, -0.02971877157688141, -0.07344668358564377, -0.6164146661758423], [0.981717050075531, 0.16751408576965332, -0.08916697651147842, -0.014828247018158436], [-0.018984537571668625, 0.6494950652122498, -0.005490445531904697, -0.7601088881492615], [0.8743335008621216, -0.1575532704591751, -0.41981083154678345, -0.18567906320095062], [0.76816326379776, 0.015425177291035652, 0.057295434176921844, -0.6374986171722412], [0.9613581895828247, -0.2716180980205536, 0.03738424554467201, 0.02482733130455017]], "joint_names": ["Hips", "LeftUpLeg", "LeftLeg", "LeftFoot", "LeftToe", "RightUpLeg", "RightLeg", "RightFoot", "RightToe", "Spine", "Spine1", "Spine2", "Neck", "Head", "LeftShoulder", "LeftArm", "LeftForeArm", "LeftHand", "RightShoulder", "RightArm", "RightForeArm", "RightHand"]}