{"root_pos": [9.484708786010742, 84.58904266357422, 1.8929181098937988], "local_quat": [[0.009143850766122341, -0.67808598279953, -0.7313840985298157, 0.0720624029636383], [0.045836448669433594, -0.3199530243873596, -0.9437872767448425, -0.06924355030059814], [0.7022480964660645, -0.03517916798591614, 0.05256100744009018, -0.7091174125671387], [0.7806862592697144, -0.057380445301532745, -0.03555746376514435, 0.6212665438652039], [0.9767636656761169, -0.021420210599899292, -0.008300211280584335, 0.21308459341526031], [0.09479741007089615, 0.11266987770795822, 0.9890137314796448, -0.013071953319013119], [0.9092488288879395, -0.06144146993756294, -0.0155771030113101, -0.41139864921569824], [0.7251701354980469, -0.0005579203134402633, 0.0703793615102768, 0.6849633455276489], [0.9848120212554932, -0.0044072456657886505, 0.029152361676096916, 0.17110247910022736], [0.9951675534248352, -0.014858927577733994, 0.008560075424611568, 0.09668301045894623], [0.9948735237121582, -0.030461695045232773, 0.01317598670721054, 0.0955255925655365], [0.994611382484436, -0.030074505135416985, 0.0138854356482625, 0.098238505423069], [0.9957378506660461, -0.037193696945905685, 0.08438540250062943, 0.0013148451689630747], [0.9932444095611572, 0.012782741338014603, -0.049052637070417404, -0.10438349097967148], [-0.002251586178317666, -0.6359076499938965, -0.020114345476031303, -0.7714996337890625], [0.8830217719078064, 0.18373847007751465, 0.37366199493408203, -0.21653981506824493], [0.8105469346046448, -0.03373444452881813, -0.0831141248345375, -0.5787639021873474], [0.9809002876281738, 0.17268140614032745, -0.08935801684856415, -0.005563365761190653], [-0.008243671618402004, 0.6430646181106567, -0.01524942647665739, -0.7656156420707703], [0.8800517320632935, -0.15333807468414307, -0.41632795333862305, -0.1693146675825119], [0.8240839242935181, 0.020738890394568443, 0.07231655716896057, -0.5614498853683472], [0.9613692760467529, -0.2694348096847534, 0.03402576968073845, 0.04490095004439354]], "joint_names": ["Hips", "LeftUpLeg", "LeftLeg", "LeftFoot", "LeftToe", "RightUpLeg", "RightLeg", "RightFoot", "RightToe", "Spine", "Spine1", "Spine2", "Neck", "Head", "LeftShoulder", "LeftArm", "LeftForeArm", "LeftHand", "RightShoulder", "RightArm", "RightForeArm", "RightHand"]}