{"root_pos": [35.58230209350586, 83.47190856933594, -16.1046085357666], "local_quat": [[0.018402697518467903, -0.690176248550415, -0.7199422717094421, 0.0707176923751831], [0.08689378201961517, -0.3823157846927643, -0.9186646938323975, -0.04836614057421684], [0.8386667966842651, -0.037787992507219315, 0.050497498363256454, -0.5409806966781616], [0.7561441659927368, -0.061277687549591064, -0.04833819344639778, 0.6497340202331543], [0.9747264385223389, -0.025138117372989655, -0.010828337632119656, 0.22171859443187714], [0.17285655438899994, 0.04378950223326683, 0.9832514524459839, 0.03767959773540497], [0.9310716986656189, -0.060144878923892975, -0.026781165972352028, -0.3588466942310333], [0.7265148162841797, 0.02608369290828705, 0.09397554397583008, 0.6801943778991699], [0.9851728677749634, -0.004582962486892939, 0.037646714597940445, 0.16732043027877808], [0.9957727789878845, 0.0027930845972150564, 0.004672650713473558, 0.09168914705514908], [0.9954646229743958, 0.004616120830178261, -0.001075559644959867, 0.09501443058252335], [0.995029091835022, 0.005769886542111635, -0.0033123556058853865, 0.09936192631721497], [0.999018669128418, -0.02818715013563633, 0.03269435465335846, 0.009910985827445984], [0.9906750321388245, 0.006072799675166607, -0.021005304530262947, -0.13447989523410797], [0.025881731882691383, -0.6234429478645325, 0.004391741473227739, -0.7814279198646545], [0.8752808570861816, 0.25267839431762695, 0.4067534804344177, -0.06773971766233444], [0.7793850898742676, -0.027546554803848267, -0.06989656388759613, -0.6220245361328125], [0.9843059182167053, 0.14784525334835052, -0.09504536539316177, -0.01581686921417713], [-0.02769395336508751, 0.6508050560951233, 0.0008060612017288804, -0.7587392330169678], [0.8737398386001587, -0.13683588802814484, -0.4198867082595825, -0.20383764803409576], [0.7262083292007446, 0.014459531754255295, 0.05133700743317604, -0.6854026913642883], [0.9606160521507263, -0.272390753030777, 0.054023075848817825, 0.01007756870239973]], "joint_names": ["Hips", "LeftUpLeg", "LeftLeg", "LeftFoot", "LeftToe", "RightUpLeg", "RightLeg", "RightFoot", "RightToe", "Spine", "Spine1", "Spine2", "Neck", "Head", "LeftShoulder", "LeftArm", "LeftForeArm", "LeftHand", "RightShoulder", "RightArm", "RightForeArm", "RightHand"]}