{"root_pos": [4.310170650482178, 83.34669494628906, 4.356904029846191], "local_quat": [[0.0056635430082678795, -0.6718502640724182, -0.7371717691421509, 0.07185285538434982], [0.03810350224375725, -0.2822524607181549, -0.9564216732978821, -0.06433690339326859], [0.6913882493972778, -0.035297736525535583, 0.0515628419816494, -0.7197761535644531], [0.7709348201751709, -0.05236172303557396, -0.027279742062091827, 0.6341714859008789], [0.9771512150764465, -0.020327989012002945, -0.007914707995951176, 0.2114231139421463], [0.07392185926437378, 0.1460699737071991, 0.9861197471618652, -0.02769218012690544], [0.8910825252532959, -0.06139318645000458, -0.019272729754447937, -0.4492564797401428], [0.7165178060531616, -0.004567507188767195, 0.061536483466625214, 0.6948342323303223], [0.9847227334976196, -0.004408373963087797, 0.02755328267812729, 0.17187951505184174], [0.9952161908149719, -0.01799163408577442, 0.009065574035048485, 0.0955972969532013], [0.9947317838668823, -0.036917220801115036, 0.015717480331659317, 0.09433359652757645], [0.9944397807121277, -0.03704452887177467, 0.01711455173790455, 0.09707856178283691], [0.9950761198997498, -0.04124833270907402, 0.09011729806661606, 0.0009728310396894813], [0.9934613108634949, 0.00957373809069395, -0.048498012125492096, -0.10291217267513275], [-0.005151315592229366, -0.6368688344955444, -0.022563226521015167, -0.7706246972084045], [0.886435329914093, 0.16308541595935822, 0.3639751374721527, -0.234856516122818], [0.8179814219474792, -0.03554873540997505, -0.08719932287931442, -0.5674847364425659], [0.9809733629226685, 0.17140980064868927, -0.09111049771308899, -0.002973714843392372], [-0.003287356812506914, 0.6386540532112122, -0.019894668832421303, -0.7692296504974365], [0.880894660949707, -0.1576080620288849, -0.4174262285232544, -0.15792296826839447], [0.8498643636703491, 0.023124707862734795, 0.07970111072063446, -0.520426332950592], [0.9620034098625183, -0.26531073451042175, 0.0341518297791481, 0.054712116718292236]], "joint_names": ["Hips", "LeftUpLeg", "LeftLeg", "LeftFoot", "LeftToe", "RightUpLeg", "RightLeg", "RightFoot", "RightToe", "Spine", "Spine1", "Spine2", "Neck", "Head", "LeftShoulder", "LeftArm", "LeftForeArm", "LeftHand", "RightShoulder", "RightArm", "RightForeArm", "RightHand"]}