{"root_pos": [0.02287435531616211, 81.89055633544922, 6.960644721984863], "local_quat": [[0.0025022742338478565, -0.6676482558250427, -0.7407309412956238, 0.0745459794998169], [0.027780311182141304, -0.23027575016021729, -0.9707063436508179, -0.06269319355487823], [0.6961043477058411, -0.03288698568940163, 0.045069124549627304, -0.7157694697380066], [0.7618007063865662, -0.039395298808813095, -0.01469219010323286, 0.6464455127716064], [0.9775084853172302, -0.019373556599020958, -0.007483632303774357, 0.20987078547477722], [0.052393730729818344, 0.18021537363529205, 0.9815054535865784, -0.03774072602391243], [0.8713393807411194, -0.06176835298538208, -0.023424923419952393, -0.4862135350704193], [0.7087187767028809, -0.0067621516063809395, 0.05499722436070442, 0.7033116817474365], [0.9846174716949463, -0.004481784999370575, 0.02614021860063076, 0.1726991832256317], [0.9954437017440796, -0.020910808816552162, 0.009700368158519268, 0.09252271056175232], [0.9947750568389893, -0.04297912120819092, 0.018436124548316002, 0.09074975550174713], [0.9944289922714233, -0.04382900521159172, 0.02032948099076748, 0.09368450939655304], [0.994444727897644, -0.043634139001369476, 0.09578872472047806, 0.00047676145914010704], [0.9936699867248535, 0.008370338939130306, -0.05009112507104874, -0.10020402073860168], [-0.006848087068647146, -0.6376195549964905, -0.02372049167752266, -0.7699556946754456], [0.8879743218421936, 0.14989955723285675, 0.3605733811855316, -0.24293750524520874], [0.8266109824180603, -0.0364094078540802, -0.0901077389717102, -0.5543186664581299], [0.9812963604927063, 0.17033441364765167, -0.08968708664178848, 3.098126035183668e-05], [0.0020903043914586306, 0.6342665553092957, -0.02507794089615345, -0.7727047204971313], [0.8812487721443176, -0.15776927769184113, -0.41816389560699463, -0.15378037095069885], [0.8697051405906677, 0.025005223229527473, 0.08584260940551758, -0.48540571331977844], [0.9621176719665527, -0.26275530457496643, 0.03686577081680298, 0.06269054859876633]], "joint_names": ["Hips", "LeftUpLeg", "LeftLeg", "LeftFoot", "LeftToe", "RightUpLeg", "RightLeg", "RightFoot", "RightToe", "Spine", "Spine1", "Spine2", "Neck", "Head", "LeftShoulder", "LeftArm", "LeftForeArm", "LeftHand", "RightShoulder", "RightArm", "RightForeArm", "RightHand"]}