{"root_pos": [-4.479187965393066, 80.7148208618164, 9.589963912963867], "local_quat": [[-0.0028862329199910164, -0.6646284461021423, -0.7436282634735107, 0.0726473331451416], [0.0175496656447649, -0.1795630007982254, -0.9819444417953491, -0.05687129870057106], [0.7147223353385925, -0.03208482638001442, 0.03784802928566933, -0.6976461410522461], [0.7541157007217407, -0.029810575768351555, -0.00622550817206502, 0.6560351848602295], [0.9778547883033752, -0.018408428877592087, -0.007075637578964233, 0.20835357904434204], [0.035108234733343124, 0.21728217601776123, 0.9742814302444458, -0.04828709736466408], [0.8571492433547974, -0.06190178543329239, -0.026579800993204117, -0.510643482208252], [0.7017431855201721, -0.011274337768554688, 0.04610481113195419, 0.7108472585678101], [0.9845064282417297, -0.0044801365584135056, 0.024765370413661003, 0.17353318631649017], [0.995747447013855, -0.022292139008641243, 0.009264678694307804, 0.08890605717897415], [0.99500572681427, -0.04641973227262497, 0.01916862092912197, 0.0862625390291214], [0.994584321975708, -0.04823815077543259, 0.021663738414645195, 0.08947500586509705], [0.9941262006759644, -0.044979847967624664, 0.09843631833791733, 0.00041019305353984237], [0.9940241575241089, 0.007020239718258381, -0.0494011826813221, -0.09708932042121887], [-0.007861071266233921, -0.6383227109909058, -0.02380172535777092, -0.7693605422973633], [0.8909533619880676, 0.1324586272239685, 0.3560311198234558, -0.24879425764083862], [0.8272156715393066, -0.036843519657850266, -0.09160024672746658, -0.5531421303749084], [0.9811415672302246, 0.17161788046360016, -0.08892211318016052, 0.0011982733849436045], [0.006664420943707228, 0.6297942399978638, -0.028753969818353653, -0.7762009501457214], [0.8779059648513794, -0.16947390139102936, -0.42258450388908386, -0.14826348423957825], [0.8896095156669617, 0.026096198707818985, 0.09076578170061111, -0.4468505382537842], [0.962168276309967, -0.2606835961341858, 0.0352463535964489, 0.07095018774271011]], "joint_names": ["Hips", "LeftUpLeg", "LeftLeg", "LeftFoot", "LeftToe", "RightUpLeg", "RightLeg", "RightFoot", "RightToe", "Spine", "Spine1", "Spine2", "Neck", "Head", "LeftShoulder", "LeftArm", "LeftForeArm", "LeftHand", "RightShoulder", "RightArm", "RightForeArm", "RightHand"]}