{"root_pos": [27.3033447265625, 84.65481567382812, -10.327661514282227], "local_quat": [[0.01961970329284668, -0.6877517104148865, -0.7224352955818176, 0.06855600327253342], [0.07139044255018234, -0.37709516286849976, -0.9220311641693115, -0.05060909315943718], [0.7991240620613098, -0.037684861570596695, 0.05270862206816673, -0.5976640582084656], [0.7717506885528564, -0.06697213649749756, -0.05455800145864487, 0.6300309300422668], [0.9753525853157043, -0.024216217920184135, -0.009993276558816433, 0.21909117698669434], [0.15141014754772186, 0.05535370856523514, 0.9867405295372009, 0.018816806375980377], [0.9304274320602417, -0.058695532381534576, -0.022307485342025757, -0.3610568940639496], [0.7329649329185486, 0.019003529101610184, 0.08796864748001099, 0.6742869019508362], [0.9850611686706543, -0.0045335483737289906, 0.035063404589891434, 0.1685362309217453], [0.9955599308013916, -0.002768120728433132, 0.005308390595018864, 0.09393979609012604], [0.9954030513763428, -0.006376190576702356, 0.0019477143650874496, 0.09554209560155869], [0.9950287938117981, -0.005584074649959803, 0.0008874352206476033, 0.09942695498466492], [0.998239278793335, -0.02855292521417141, 0.05169367417693138, 0.0055380468256771564], [0.9918587803840637, 0.012147519737482071, -0.03327426314353943, -0.12231656908988953], [0.016581200063228607, -0.6255074739456177, -0.004778556991368532, -0.7800272703170776], [0.8784795999526978, 0.24225687980651855, 0.3958283066749573, -0.11360090225934982], [0.7801871299743652, -0.0290445014834404, -0.07213541120290756, -0.6206938028335571], [0.9825550317764282, 0.1621871441602707, -0.08966438472270966, -0.01553382445126772], [-0.022756699472665787, 0.6507876515388489, -0.0022886048536747694, -0.7589152455329895], [0.8756295442581177, -0.1514054238796234, -0.41694560647010803, -0.19106441736221313], [0.7529265284538269, 0.014934916980564594, 0.0550672672688961, -0.655626654624939], [0.9613202810287476, -0.27177655696868896, 0.040158435702323914, 0.01969888061285019]], "joint_names": ["Hips", "LeftUpLeg", "LeftLeg", "LeftFoot", "LeftToe", "RightUpLeg", "RightLeg", "RightFoot", "RightToe", "Spine", "Spine1", "Spine2", "Neck", "Head", "LeftShoulder", "LeftArm", "LeftForeArm", "LeftHand", "RightShoulder", "RightArm", "RightForeArm", "RightHand"]}