{"root_pos": [31.76877212524414, 84.2523422241211, -12.798763275146484], "local_quat": [[0.019569270312786102, -0.6880337595939636, -0.7220854163169861, 0.06942012161016464], [0.08040153235197067, -0.38319626450538635, -0.919070303440094, -0.04478779062628746], [0.8203286528587341, -0.039285872131586075, 0.053304750472307205, -0.5680459141731262], [0.7639052867889404, -0.06871174275875092, -0.05586456134915352, 0.6392234563827515], [0.975031316280365, -0.02467232383787632, -0.010427112691104412, 0.2204461246728897], [0.16522175073623657, 0.048516418784856796, 0.9845851063728333, 0.030659720301628113], [0.9340954422950745, -0.05964837223291397, -0.022864289581775665, -0.35126206278800964], [0.7289149165153503, 0.019361726939678192, 0.08827224373817444, 0.6786134243011475], [0.9851127862930298, -0.004511720035225153, 0.03634285554289818, 0.16796313226222992], [0.9955525994300842, 0.0004783711628988385, 0.005117088556289673, 0.09406661987304688], [0.995305597782135, -4.603569323080592e-05, 0.0008021050016395748, 0.09677891433238983], [0.9949167370796204, 0.0009673577733337879, -0.0009914302499964833, 0.10069163143634796], [0.9987063407897949, -0.028517451137304306, 0.04154002666473389, 0.00684520835056901], [0.9912182092666626, 0.008717133663594723, -0.027123229578137398, -0.12913139164447784], [0.021413886919617653, -0.6244202852249146, -7.27571314200759e-05, -0.7807950377464294], [0.876689612865448, 0.25079455971717834, 0.4008154273033142, -0.08868155628442764], [0.7814232707023621, -0.02816561609506607, -0.07094766944646835, -0.6193147897720337], [0.9837182760238647, 0.15421077609062195, -0.09112246334552765, -0.014629531651735306], [-0.025685524567961693, 0.6509932279586792, -7.242775609483942e-05, -0.7586488127708435], [0.8757189512252808, -0.1424112319946289, -0.41725265979766846, -0.19681379199028015], [0.7361546158790588, 0.014438428916037083, 0.05227045714855194, -0.6746375560760498], [0.9605255126953125, -0.27372241020202637, 0.04782942682504654, 0.013384824618697166]], "joint_names": ["Hips", "LeftUpLeg", "LeftLeg", "LeftFoot", "LeftToe", "RightUpLeg", "RightLeg", "RightFoot", "RightToe", "Spine", "Spine1", "Spine2", "Neck", "Head", "LeftShoulder", "LeftArm", "LeftForeArm", "LeftHand", "RightShoulder", "RightArm", "RightForeArm", "RightHand"]}