{"root_pos": [13.269168853759766, 85.23802947998047, -1.110313892364502], "local_quat": [[0.013334899209439754, -0.6816501617431641, -0.7280980348587036, 0.07105188071727753], [0.05082748085260391, -0.34318917989730835, -0.9352943301200867, -0.06973015516996384], [0.7188286781311035, -0.035426560789346695, 0.053836654871702194, -0.6921935081481934], [0.787562370300293, -0.06210083141922951, -0.043241482228040695, 0.6115710735321045], [0.9764267206192017, -0.02219576947391033, -0.008741974830627441, 0.2145266979932785], [0.11055099219083786, 0.08851266652345657, 0.9899109601974487, -0.004502805881202221], [0.9218591451644897, -0.06108459085226059, -0.014279576949775219, -0.38241392374038696], [0.7291324734687805, 0.00444012600928545, 0.07783766835927963, 0.6799171566963196], [0.9848804473876953, -0.00437128497287631, 0.030536340549588203, 0.170466810464859], [0.9952559471130371, -0.011847368441522121, 0.008101563900709152, 0.09622728079557419], [0.9950941801071167, -0.02421431802213192, 0.010833065956830978, 0.09530913829803467], [0.9948216676712036, -0.023609424009919167, 0.011161250993609428, 0.0982237458229065], [0.996478259563446, -0.0324590690433979, 0.07724959403276443, 0.0031814819667488337], [0.9930282831192017, 0.01621674932539463, -0.04854091629385948, -0.10618637502193451], [0.0016486098757013679, -0.6339602470397949, -0.017055103555321693, -0.773175835609436], [0.8811084628105164, 0.20021721720695496, 0.38097241520881653, -0.1960127353668213], [0.7977014183998108, -0.03228051960468292, -0.07907823473215103, -0.5969732403755188], [0.9805554747581482, 0.17489899694919586, -0.0884893611073494, -0.009537452831864357], [-0.012868293561041355, 0.6459431648254395, -0.01066623255610466, -0.7632026076316833], [0.8775867819786072, -0.1577359139919281, -0.4166009724140167, -0.17721302807331085], [0.8018878698348999, 0.018490219488739967, 0.06603935360908508, -0.5935256481170654], [0.9610824584960938, -0.27185752987861633, 0.032401345670223236, 0.03693641722202301]], "joint_names": ["Hips", "LeftUpLeg", "LeftLeg", "LeftFoot", "LeftToe", "RightUpLeg", "RightLeg", "RightFoot", "RightToe", "Spine", "Spine1", "Spine2", "Neck", "Head", "LeftShoulder", "LeftArm", "LeftForeArm", "LeftHand", "RightShoulder", "RightArm", "RightForeArm", "RightHand"]}