{"root_pos": [17.98096466064453, 85.4588623046875, -3.9210898876190186], "local_quat": [[0.014592037536203861, -0.6840899586677551, -0.7259967923164368, 0.06882147490978241], [0.05737888440489769, -0.35514381527900696, -0.930945873260498, -0.0626128613948822], [0.7441195845603943, -0.03416904807090759, 0.05105952173471451, -0.6652153134346008], [0.7877211570739746, -0.06126710772514343, -0.04752298444509506, 0.6111326813697815], [0.9760677218437195, -0.02296372503042221, -0.009143958799540997, 0.21605750918388367], [0.12617389857769012, 0.08504614979028702, 0.9883533716201782, 0.0022291825152933598], [0.9315060973167419, -0.06057355925440788, -0.014833809807896614, -0.3583395481109619], [0.7330175042152405, 0.007551292888820171, 0.08095939457416534, 0.6753323674201965], [0.9849398136138916, -0.004372003488242626, 0.03205212578177452, 0.16984440386295319], [0.995293915271759, -0.008672235533595085, 0.006844830233603716, 0.09627034515142441], [0.9951851963996887, -0.01809730753302574, 0.00751439668238163, 0.09603297710418701], [0.9949033260345459, -0.017501454800367355, 0.007313001435250044, 0.09903311729431152], [0.9971582889556885, -0.02958507463335991, 0.06924405694007874, 0.0023529541213065386], [0.9926175475120544, 0.01673229970037937, -0.044783562421798706, -0.1114671379327774], [0.0058717806823551655, -0.631667971611023, -0.013763356022536755, -0.7750946283340454], [0.8820846080780029, 0.2124592512845993, 0.38301321864128113, -0.17346088588237762], [0.7877086997032166, -0.030845172703266144, -0.07575792074203491, -0.6105934381484985], [0.9809556007385254, 0.1721428483724594, -0.08904512226581573, -0.012804467231035233], [-0.01642451249063015, 0.6479013562202454, -0.00720697408542037, -0.7615129947662354], [0.8753663897514343, -0.16066598892211914, -0.4183153510093689, -0.18147268891334534], [0.7848819494247437, 0.016495373100042343, 0.06097434088587761, -0.6164172887802124], [0.961461067199707, -0.2711452543735504, 0.03366699814796448, 0.03064817376434803]], "joint_names": ["Hips", "LeftUpLeg", "LeftLeg", "LeftFoot", "LeftToe", "RightUpLeg", "RightLeg", "RightFoot", "RightToe", "Spine", "Spine1", "Spine2", "Neck", "Head", "LeftShoulder", "LeftArm", "LeftForeArm", "LeftHand", "RightShoulder", "RightArm", "RightForeArm", "RightHand"]}