{"root_pos": [68.02513885498047, 75.62531280517578, -61.73333740234375], "local_quat": [[0.002734225010499358, -0.7276054620742798, -0.6827799081802368, 0.06629148125648499], [0.06735498458147049, -0.2681537866592407, -0.9609031081199646, 0.014898443594574928], [0.8457234501838684, -0.018629081547260284, 0.04262420907616615, -0.5315899848937988], [0.6689952611923218, -0.02767602726817131, -0.023918453603982925, 0.7423660159111023], [0.9714570045471191, -0.03303225710988045, -0.015085571445524693, 0.23441968858242035], [0.14768564701080322, 0.2159428745508194, 0.9637736678123474, 0.05194207653403282], [0.6751144528388977, -0.08207201957702637, -0.06473331153392792, -0.7302699685096741], [0.7786778807640076, 0.03583993762731552, 0.1026364266872406, 0.6179336309432983], [0.985940158367157, -0.006494451779872179, 0.05206916481256485, 0.1586463898420334], [0.997700035572052, -0.0026706971693784, 0.004183581098914146, 0.06760206073522568], [0.9964591860771179, -0.004051190800964832, -0.007774272933602333, 0.08361969143152237], [0.9953112006187439, -0.0046309130266308784, -0.013309108093380928, 0.09569298475980759], [0.9990177750587463, -0.040701404213905334, -0.007633879780769348, 0.015773575752973557], [0.9836912751197815, -0.01950519159436226, 0.03388195484876633, -0.17556510865688324], [0.04003537818789482, -0.6188106536865234, 0.010857191868126392, -0.7844441533088684], [0.8863027691841125, 0.1883101761341095, 0.4145013988018036, -0.08482528477907181], [0.7313461303710938, -0.02367820031940937, -0.059421706944704056, -0.6790001392364502], [0.9854223728179932, 0.11544854193925858, -0.12191464006900787, -0.027408979833126068], [-0.02412491664290428, 0.6391976475715637, -0.010007445700466633, -0.7685988545417786], [0.8570634722709656, -0.21586163341999054, -0.4311802387237549, -0.18146492540836334], [0.7237239480018616, 0.01804795302450657, 0.05999837815761566, -0.6872394680976868], [0.9655385613441467, -0.2500057518482208, 0.07212815433740616, 0.005470674484968185]], "joint_names": ["Hips", "LeftUpLeg", "LeftLeg", "LeftFoot", "LeftToe", "RightUpLeg", "RightLeg", "RightFoot", "RightToe", "Spine", "Spine1", "Spine2", "Neck", "Head", "LeftShoulder", "LeftArm", "LeftForeArm", "LeftHand", "RightShoulder", "RightArm", "RightForeArm", "RightHand"]}