{"root_pos": [38.88689041137695, 82.92583465576172, -20.00589370727539], "local_quat": [[0.017905252054333687, -0.69247967004776, -0.7177252769470215, 0.0708654522895813], [0.09660575538873672, -0.3864279091358185, -0.9161214828491211, -0.04541189968585968], [0.8512305617332458, -0.03636555001139641, 0.0493023544549942, -0.5212038159370422], [0.7512714266777039, -0.060885846614837646, -0.05059276893734932, 0.6552284955978394], [0.9744049906730652, -0.025668563321232796, -0.011238752864301205, 0.22304630279541016], [0.1788080930709839, 0.03731773793697357, 0.9823275208473206, 0.04083780571818352], [0.926321804523468, -0.06293356418609619, -0.027937237173318863, -0.37038740515708923], [0.7278255820274353, 0.02789917401969433, 0.09770701080560684, 0.6781923770904541], [0.9852432012557983, -0.004627082031220198, 0.03891729936003685, 0.1666131317615509], [0.9958769083023071, 0.005388920661062002, 0.00443263677880168, 0.09044518321752548], [0.9954491853713989, 0.00966776441782713, -0.0024394006468355656, 0.09477032721042633], [0.9949659705162048, 0.011049231514334679, -0.005152582190930843, 0.09946785867214203], [0.9992468357086182, -0.029339110478758812, 0.021675480529665947, 0.013232908211648464], [0.9900551438331604, 0.0013551326701417565, -0.012967098504304886, -0.14007408916950226], [0.029792722314596176, -0.6234371662139893, 0.008258586749434471, -0.7812619805335999], [0.8740341663360596, 0.2536458969116211, 0.4113326072692871, -0.05033405125141144], [0.7751895189285278, -0.02708027884364128, -0.06874481588602066, -0.6273929476737976], [0.9850744009017944, 0.1430618017911911, -0.09440679103136063, -0.015783153474330902], [-0.030924275517463684, 0.651063084602356, 0.0032280506566166878, -0.7583865523338318], [0.8732334971427917, -0.13162945210933685, -0.4173244833946228, -0.21442268788814545], [0.7172814607620239, 0.014739878475666046, 0.05102284252643585, -0.6947565078735352], [0.9604395627975464, -0.2723926305770874, 0.057508502155542374, 0.007115794345736504]], "joint_names": ["Hips", "LeftUpLeg", "LeftLeg", "LeftFoot", "LeftToe", "RightUpLeg", "RightLeg", "RightFoot", "RightToe", "Spine", "Spine1", "Spine2", "Neck", "Head", "LeftShoulder", "LeftArm", "LeftForeArm", "LeftHand", "RightShoulder", "RightArm", "RightForeArm", "RightHand"]}