{"root_pos": [56.03229522705078, 80.3263931274414, -40.98587417602539], "local_quat": [[0.004394186660647392, -0.7115747332572937, -0.6994941830635071, 0.06595504283905029], [0.10814304649829865, -0.34841635823249817, -0.9310116767883301, -0.011329691857099533], [0.8665186166763306, -0.027114413678646088, 0.04832959175109863, -0.49605903029441833], [0.7381811141967773, -0.06406771391630173, -0.0661555603146553, 0.668286919593811], [0.9726554155349731, -0.02958730235695839, -0.013604870066046715, 0.229958638548851], [0.18519705533981323, 0.050289470702409744, 0.9800471663475037, 0.05177417770028114], [0.8990218639373779, -0.07264645397663116, -0.03509051725268364, -0.4304076135158539], [0.7743619680404663, 0.03178487718105316, 0.10649970173835754, 0.6229053139686584], [0.985628604888916, -0.004935023374855518, 0.04662352427840233, 0.16229037940502167], [0.9968041181564331, 0.010893178172409534, 0.009469594806432724, 0.07856994867324829], [0.9959844350814819, 0.023136192932724953, -0.000625953427515924, 0.08648271858692169], [0.9952011108398438, 0.024639934301376343, -0.00638755364343524, 0.09448149055242538], [0.9984939098358154, -0.04703894257545471, -0.018397172912955284, 0.021422237157821655], [0.9867145419120789, -0.02889269031584263, 0.026062646880745888, -0.1577351987361908], [0.04371757432818413, -0.622040331363678, 0.019494494423270226, -0.7815207242965698], [0.8609968423843384, 0.28054729104042053, 0.4241434931755066, 0.008949488401412964], [0.7518702745437622, -0.024212965741753578, -0.0607757605612278, -0.6560572385787964], [0.9873732328414917, 0.11916613578796387, -0.1023595854640007, -0.020396802574396133], [-0.03796156495809555, 0.6502971053123474, 0.006649188697338104, -0.7587018013000488], [0.868070125579834, -0.1368221491575241, -0.4261156916618347, -0.21484708786010742], [0.6694693565368652, 0.011338630691170692, 0.0439319871366024, -0.741452693939209], [0.9585189819335938, -0.2784113585948944, 0.06084446981549263, -0.00514818262308836]], "joint_names": ["Hips", "LeftUpLeg", "LeftLeg", "LeftFoot", "LeftToe", "RightUpLeg", "RightLeg", "RightFoot", "RightToe", "Spine", "Spine1", "Spine2", "Neck", "Head", "LeftShoulder", "LeftArm", "LeftForeArm", "LeftHand", "RightShoulder", "RightArm", "RightForeArm", "RightHand"]}