{"root_pos": [42.552955627441406, 82.6055679321289, -23.82926368713379], "local_quat": [[0.017227552831172943, -0.6953176856040955, -0.7148719429969788, 0.07207322120666504], [0.1043909415602684, -0.3716467022895813, -0.9214086532592773, -0.04457942023873329], [0.8643391132354736, -0.03523368760943413, 0.04824994131922722, -0.4993480145931244], [0.7472933530807495, -0.06181768327951431, -0.054117199033498764, 0.659395694732666], [0.9740834832191467, -0.026254771277308464, -0.011702336370944977, 0.2243548482656479], [0.18271340429782867, 0.03307375684380531, 0.9816800355911255, 0.0427342914044857], [0.9249633550643921, -0.06393852084875107, -0.029887646436691284, -0.3734452724456787], [0.7341293692588806, 0.03045063093304634, 0.09998961538076401, 0.6709165573120117], [0.9853089451789856, -0.004640342202037573, 0.040284398943185806, 0.16589754819869995], [0.9960688352584839, 0.0073087443597614765, 0.005341871175915003, 0.08811856061220169], [0.9956051111221313, 0.013671118766069412, -0.0018719686195254326, 0.09262816607952118], [0.9950804710388184, 0.015054615214467049, -0.005107496399432421, 0.09778662025928497], [0.9993246793746948, -0.03161001205444336, 0.011522633954882622, 0.014775402843952179], [0.9896379113197327, -0.004237624816596508, -0.004332209937274456, -0.1434575319290161], [0.033534936606884, -0.6244848966598511, 0.011895854957401752, -0.7802260518074036], [0.8735156655311584, 0.2548237442970276, 0.41311290860176086, -0.037053465843200684], [0.7686364650726318, -0.02663225308060646, -0.0672328844666481, -0.6355851292610168], [0.9854795932769775, 0.1388649195432663, -0.09624601155519485, -0.01683056727051735], [-0.03311111405491829, 0.6512857675552368, 0.004684231244027615, -0.758095383644104], [0.8707598447799683, -0.1322590559720993, -0.4205460548400879, -0.21777495741844177], [0.7048677206039429, 0.01429358683526516, 0.04915044084191322, -0.707489550113678], [0.9594325423240662, -0.2757090926170349, 0.058865707367658615, 0.0029251319356262684]], "joint_names": ["Hips", "LeftUpLeg", "LeftLeg", "LeftFoot", "LeftToe", "RightUpLeg", "RightLeg", "RightFoot", "RightToe", "Spine", "Spine1", "Spine2", "Neck", "Head", "LeftShoulder", "LeftArm", "LeftForeArm", "LeftHand", "RightShoulder", "RightArm", "RightForeArm", "RightHand"]}