{"root_pos": [45.94451904296875, 82.09967803955078, -27.901885986328125], "local_quat": [[0.015492606908082962, -0.7000405788421631, -0.7102380394935608, 0.07256076484918594], [0.10879665613174438, -0.35974347591400146, -0.9257307052612305, -0.042078226804733276], [0.8683318495750427, -0.03086717426776886, 0.045778870582580566, -0.49290087819099426], [0.7459068894386292, -0.06260401755571365, -0.061625994741916656, 0.6602317094802856], [0.9737365245819092, -0.02699856087565422, -0.012185829691588879, 0.2257426381111145], [0.18511632084846497, 0.027542972937226295, 0.9813019633293152, 0.04494188353419304], [0.9219909310340881, -0.0653449073433876, -0.03132094815373421, -0.3803706467151642], [0.7432851791381836, 0.02896733582019806, 0.09787414968013763, 0.6611419320106506], [0.9853842854499817, -0.004638608079403639, 0.04178889840841293, 0.16507574915885925], [0.99625164270401, 0.008825989440083504, 0.006221023388206959, 0.0858258455991745], [0.9957181215286255, 0.017104672268033028, -0.0018373308703303337, 0.09082645177841187], [0.9951292872428894, 0.018609261140227318, -0.005728810094296932, 0.0966363251209259], [0.9992151856422424, -0.03625050187110901, 0.002013595076277852, 0.015841268002986908], [0.9889967441558838, -0.011942544020712376, 0.0049933502450585365, -0.1473701447248459], [0.03694557771086693, -0.6244616508483887, 0.014895218424499035, -0.7800390124320984], [0.8708295226097107, 0.26079946756362915, 0.41608527302742004, -0.02264227159321308], [0.764610767364502, -0.025942865759134293, -0.06573926657438278, -0.6406056880950928], [0.9863272309303284, 0.13231301307678223, -0.0967102199792862, -0.01729034073650837], [-0.03479490429162979, 0.6511950492858887, 0.005579611286520958, -0.7580918073654175], [0.8704302906990051, -0.1277848780155182, -0.42178112268447876, -0.21936915814876556], [0.6917157173156738, 0.01359331700950861, 0.047227222472429276, -0.720495879650116], [0.9587342739105225, -0.2779834270477295, 0.05961019918322563, -0.0005478496896103024]], "joint_names": ["Hips", "LeftUpLeg", "LeftLeg", "LeftFoot", "LeftToe", "RightUpLeg", "RightLeg", "RightFoot", "RightToe", "Spine", "Spine1", "Spine2", "Neck", "Head", "LeftShoulder", "LeftArm", "LeftForeArm", "LeftHand", "RightShoulder", "RightArm", "RightForeArm", "RightHand"]}