{"root_pos": [49.66836929321289, 81.64862823486328, -31.944725036621094], "local_quat": [[0.012670399621129036, -0.7038835883140564, -0.7065260410308838, 0.07216784358024597], [0.11153897643089294, -0.3608889877796173, -0.925288200378418, -0.03405674546957016], [0.8695733547210693, -0.028609497472643852, 0.04614785686135292, -0.49080944061279297], [0.7429498434066772, -0.06618741154670715, -0.06960772722959518, 0.6624194979667664], [0.9733723402023315, -0.02782440185546875, -0.012691586278378963, 0.22718042135238647], [0.18589119613170624, 0.021236835047602654, 0.9812204837799072, 0.0469018816947937], [0.9182025194168091, -0.06567476689815521, -0.033479996025562286, -0.3891913890838623], [0.7538666725158691, 0.02934381552040577, 0.09680433571338654, 0.649194061756134], [0.9854645729064941, -0.004673283081501722, 0.04340459778904915, 0.16417579352855682], [0.9963576197624207, 0.00985809601843357, 0.008201408199965954, 0.08430358022451401], [0.9957301020622253, 0.019923876971006393, -6.481337186414748e-05, 0.09013653546571732], [0.9950781464576721, 0.02162894606590271, -0.004713417962193489, 0.096590057015419], [0.9990237951278687, -0.040598753839731216, -0.006060851737856865, 0.01632266864180565], [0.9883137941360474, -0.018720073625445366, 0.01259671151638031, -0.15075400471687317], [0.03975597396492958, -0.623551607131958, 0.017017660662531853, -0.7805852890014648], [0.8667463064193726, 0.26791003346443176, 0.4205376207828522, -0.01110020186752081], [0.7600686550140381, -0.025301294401288033, -0.0640677958726883, -0.6461817026138306], [0.9870022535324097, 0.12688788771629333, -0.0969948023557663, -0.017833339050412178], [-0.03653630241751671, 0.650838315486908, 0.00674136308953166, -0.7583066821098328], [0.8702293634414673, -0.13002672791481018, -0.42193710803985596, -0.2185472548007965], [0.6824921369552612, 0.01287247333675623, 0.04577343910932541, -0.7293446063995361], [0.9582973718643188, -0.27937349677085876, 0.060060083866119385, -0.003077245317399502]], "joint_names": ["Hips", "LeftUpLeg", "LeftLeg", "LeftFoot", "LeftToe", "RightUpLeg", "RightLeg", "RightFoot", "RightToe", "Spine", "Spine1", "Spine2", "Neck", "Head", "LeftShoulder", "LeftArm", "LeftForeArm", "LeftHand", "RightShoulder", "RightArm", "RightForeArm", "RightHand"]}