{"root_pos": [65.15985107421875, 76.7538070678711, -56.78647994995117], "local_quat": [[0.0022574495524168015, -0.724241316318512, -0.6865181922912598, 0.06451434642076492], [0.08639156818389893, -0.30876660346984863, -0.9470929503440857, 0.014651447534561157], [0.8448121547698975, -0.021144837141036987, 0.04659934714436531, -0.5326103568077087], [0.6877555847167969, -0.03972742334008217, -0.036458469927310944, 0.7239369750022888], [0.9717037081718445, -0.03232394903898239, -0.014810420572757721, 0.233511820435524], [0.16723431646823883, 0.15475235879421234, 0.9724217057228088, 0.049803104251623154], [0.7476108074188232, -0.08097279071807861, -0.05780091881752014, -0.6566434502601624], [0.7870169878005981, 0.03868096321821213, 0.10946831107139587, 0.6059081554412842], [0.9858694076538086, -0.006044214591383934, 0.051056765019893646, 0.15943069756031036], [0.997576117515564, 0.0006568009266629815, 0.007411673665046692, 0.06918493658304214], [0.996540904045105, 0.00389678031206131, -0.004368147347122431, 0.0828978568315506], [0.9954916834831238, 0.004187014419585466, -0.010259128175675869, 0.09419949352741241], [0.9987531304359436, -0.0440940298140049, -0.012920278124511242, 0.01951611414551735], [0.9843065142631531, -0.02412724494934082, 0.03192879632115364, -0.17186963558197021], [0.042116984724998474, -0.6182568669319153, 0.014182733371853828, -0.7847186326980591], [0.8767291307449341, 0.2253967672586441, 0.42261627316474915, -0.044020865112543106], [0.7380675673484802, -0.024366440251469612, -0.06042775139212608, -0.6715735197067261], [0.9863021373748779, 0.11289563030004501, -0.11759011447429657, -0.025204326957464218], [-0.028348200023174286, 0.6412082314491272, -0.005601172801107168, -0.7668226361274719], [0.857797384262085, -0.1922762542963028, -0.43625113368034363, -0.19208981096744537], [0.7063489556312561, 0.015528787858784199, 0.05496237799525261, -0.7055559158325195], [0.9633089303970337, -0.2601204514503479, 0.06605788320302963, 0.0031049340032041073]], "joint_names": ["Hips", "LeftUpLeg", "LeftLeg", "LeftFoot", "LeftToe", "RightUpLeg", "RightLeg", "RightFoot", "RightToe", "Spine", "Spine1", "Spine2", "Neck", "Head", "LeftShoulder", "LeftArm", "LeftForeArm", "LeftHand", "RightShoulder", "RightArm", "RightForeArm", "RightHand"]}