{"root_pos": [59.16435623168945, 79.28889465332031, -46.0612678527832], "local_quat": [[0.0021317896898835897, -0.7163066267967224, -0.6948857307434082, 0.06351332366466522], [0.10406693071126938, -0.33652937412261963, -0.935904860496521, -0.0003911408130079508], [0.863164484500885, -0.025858880952000618, 0.047590941190719604, -0.502009391784668], [0.7278639078140259, -0.059257011860609055, -0.0604291707277298, 0.6804785132408142], [0.972307562828064, -0.030608274042606354, -0.014056424610316753, 0.231265127658844], [0.184376522898674, 0.07891295105218887, 0.9782525300979614, 0.05291549861431122], [0.8717780113220215, -0.07662953436374664, -0.039606973528862, -0.4822472929954529], [0.7872776985168457, 0.036814384162425995, 0.1145106703042984, 0.6047527194023132], [0.9857128858566284, -0.0051903617568314075, 0.04830314591526985, 0.16127587854862213], [0.9971271753311157, 0.008895454928278923, 0.009333252906799316, 0.074640192091465], [0.9962688088417053, 0.019882535561919212, -0.0018253544112667441, 0.08396325260400772], [0.9954085350036621, 0.021014971658587456, -0.0079077472910285, 0.0930473655462265], [0.9983741641044617, -0.04844307899475098, -0.019345510751008987, 0.02297840639948845], [0.9858560562133789, -0.030524294823408127, 0.029999414458870888, -0.1620376855134964], [0.04392325133085251, -0.6222422122955322, 0.01857948489487171, -0.7813707590103149], [0.8626229763031006, 0.2777446508407593, 0.4226856529712677, 0.008743568323552608], [0.7491201162338257, -0.02437013015151024, -0.06048033758997917, -0.659217119216919], [0.9874105453491211, 0.11496536433696747, -0.10653771460056305, -0.0212852843105793], [-0.03613157942891121, 0.6490735411643982, 0.003670139703899622, -0.7598583102226257], [0.8652617931365967, -0.1450713872909546, -0.4308139681816101, -0.21136601269245148], [0.6689844131469727, 0.011118520051240921, 0.044620610773563385, -0.7418525815010071], [0.9593915939331055, -0.27533966302871704, 0.061124395579099655, -0.004450668580830097]], "joint_names": ["Hips", "LeftUpLeg", "LeftLeg", "LeftFoot", "LeftToe", "RightUpLeg", "RightLeg", "RightFoot", "RightToe", "Spine", "Spine1", "Spine2", "Neck", "Head", "LeftShoulder", "LeftArm", "LeftForeArm", "LeftHand", "RightShoulder", "RightArm", "RightForeArm", "RightHand"]}