{"root_pos": [62.452064514160156, 77.96541595458984, -51.46478271484375], "local_quat": [[0.0022464613430202007, -0.7202322483062744, -0.69077467918396, 0.06395945698022842], [0.09738221764564514, -0.32586297392845154, -0.9403418898582458, 0.009334640577435493], [0.8519583940505981, -0.02375127747654915, 0.047613538801670074, -0.5208989977836609], [0.7075844407081604, -0.0521341897547245, -0.05176301673054695, 0.702799379825592], [0.9719800353050232, -0.031570419669151306, -0.014482584781944752, 0.2324831485748291], [0.17983511090278625, 0.10277600586414337, 0.9769724011421204, 0.05119883641600609], [0.8205450773239136, -0.07915931940078735, -0.04801681637763977, -0.564033567905426], [0.7923328876495361, 0.0379364900290966, 0.11282146722078323, 0.5983649492263794], [0.9857907891273499, -0.005560256540775299, 0.04984492063522339, 0.16031590104103088], [0.9973692297935486, 0.004279024433344603, 0.009355097077786922, 0.07175496965646744], [0.996470034122467, 0.011554096825420856, -0.0019686047453433275, 0.08312682807445526], [0.9955236315727234, 0.012402973137795925, -0.008161427453160286, 0.09333952516317368], [0.9985004663467407, -0.04748743399977684, -0.016560479998588562, 0.021624360233545303], [0.9850800037384033, -0.02866402082145214, 0.031002314761281013, -0.1668374389410019], [0.04314902424812317, -0.6206246614456177, 0.016476813703775406, -0.7827462553977966], [0.868280827999115, 0.2567410469055176, 0.4242996573448181, -0.011926600709557533], [0.7445652484893799, -0.02442442812025547, -0.06052998825907707, -0.6643508672714233], [0.987145185470581, 0.1124710738658905, -0.11126749217510223, -0.0226762555539608], [-0.0321786142885685, 0.6448973417282104, -0.0012476341798901558, -0.763590395450592], [0.8608123064041138, -0.16802114248275757, -0.43621930480003357, -0.2012057900428772], [0.6854647994041443, 0.01283819880336523, 0.049146320670843124, -0.7263317108154297], [0.96135014295578, -0.2680126130580902, 0.0630444660782814, -0.0007676443783566356]], "joint_names": ["Hips", "LeftUpLeg", "LeftLeg", "LeftFoot", "LeftToe", "RightUpLeg", "RightLeg", "RightFoot", "RightToe", "Spine", "Spine1", "Spine2", "Neck", "Head", "LeftShoulder", "LeftArm", "LeftForeArm", "LeftHand", "RightShoulder", "RightArm", "RightForeArm", "RightHand"]}