{"root_pos": [52.74209976196289, 81.09903717041016, -36.29574203491211], "local_quat": [[0.00783795677125454, -0.7075097560882568, -0.7033125162124634, 0.06870197504758835], [0.11096885800361633, -0.3570888340473175, -0.9271400570869446, -0.024183349683880806], [0.8689447641372681, -0.027775542810559273, 0.04762567579746246, -0.4918285012245178], [0.7424063086509705, -0.06573457270860672, -0.06873751431703568, 0.6631644368171692], [0.9730185270309448, -0.028647156432271004, -0.013156292028725147, 0.22856323421001434], [0.18579347431659698, 0.029229549691081047, 0.9809259176254272, 0.04909919947385788], [0.9112479090690613, -0.06876768171787262, -0.03380496799945831, -0.4046671390533447], [0.7627968192100525, 0.028922684490680695, 0.0993489921092987, 0.6383057236671448], [0.9855454564094543, -0.004758267197757959, 0.04496977478265762, 0.16326427459716797], [0.9965513944625854, 0.010845274664461613, 0.009000775404274464, 0.08177191764116287], [0.9958204627037048, 0.022423848509788513, -0.00016291059728246182, 0.08853557705879211], [0.9951027035713196, 0.02410176210105419, -0.005370649974793196, 0.09571254998445511], [0.9987519383430481, -0.044352415949106216, -0.013359395787119865, 0.01868274435400963], [0.9875094294548035, -0.02475113980472088, 0.020204270258545876, -0.15428686141967773], [0.04212351143360138, -0.6223376989364624, 0.018753133714199066, -0.7813897132873535], [0.8631219267845154, 0.2748183608055115, 0.4236684739589691, -0.0005729432450607419], [0.7554723024368286, -0.024624094367027283, -0.062214870005846024, -0.6517549753189087], [0.9872042536735535, 0.12289223819971085, -0.09976023435592651, -0.01932019740343094], [-0.03771871700882912, 0.6506211757659912, 0.0072985123842954636, -0.7584300637245178], [0.8693262934684753, -0.1341264843940735, -0.42400062084198, -0.21565096080303192], [0.6761521697044373, 0.012203149497509003, 0.04481925070285797, -0.7352962493896484], [0.9581449627876282, -0.2797020673751831, 0.060869600623846054, -0.004468624480068684]], "joint_names": ["Hips", "LeftUpLeg", "LeftLeg", "LeftFoot", "LeftToe", "RightUpLeg", "RightLeg", "RightFoot", "RightToe", "Spine", "Spine1", "Spine2", "Neck", "Head", "LeftShoulder", "LeftArm", "LeftForeArm", "LeftHand", "RightShoulder", "RightArm", "RightForeArm", "RightHand"]}