{"root_pos": [85.50682830810547, 78.72994232177734, -84.70211029052734], "local_quat": [[-0.04914647713303566, -0.7617056965827942, -0.6432540416717529, 0.06011064350605011], [-0.07957804203033447, -0.07944171875715256, -0.9918134212493896, -0.060517746955156326], [0.9514181017875671, -0.015518326312303543, 0.0059013403952121735, -0.3074539303779602], [0.7284685373306274, -0.014118834398686886, -0.04662318900227547, 0.6833451390266418], [0.969939649105072, -0.03853469714522362, -0.017615782096982002, 0.23962843418121338], [-0.027946116402745247, 0.4817022383213043, 0.8755786418914795, -0.02332296222448349], [0.6446980834007263, -0.09107854217290878, -0.0608411505818367, -0.7565497159957886], [0.7813159823417664, 0.010655772872269154, 0.08244134485721588, 0.6185750961303711], [0.986229658126831, -0.007541439961642027, 0.058784566819667816, 0.154397115111351], [0.997404932975769, -0.029228562489151955, -0.0012657430488616228, 0.06578381359577179], [0.9946333765983582, -0.06048077717423439, -0.0032279849983751774, 0.08388099819421768], [0.993202805519104, -0.06425587832927704, -0.00552082946524024, 0.09689567238092422], [0.99879390001297, -0.018644824624061584, 0.04341847077012062, 0.01334440242499113], [0.9874878525733948, 0.021150212734937668, 0.013586132787168026, -0.15567870438098907], [0.028022952377796173, -0.6582960486412048, -0.011386200785636902, -0.7521511316299438], [0.92938631772995, 0.017694778740406036, 0.27780377864837646, -0.24239033460617065], [0.6338639855384827, -0.0188987348228693, -0.04271921515464783, -0.7720326781272888], [0.984210193157196, 0.142825186252594, -0.09374300390481949, -0.04629753157496452], [0.006455650553107262, 0.6500416398048401, -0.04025522246956825, -0.7588040828704834], [0.8846279978752136, -0.30894899368286133, -0.3449600636959076, -0.05464706942439079], [0.7278223037719727, 0.024638475850224495, 0.07523900270462036, -0.6811804175376892], [0.9803796410560608, -0.16237789392471313, 0.11168622970581055, -0.003926163539290428]], "joint_names": ["Hips", "LeftUpLeg", "LeftLeg", "LeftFoot", "LeftToe", "RightUpLeg", "RightLeg", "RightFoot", "RightToe", "Spine", "Spine1", "Spine2", "Neck", "Head", "LeftShoulder", "LeftArm", "LeftForeArm", "LeftHand", "RightShoulder", "RightArm", "RightForeArm", "RightHand"]}