{"root_pos": [76.98686981201172, 75.92073822021484, -75.27462005615234], "local_quat": [[-0.01848946139216423, -0.7431146502494812, -0.6654132008552551, 0.06829431653022766], [-0.02233867160975933, -0.15668992698192596, -0.9871219992637634, -0.023225070908665657], [0.8998883366584778, -0.011935326270759106, 0.02059846930205822, -0.4354701638221741], [0.6539792418479919, -0.0026398454792797565, -0.015349484980106354, 0.7563522458076477], [0.9707334041595459, -0.035505522042512894, -0.016154898330569267, 0.23697048425674438], [0.06876524537801743, 0.4146481156349182, 0.9067339301109314, 0.03423280268907547], [0.5912862420082092, -0.08894843608140945, -0.06504236161708832, -0.7988981604576111], [0.7654129862785339, 0.0057914480566978455, 0.0700688585639, 0.6396872401237488], [0.9861488938331604, -0.007309519220143557, 0.05502355098724365, 0.1562986522912979], [0.9973606467247009, -0.016277572140097618, -0.0006579889450222254, 0.07075537741184235], [0.9952187538146973, -0.034854259341955185, -0.006637217942625284, 0.09099870175123215], [0.9939135909080505, -0.037912674248218536, -0.01092650555074215, 0.10285401344299316], [0.9993851780891418, -0.026175683364272118, 0.02328594960272312, 0.0013332234229892492], [0.9842298626899719, 0.004614606965333223, 0.025409728288650513, -0.1749992072582245], [0.029876481741666794, -0.6386863589286804, -0.004223939497023821, -0.7688753604888916], [0.9127450585365295, 0.0578790009021759, 0.34278610348701477, -0.2145790457725525], [0.6859422922134399, -0.02212207019329071, -0.05288197845220566, -0.7253945469856262], [0.9838607311248779, 0.1305861622095108, -0.11628420650959015, -0.03798989579081535], [-0.01014623511582613, 0.641999363899231, -0.023871513083577156, -0.7662663459777832], [0.8715570569038391, -0.2650618553161621, -0.38899970054626465, -0.1371486932039261], [0.7523929476737976, 0.02524919994175434, 0.07420911639928818, -0.654033899307251], [0.9740163683891296, -0.19926747679710388, 0.10753604024648666, 0.004533116240054369]], "joint_names": ["Hips", "LeftUpLeg", "LeftLeg", "LeftFoot", "LeftToe", "RightUpLeg", "RightLeg", "RightFoot", "RightToe", "Spine", "Spine1", "Spine2", "Neck", "Head", "LeftShoulder", "LeftArm", "LeftForeArm", "LeftHand", "RightShoulder", "RightArm", "RightForeArm", "RightHand"]}