{"root_pos": [101.1880874633789, 84.88651275634766, -99.35832214355469], "local_quat": [[-0.07725949585437775, -0.7838144302368164, -0.6138250827789307, 0.05370968207716942], [-0.11889845877885818, -0.020052839070558548, -0.9868201613426208, -0.10792156308889389], [0.9642254114151001, -0.02560395561158657, 0.004756022244691849, -0.2638014853000641], [0.8287272453308105, -0.03418455272912979, -0.07239177078008652, 0.5538970232009888], [0.9684059619903564, -0.044378168880939484, -0.019678080454468727, 0.24460862576961517], [-0.131928950548172, 0.4845980405807495, 0.8610769510269165, -0.07940976321697235], [0.8250185251235962, -0.08873636275529861, -0.041622839868068695, -0.5565409660339355], [0.8079242706298828, 0.016162686049938202, 0.10317111760377884, 0.5799593925476074], [0.986273467540741, -0.007809725124388933, 0.06601284444332123, 0.15114890038967133], [0.9975899457931519, -0.0431983582675457, 0.005164798814803362, 0.05404999852180481], [0.9944010972976685, -0.08319050073623657, 0.007471462246030569, 0.06473083794116974], [0.9930428266525269, -0.08639984577894211, 0.005609999410808086, 0.07980881631374359], [0.9970260262489319, -0.014843332581222057, 0.06902717798948288, 0.030890265479683876], [0.9932634234428406, 0.03797909989953041, -0.003490522038191557, -0.10942201316356659], [0.03182090446352959, -0.682270348072052, -0.013594677671790123, -0.7302805781364441], [0.9477409720420837, 0.001570697408169508, 0.20543497800827026, -0.24409237504005432], [0.5399652719497681, -0.010963252745568752, -0.01973160170018673, -0.8413845300674438], [0.9839729070663452, 0.16380763053894043, -0.03708147630095482, -0.05991059169173241], [0.025361116975545883, 0.6709994077682495, -0.06144092604517937, -0.7384725213050842], [0.9016117453575134, -0.3428584933280945, -0.26003581285476685, 0.04388267546892166], [0.6744141578674316, 0.019944200292229652, 0.0686081200838089, -0.7348881363868713], [0.988679051399231, -0.12465555220842361, 0.08197936415672302, -0.015942057594656944]], "joint_names": ["Hips", "LeftUpLeg", "LeftLeg", "LeftFoot", "LeftToe", "RightUpLeg", "RightLeg", "RightFoot", "RightToe", "Spine", "Spine1", "Spine2", "Neck", "Head", "LeftShoulder", "LeftArm", "LeftForeArm", "LeftHand", "RightShoulder", "RightArm", "RightForeArm", "RightHand"]}