{"root_pos": [73.53153228759766, 74.94091033935547, -70.62616729736328], "local_quat": [[-0.004961460363119841, -0.7358181476593018, -0.6734946966171265, 0.07037010043859482], [0.009220514446496964, -0.19539916515350342, -0.9806555509567261, -0.00699876481667161], [0.8668333888053894, -0.012602985836565495, 0.03066382184624672, -0.49749454855918884], [0.6428342461585999, -0.008157659322023392, -0.012757809832692146, 0.7658555507659912], [0.9710203409194946, -0.03441258892416954, -0.015664206817746162, 0.2359868884086609], [0.10449913144111633, 0.3542347550392151, 0.9279512166976929, 0.05004241317510605], [0.5967817306518555, -0.08662274479866028, -0.06626604497432709, -0.7949572205543518], [0.7623734474182129, 0.012585270218551159, 0.07577407360076904, 0.6425626277923584], [0.9860886931419373, -0.007104566320776939, 0.05373300239443779, 0.15713490545749664], [0.997414767742157, -0.011120381765067577, 0.0003481414751149714, 0.07099325209856033], [0.9955300688743591, -0.023552246391773224, -0.008066966198384762, 0.09110390394926071], [0.994266927242279, -0.025811070576310158, -0.013026771135628223, 0.10294388979673386], [0.9994065761566162, -0.03233611211180687, 0.011635495349764824, 0.002372180577367544], [0.9834132194519043, -0.005887255072593689, 0.03108815662562847, -0.1785985231399536], [0.03254895284771919, -0.6297791004180908, 0.00039967463817447424, -0.7760919332504272], [0.9055080413818359, 0.09812367707490921, 0.371109277009964, -0.18084479868412018], [0.7082002758979797, -0.02297271229326725, -0.05628656968474388, -0.7033892869949341], [0.9841737151145935, 0.12538553774356842, -0.1206020712852478, -0.03370139002799988], [-0.01619984395802021, 0.6393259763717651, -0.017845554277300835, -0.7685580253601074], [0.8648133277893066, -0.2469240427017212, -0.40588614344596863, -0.16242805123329163], [0.7495457530021667, 0.023444553837180138, 0.07031992822885513, -0.6577890515327454], [0.9712435603141785, -0.21762020885944366, 0.09635025262832642, 0.006629169452935457]], "joint_names": ["Hips", "LeftUpLeg", "LeftLeg", "LeftFoot", "LeftToe", "RightUpLeg", "RightLeg", "RightFoot", "RightToe", "Spine", "Spine1", "Spine2", "Neck", "Head", "LeftShoulder", "LeftArm", "LeftForeArm", "LeftHand", "RightShoulder", "RightArm", "RightForeArm", "RightHand"]}