{"root_pos": [96.35318756103516, 83.0728988647461, -94.43439483642578], "local_quat": [[-0.0697232037782669, -0.7763339877128601, -0.6239748001098633, 0.05567457526922226], [-0.10756275802850723, -0.03930257633328438, -0.9891918301582336, -0.09157030284404755], [0.9613915681838989, -0.022682230919599533, 0.0033042889554053545, -0.27422788739204407], [0.7962309718132019, -0.027874495834112167, -0.06604839861392975, 0.600730299949646], [0.968902587890625, -0.042414359748363495, -0.01900475285947323, 0.24303826689720154], [-0.1011737659573555, 0.48872631788253784, 0.8639643788337708, -0.06690249592065811], [0.7682933211326599, -0.09023455530405045, -0.04854566231369972, -0.631843626499176], [0.7979852557182312, 0.014781796373426914, 0.09698715060949326, 0.5946381092071533], [0.9862663149833679, -0.00770109286531806, 0.06358837336301804, 0.1522367298603058], [0.9974449276924133, -0.03925657644867897, 0.002661877078935504, 0.05962761119008064], [0.9943048357963562, -0.07739519327878952, 0.003788209054619074, 0.07316698133945465], [0.9929012656211853, -0.08073437958955765, 0.0019041431369259953, 0.08732356131076813], [0.9977688789367676, -0.015038804151117802, 0.060686562210321426, 0.023414550349116325], [0.9914984703063965, 0.03333134949207306, 0.0019725824240595102, -0.12576143443584442], [0.029140492901206017, -0.6746879816055298, -0.014389668591320515, -0.7373871207237244], [0.9405145049095154, 1.2209137821628246e-05, 0.22500763833522797, -0.25456637144088745], [0.5688406229019165, -0.013881372287869453, -0.027240168303251266, -0.8218793272972107], [0.9838188290596008, 0.16029144823551178, -0.056427761912345886, -0.056771691888570786], [0.019126012921333313, 0.6634946465492249, -0.05427999421954155, -0.7459642291069031], [0.8958773016929626, -0.33440136909484863, -0.29216182231903076, 0.014865454286336899], [0.694527268409729, 0.02186824008822441, 0.07143323868513107, -0.7155773639678955], [0.9861641526222229, -0.1363966315984726, 0.0934765487909317, -0.01176170352846384]], "joint_names": ["Hips", "LeftUpLeg", "LeftLeg", "LeftFoot", "LeftToe", "RightUpLeg", "RightLeg", "RightFoot", "RightToe", "Spine", "Spine1", "Spine2", "Neck", "Head", "LeftShoulder", "LeftArm", "LeftForeArm", "LeftHand", "RightShoulder", "RightArm", "RightForeArm", "RightHand"]}