{"root_pos": [90.82661437988281, 80.7044677734375, -89.19154357910156], "local_quat": [[-0.06020132824778557, -0.7688841223716736, -0.6338570713996887, 0.05846661701798439], [-0.09659942984580994, -0.05733155831694603, -0.9906256198883057, -0.07773398607969284], [0.95942223072052, -0.019999682903289795, 0.004823141731321812, -0.2812218964099884], [0.7626447677612305, -0.02279643528163433, -0.05851799249649048, 0.6437615156173706], [0.9694460034370422, -0.04034172371029854, -0.018341418355703354, 0.241268590092659], [-0.06647438555955887, 0.49113765358924866, 0.867176353931427, -0.04868350550532341], [0.7040734887123108, -0.09083588421344757, -0.055495552718639374, -0.7021037340164185], [0.7871015071868896, 0.013041547499597073, 0.08993952721357346, 0.6100917458534241], [0.986251175403595, -0.0076018585823476315, 0.06106200069189072, 0.1533697098493576], [0.9974371790885925, -0.034129224717617035, 0.00011366185935912654, 0.06288313865661621], [0.9945003986358643, -0.069070003926754, -0.0003409588825888932, 0.07872778177261353], [0.9930655360221863, -0.07272730767726898, -0.002274671569466591, 0.09233759343624115], [0.9983738660812378, -0.01675286702811718, 0.051650140434503555, 0.017354227602481842], [0.9896630048751831, 0.027109600603580475, 0.008423293940722942, -0.14057478308677673], [0.028445478528738022, -0.6670840382575989, -0.013152445666491985, -0.7443229556083679], [0.9356766939163208, 0.008607451803982258, 0.2482706904411316, -0.2505929172039032], [0.6013688445091248, -0.016469914466142654, -0.03508516028523445, -0.7980308532714844], [0.9841171503067017, 0.15209153294563293, -0.07556183636188507, -0.05169081315398216], [0.012810450047254562, 0.6571130752563477, -0.04705619812011719, -0.7522127032279968], [0.8918694853782654, -0.32142898440361023, -0.3176099359989166, -0.019396603107452393], [0.7103733420372009, 0.02327904850244522, 0.0734655112028122, -0.699593186378479], [0.983490526676178, -0.14807094633579254, 0.10371082276105881, -0.008088018745183945]], "joint_names": ["Hips", "LeftUpLeg", "LeftLeg", "LeftFoot", "LeftToe", "RightUpLeg", "RightLeg", "RightFoot", "RightToe", "Spine", "Spine1", "Spine2", "Neck", "Head", "LeftShoulder", "LeftArm", "LeftForeArm", "LeftHand", "RightShoulder", "RightArm", "RightForeArm", "RightHand"]}