{"root_pos": [70.80551147460938, 75.02262878417969, -66.18263244628906], "local_quat": [[0.002141446340829134, -0.7316362261772156, -0.6782742738723755, 0.06817498058080673], [0.04033849760890007, -0.230229914188385, -0.9722779393196106, 0.006527394521981478], [0.8499614000320435, -0.015939928591251373, 0.03830889239907265, -0.5252084732055664], [0.6529268026351929, -0.018033938482403755, -0.016466543078422546, 0.7570271492004395], [0.9712369441986084, -0.03370016813278198, -0.015344462357461452, 0.23521822690963745], [0.12782146036624908, 0.28429529070854187, 0.9486133456230164, 0.05450334772467613], [0.6230178475379944, -0.08431236445903778, -0.06652447581291199, -0.7747997045516968], [0.7686612010002136, 0.024699414148926735, 0.08927082270383835, 0.6329144239425659], [0.9860146045684814, -0.006837121210992336, 0.052894625812768936, 0.15789443254470825], [0.9975701570510864, -0.0067497482523322105, 0.0016355031402781606, 0.06932230293750763], [0.9960010051727295, -0.01358549389988184, -0.009155260398983955, 0.08782636374235153], [0.9947851300239563, -0.014961494132876396, -0.014415588229894638, 0.09985411167144775], [0.9992737770080566, -0.03707875311374664, 0.0009651200962252915, 0.008729508146643639], [0.9832744002342224, -0.013757050037384033, 0.033846210688352585, -0.17842797935009003], [0.03605581447482109, -0.6232070922851562, 0.005431224126368761, -0.7812063097953796], [0.8966284990310669, 0.14472533762454987, 0.3963033854961395, -0.13437050580978394], [0.7232469916343689, -0.02320445515215397, -0.05819147825241089, -0.6877419948577881], [0.9848160147666931, 0.11943541467189789, -0.12240608781576157, -0.02982083149254322], [-0.02058863639831543, 0.6387064456939697, -0.013545064255595207, -0.7690557241439819], [0.8601298928260803, -0.23156806826591492, -0.41955336928367615, -0.17472194135189056], [0.7374095916748047, 0.020800085738301277, 0.06500378251075745, -0.6719889044761658], [0.9680033326148987, -0.2363744080066681, 0.08401811867952347, 0.0061262184754014015]], "joint_names": ["Hips", "LeftUpLeg", "LeftLeg", "LeftFoot", "LeftToe", "RightUpLeg", "RightLeg", "RightFoot", "RightToe", "Spine", "Spine1", "Spine2", "Neck", "Head", "LeftShoulder", "LeftArm", "LeftForeArm", "LeftHand", "RightShoulder", "RightArm", "RightForeArm", "RightHand"]}