{"root_pos": [105.7347412109375, 85.34685516357422, -104.0136947631836], "local_quat": [[-0.08787139505147934, -0.7886418104171753, -0.6064269542694092, 0.05068616941571236], [-0.1284874826669693, 0.004868736956268549, -0.9832201600074768, -0.1294039934873581], [0.965919554233551, -0.026909133419394493, 0.0067505971528589725, -0.25735124945640564], [0.8522561192512512, -0.03757626190781593, -0.07537863403558731, 0.5162999033927917], [0.9679396152496338, -0.04613012075424194, -0.02039947174489498, 0.24606658518314362], [-0.1571427434682846, 0.4734465777873993, 0.863351583480835, -0.07601692527532578], [0.8598214983940125, -0.08772659301757812, -0.03509632498025894, -0.5017760396003723], [0.8090741634368896, 0.020056962966918945, 0.11478247493505478, 0.5760396718978882], [0.9862775206565857, -0.00789452064782381, 0.06840738654136658, 0.1500493735074997], [0.9978209137916565, -0.0444248728454113, 0.006841854192316532, 0.04830193519592285], [0.9948316216468811, -0.08396489918231964, 0.009622023440897465, 0.056278008967638016], [0.993519127368927, -0.08748487383127213, 0.007263998035341501, 0.07220429927110672], [0.996338427066803, -0.016846364364027977, 0.07485148310661316, 0.037723008543252945], [0.9947797656059265, 0.039011336863040924, -0.004066869150847197, -0.09420602023601532], [0.03638583794236183, -0.6910300254821777, -0.01084598246961832, -0.7218281626701355], [0.9573981165885925, 0.004614607430994511, 0.17651371657848358, -0.2284960150718689], [0.5143606662750244, -0.008836173452436924, -0.01380970235913992, -0.8574172854423523], [0.9842912554740906, 0.16495190560817719, -0.014210877008736134, -0.061316877603530884], [0.029753129929304123, 0.6808200478553772, -0.06656978279352188, -0.7288120985031128], [0.9117353558540344, -0.3414267897605896, -0.22153304517269135, 0.055583592504262924], [0.6547579169273376, 0.01815532147884369, 0.06638063490390778, -0.7526991367340088], [0.9913522005081177, -0.1123310923576355, 0.06533847749233246, -0.01826140657067299]], "joint_names": ["Hips", "LeftUpLeg", "LeftLeg", "LeftFoot", "LeftToe", "RightUpLeg", "RightLeg", "RightFoot", "RightToe", "Spine", "Spine1", "Spine2", "Neck", "Head", "LeftShoulder", "LeftArm", "LeftForeArm", "LeftHand", "RightShoulder", "RightArm", "RightForeArm", "RightHand"]}