{"root_pos": [80.98039245605469, 77.19963836669922, -80.16293334960938], "local_quat": [[-0.03465566784143448, -0.7522088885307312, -0.6549699306488037, 0.06320840865373611], [-0.05378355830907822, -0.11284544318914413, -0.9912319779396057, -0.04280503839254379], [0.9299507737159729, -0.012940959073603153, 0.012366614304482937, -0.36724814772605896], [0.6895414590835571, -0.007635284680873156, -0.031297266483306885, 0.7235293984413147], [0.9703694581985474, -0.03693365305662155, -0.01688041351735592, 0.23818907141685486], [0.01890072412788868, 0.4571298062801361, 0.889175534248352, 0.006484656129032373], [0.6053209900856018, -0.08992236107587814, -0.06410979479551315, -0.7882832288742065], [0.7738864421844482, 0.006124001462012529, 0.07234800606966019, 0.6291487216949463], [0.986196756362915, -0.007454860955476761, 0.056768521666526794, 0.15536314249038696], [0.997367799282074, -0.023588355630636215, -0.0008534849621355534, 0.06855940073728561], [0.9948764443397522, -0.04942155256867409, -0.004223158583045006, 0.08809354901313782], [0.993497371673584, -0.05298368260264397, -0.007454333361238241, 0.10049914568662643], [0.9991441369056702, -0.020910456776618958, 0.03495796397328377, 0.007197070401161909], [0.9855989813804626, 0.01495315507054329, 0.017945293337106705, -0.16747817397117615], [0.028353454545140266, -0.6483311653137207, -0.008527873083949089, -0.7607825398445129], [0.9204854965209961, 0.030173897743225098, 0.3118404746055603, -0.23356269299983978], [0.6614214181900024, -0.02091159112751484, -0.048828572034835815, -0.7481310963630676], [0.984144389629364, 0.13503101468086243, -0.10721519589424133, -0.04161021485924721], [-0.0013365161139518023, 0.6443279981613159, -0.032470520585775375, -0.7640584707260132], [0.8767947554588318, -0.29101961851119995, -0.3709152042865753, -0.09465914964675903], [0.7445229291915894, 0.02573065459728241, 0.07614056020975113, -0.6627414226531982], [0.9771187901496887, -0.18053950369358063, 0.11244432628154755, 0.0007993354229256511]], "joint_names": ["Hips", "LeftUpLeg", "LeftLeg", "LeftFoot", "LeftToe", "RightUpLeg", "RightLeg", "RightFoot", "RightToe", "Spine", "Spine1", "Spine2", "Neck", "Head", "LeftShoulder", "LeftArm", "LeftForeArm", "LeftHand", "RightShoulder", "RightArm", "RightForeArm", "RightHand"]}