{"root_pos": [-96.62626647949219, 86.36461639404297, 65.20726776123047], "local_quat": [[-0.0870625376701355, -0.7187076210975647, -0.6856259107589722, -0.0761350765824318], [0.1349220722913742, -0.28682661056518555, -0.944580614566803, 0.08540482819080353], [0.9756349325180054, -0.09922332316637039, 0.05043360963463783, -0.18907052278518677], [0.7940773367881775, -0.07186144590377808, 0.024151938036084175, 0.6030703186988831], [0.9825242757797241, -4.88342993776314e-06, 2.6715215426520444e-05, 0.1861344277858734], [0.1293935924768448, 0.018710043281316757, 0.9912888407707214, 0.01592751033604145], [0.9666715860366821, -0.08415713906288147, -0.0035113971680402756, -0.24176698923110962], [0.6808854937553406, 0.01785430498421192, 0.11755003035068512, 0.7226743102073669], [0.9825242757797241, 5.032170520280488e-06, -2.656269134604372e-05, 0.18613436818122864], [0.9970252513885498, 0.004023464396595955, 0.005428090691566467, 0.07677871733903885], [0.9977095127105713, 0.00850459560751915, 0.010491889901459217, 0.0662820115685463], [0.9978896975517273, 0.008470368571579456, 0.010518375784158707, 0.06351207941770554], [0.9937637448310852, -0.077992744743824, 0.07950293272733688, 0.0054769255220890045], [0.9978051781654358, -0.03318873047828674, -0.034480150789022446, -0.045764435082674026], [-0.01413672138005495, -0.6316344141960144, 0.0025341829750686884, -0.7751333117485046], [0.8284366130828857, 0.3097982704639435, 0.4510791003704071, -0.11935411393642426], [0.9692418575286865, -0.014358905144035816, -0.09792265295982361, -0.22533340752124786], [0.9917649626731873, 0.09133052825927734, -0.00356637523509562, 0.08971219509840012], [-0.018254265189170837, 0.6273701190948486, 0.0025534050073474646, -0.7785030603408813], [0.8716500997543335, -0.07645977288484573, -0.3105311691761017, -0.37141671776771545], [0.9134423732757568, 0.031055277213454247, 0.10437333583831787, -0.3921285569667816], [0.9368779063224792, -0.3327721357345581, 0.06572481989860535, 0.08486878126859665]], "joint_names": ["Hips", "LeftUpLeg", "LeftLeg", "LeftFoot", "LeftToe", "RightUpLeg", "RightLeg", "RightFoot", "RightToe", "Spine", "Spine1", "Spine2", "Neck", "Head", "LeftShoulder", "LeftArm", "LeftForeArm", "LeftHand", "RightShoulder", "RightArm", "RightForeArm", "RightHand"]}