{"root_pos": [105.96244812011719, 85.18212127685547, -103.93547058105469], "local_quat": [[-0.0794847309589386, -0.7888239622116089, -0.6057539582252502, 0.06709008663892746], [-0.13426464796066284, 0.01407332718372345, -0.9839494228363037, -0.11669837683439255], [0.966421365737915, 0.062074773013591766, 0.04313748702406883, -0.24559225142002106], [0.8898465037345886, -0.03737935796380043, -0.1070869117975235, 0.44193699955940247], [0.9825242757797241, -4.789569175045472e-06, 2.6688587240641937e-05, 0.18613450229167938], [-0.15450578927993774, 0.4597070515155792, 0.8645830750465393, -0.13150446116924286], [0.8728130459785461, -0.1034185066819191, 0.07499570399522781, -0.4710388779640198], [0.7780404686927795, 0.06656514108181, 0.23641405999660492, 0.5782131552696228], [0.9825242757797241, 5.02495367982192e-06, -2.6430830985191278e-05, 0.18613435328006744], [0.9968755841255188, -0.037885189056396484, 0.007049498148262501, 0.0689496099948883], [0.9957453012466431, -0.07500846683979034, 0.017349228262901306, 0.050635926425457], [0.9958820343017578, -0.07506465166807175, 0.01710323616862297, 0.04787178337574005], [0.9576241374015808, -0.03825373202562332, 0.282609224319458, -0.04030756652355194], [0.9911770820617676, 0.1027975007891655, -0.08346238732337952, 0.005889242980629206], [-0.06300806999206543, -0.7227470874786377, -0.051001641899347305, -0.6863420605659485], [0.9670767188072205, -0.015614358708262444, 0.14374089241027832, -0.20942142605781555], [0.4705425500869751, 0.03138132393360138, -0.01946321129798889, -0.8816042542457581], [0.9771767854690552, 0.14933158457279205, -0.14532285928726196, -0.04131457582116127], [0.013226301409304142, 0.6554028987884521, -0.03652256354689598, -0.7542799115180969], [0.8879188895225525, -0.41029179096221924, -0.14917677640914917, 0.14493781328201294], [0.6163275837898254, -0.00777160981670022, 0.027241334319114685, -0.7869802117347717], [0.9873826503753662, -0.10151038318872452, 0.06770008057355881, 0.10093466192483902]], "joint_names": ["Hips", "LeftUpLeg", "LeftLeg", "LeftFoot", "LeftToe", "RightUpLeg", "RightLeg", "RightFoot", "RightToe", "Spine", "Spine1", "Spine2", "Neck", "Head", "LeftShoulder", "LeftArm", "LeftForeArm", "LeftHand", "RightShoulder", "RightArm", "RightForeArm", "RightHand"]}