{"root_pos": [4.676637649536133, 90.81419372558594, -42.15829849243164], "local_quat": [[-0.028441475704312325, 0.7301805019378662, 0.6824725866317749, 0.016084587201476097], [0.005458463914692402, -0.03792910650372505, -0.9992442727088928, 0.006520427763462067], [0.9896510243415833, 0.04445701092481613, 0.0031425009947270155, -0.13639801740646362], [0.7657151222229004, -0.010029925964772701, -0.07107675075531006, 0.6391618251800537], [0.9825404286384583, 0.0006446251063607633, 0.0016164591070264578, 0.1860411912202835], [0.017506835982203484, 0.03775477781891823, 0.998089611530304, -0.04566482454538345], [0.9728283882141113, 0.07068037986755371, -0.059923361986875534, -0.21217522025108337], [0.7193452715873718, 0.09392355382442474, 0.03557383641600609, 0.6873538494110107], [0.9824855923652649, -0.0004951378796249628, -0.0031766840256750584, 0.18631045520305634], [0.9976781606674194, 0.008740630932152271, -0.005232255440205336, 0.06733908504247665], [0.9991819858551025, 0.012400485575199127, -0.00645496416836977, 0.03794576972723007], [0.999322772026062, 0.013055495917797089, -0.007834774442017078, 0.03349846601486206], [0.9897727966308594, 0.018746348097920418, -0.12874019145965576, -0.05851762741804123], [0.993969202041626, -0.05489892140030861, 0.07065349817276001, 0.06339889764785767], [0.014166119508445263, -0.5833027958869934, 0.035097021609544754, -0.8113725781440735], [0.8770831227302551, 0.184970885515213, 0.4158594012260437, -0.15353113412857056], [0.9567812085151672, -0.018085842952132225, -0.09450194984674454, -0.27443039417266846], [0.9472239017486572, 0.29699811339378357, -0.09904835373163223, 0.06890900433063507], [-0.0038420900236815214, 0.6192703247070312, -0.014485089108347893, -0.7850348353385925], [0.8363437652587891, -0.320962518453598, -0.3889349400997162, -0.21503905951976776], [0.9257446527481079, 0.021858524531126022, 0.10203063488006592, -0.3634677529335022], [0.9875332713127136, -0.15065670013427734, 0.03804250806570053, 0.02516816556453705]], "joint_names": ["Hips", "LeftUpLeg", "LeftLeg", "LeftFoot", "LeftToe", "RightUpLeg", "RightLeg", "RightFoot", "RightToe", "Spine", "Spine1", "Spine2", "Neck", "Head", "LeftShoulder", "LeftArm", "LeftForeArm", "LeftHand", "RightShoulder", "RightArm", "RightForeArm", "RightHand"]}