{"root_pos": [3.294246196746826, 91.09483337402344, -42.6593017578125], "local_quat": [[-0.05252708122134209, 0.7319841384887695, 0.6792724132537842, -0.005403692368417978], [-0.0020017835777252913, -0.08646639436483383, -0.9962496757507324, 0.002491967286914587], [0.9881149530410767, 0.03567410260438919, 0.017247391864657402, -0.1485220491886139], [0.764354407787323, -0.01101602241396904, -0.05243196710944176, 0.6425665616989136], [0.9825253486633301, 0.00013402769400272518, 0.0003213323652744293, 0.18612858653068542], [0.005243945866823196, 0.030581561848521233, 0.9973946213722229, -0.06512495130300522], [0.9829912185668945, 0.0828043669462204, -0.06174711883068085, -0.1518518328666687], [0.7235310077667236, 0.08745957911014557, 0.015944357961416245, 0.684543251991272], [0.9825311899185181, -0.00010450695117469877, -0.0005243155756033957, 0.18609735369682312], [0.9983838200569153, 0.005485106725245714, -0.0006716097705066204, 0.056562185287475586], [0.9996456503868103, 0.01031755842268467, -0.0015778261004015803, 0.024486161768436432], [0.9997099041938782, 0.010573905892670155, -0.0019129365682601929, 0.02155555970966816], [0.9898985624313354, 0.01636384427547455, -0.13188436627388, -0.049393121153116226], [0.9931137561798096, -0.05677672475576401, 0.0715336948633194, 0.07337770611047745], [0.019214235246181488, -0.5812656283378601, 0.040960267186164856, -0.8124551773071289], [0.880348265171051, 0.15709584951400757, 0.41798049211502075, -0.16000030934810638], [0.950504720211029, -0.01934772916138172, -0.0939781591296196, -0.29552435874938965], [0.9464724659919739, 0.29790735244750977, -0.10600721836090088, 0.06483481079339981], [-0.0006390652852132916, 0.6159090995788574, -0.018168874084949493, -0.7876074314117432], [0.8259568214416504, -0.36784785985946655, -0.3824103772640228, -0.19038249552249908], [0.9480462670326233, 0.022235333919525146, 0.1060154065489769, -0.2991231679916382], [0.9893213510513306, -0.1400422304868698, 0.012939170934259892, 0.03826158493757248]], "joint_names": ["Hips", "LeftUpLeg", "LeftLeg", "LeftFoot", "LeftToe", "RightUpLeg", "RightLeg", "RightFoot", "RightToe", "Spine", "Spine1", "Spine2", "Neck", "Head", "LeftShoulder", "LeftArm", "LeftForeArm", "LeftHand", "RightShoulder", "RightArm", "RightForeArm", "RightHand"]}