{"root_pos": [4.62254524230957, 91.06851959228516, -43.11166000366211], "local_quat": [[-0.04527917876839638, 0.7323221564292908, 0.6794512867927551, -0.00010182034020544961], [0.0016827801009640098, -0.07032231241464615, -0.9975206851959229, 0.002097010612487793], [0.9884349703788757, 0.0401478074491024, 0.010765076614916325, -0.145837664604187], [0.7641274333000183, -0.010367903858423233, -0.060706231743097305, 0.6421187520027161], [0.9824772477149963, 0.00017738026508595794, 0.0010747830383479595, 0.18637973070144653], [0.011308119632303715, 0.03043852001428604, 0.997766375541687, -0.05837763845920563], [0.9803318381309509, 0.08019934594631195, -0.06138555333018303, -0.1695563793182373], [0.722430408000946, 0.09209471195936203, 0.023730900138616562, 0.6848721504211426], [0.9825339317321777, -0.0004727468185592443, -0.001655822736211121, 0.18607600033283234], [0.9980563521385193, 0.007207158952951431, -0.003566411091014743, 0.06179649382829666], [0.9994496703147888, 0.011357583105564117, -0.005366310477256775, 0.030701637268066406], [0.9995396733283997, 0.011889873072504997, -0.006289257667958736, 0.027191489934921265], [0.9897779822349548, 0.01761653833091259, -0.13129910826683044, -0.052818264812231064], [0.9933407306671143, -0.05621528625488281, 0.07248076796531677, 0.06971760094165802], [0.016440125182271004, -0.583550214767456, 0.037989500910043716, -0.8110213875770569], [0.8809216618537903, 0.16605989634990692, 0.41384249925613403, -0.15854190289974213], [0.9511454105377197, -0.018846342340111732, -0.09395818412303925, -0.2934946119785309], [0.9460539221763611, 0.2999379336833954, -0.1043541356921196, 0.06425945460796356], [-0.0023301115725189447, 0.6180275082588196, -0.016231711953878403, -0.7859854698181152], [0.8299292325973511, -0.3479660749435425, -0.386623740196228, -0.20164138078689575], [0.9375429749488831, 0.021834198385477066, 0.10368020087480545, -0.33134105801582336], [0.988797664642334, -0.14378027617931366, 0.024761177599430084, 0.03151701018214226]], "joint_names": ["Hips", "LeftUpLeg", "LeftLeg", "LeftFoot", "LeftToe", "RightUpLeg", "RightLeg", "RightFoot", "RightToe", "Spine", "Spine1", "Spine2", "Neck", "Head", "LeftShoulder", "LeftArm", "LeftForeArm", "LeftHand", "RightShoulder", "RightArm", "RightForeArm", "RightHand"]}