{"root_pos": [4.483270645141602, 90.99708557128906, -43.32661056518555], "local_quat": [[-0.042253706604242325, 0.731602132320404, 0.6804149150848389, 0.0029330302495509386], [0.0027698082849383354, -0.06019115447998047, -0.9981805086135864, 0.0022433169651776552], [0.9887145161628723, 0.04204916954040527, 0.007768641225993633, -0.14357931911945343], [0.7644152641296387, -0.009703311137855053, -0.06417914479970932, 0.6414484977722168], [0.9824895858764648, 0.00027450534980744123, 0.0012806056765839458, 0.1863127499818802], [0.012738978490233421, 0.029945258051156998, 0.9979798197746277, -0.054565660655498505], [0.9786585569381714, 0.07830999791622162, -0.0618639700114727, -0.17963209748268127], [0.7228764295578003, 0.09555947035551071, 0.029209185391664505, 0.6837140321731567], [0.9825233817100525, -0.0005286957020871341, -0.0021249649580568075, 0.18612654507160187], [0.9979347586631775, 0.00751595851033926, -0.004085685592144728, 0.06366447359323502], [0.9993687272071838, 0.011320453137159348, -0.005771225318312645, 0.033176638185977936], [0.9994748830795288, 0.011889793910086155, -0.006868356838822365, 0.02934870310127735], [0.9898080229759216, 0.017699891701340675, -0.13033218681812286, -0.05459265783429146], [0.9935377836227417, -0.05599161237478256, 0.07199448347091675, 0.06756024807691574], [0.015567916445434093, -0.5837487578392029, 0.03682733327150345, -0.8109492659568787], [0.8786487579345703, 0.17510585486888885, 0.4157554507255554, -0.15640294551849365], [0.9527002573013306, -0.018543360754847527, -0.09389550238847733, -0.2884475588798523], [0.9463784098625183, 0.29962384700775146, -0.10156618803739548, 0.06540375202894211], [-0.002850916935130954, 0.6180518865585327, -0.015744023025035858, -0.7859745025634766], [0.8313489556312561, -0.33891651034355164, -0.3889808654785156, -0.2066117823123932], [0.9327031373977661, 0.021818915382027626, 0.1030108705163002, -0.3449312150478363], [0.9884268641471863, -0.14592474699020386, 0.029681023210287094, 0.028937239199876785]], "joint_names": ["Hips", "LeftUpLeg", "LeftLeg", "LeftFoot", "LeftToe", "RightUpLeg", "RightLeg", "RightFoot", "RightToe", "Spine", "Spine1", "Spine2", "Neck", "Head", "LeftShoulder", "LeftArm", "LeftForeArm", "LeftHand", "RightShoulder", "RightArm", "RightForeArm", "RightHand"]}