{"root_pos": [4.550701141357422, 91.10697174072266, -42.82161331176758], "local_quat": [[-0.05037279799580574, 0.7322584986686707, 0.6791509985923767, -0.0037400738801807165], [-0.001103116199374199, -0.08292793482542038, -0.9965529441833496, 0.0019946498796343803], [0.9884869456291199, 0.03737160190939903, 0.014453098177909851, -0.14590418338775635], [0.765042245388031, -0.009148921817541122, -0.05297214537858963, 0.6417325735092163], [0.9824790954589844, 3.638674024841748e-05, 0.0006390592898242176, 0.18637165427207947], [0.005975811276584864, 0.03163182735443115, 0.997458279132843, -0.06356644630432129], [0.9821454882621765, 0.08226525038480759, -0.061437588185071945, -0.15763245522975922], [0.7222630381584167, 0.08782577514648438, 0.01708998717367649, 0.6858067512512207], [0.9825443625450134, -0.0003051471139770001, -0.0007730404613539577, 0.18602676689624786], [0.9982767105102539, 0.006395048927515745, -0.0015300156082957983, 0.05831289663910866], [0.9995840191841125, 0.011225925758481026, -0.0027016373351216316, 0.026429930701851845], [0.9996538162231445, 0.011627811007201672, -0.0033182832412421703, 0.023368598893284798], [0.9898045659065247, 0.016913926228880882, -0.13233254849910736, -0.049888335168361664], [0.9931222796440125, -0.056714847683906555, 0.07216891646385193, 0.07268574088811874], [0.01843765191733837, -0.5820661783218384, 0.04029218107461929, -0.8119332194328308], [0.8823185563087463, 0.1557905673980713, 0.41439613699913025, -0.15974731743335724], [0.9501509070396423, -0.019185632467269897, -0.09397614002227783, -0.29667091369628906], [0.9463738203048706, 0.2980479598045349, -0.10699806362390518, 0.06399504095315933], [-0.0014730104012414813, 0.6172208189964294, -0.017210107296705246, -0.7866003513336182], [0.8278365135192871, -0.36261558532714844, -0.38196903467178345, -0.19312280416488647], [0.9461023211479187, 0.021980494260787964, 0.10531260073184967, -0.305477499961853], [0.9893684983253479, -0.13970182836055756, 0.016826216131448746, 0.03674545884132385]], "joint_names": ["Hips", "LeftUpLeg", "LeftLeg", "LeftFoot", "LeftToe", "RightUpLeg", "RightLeg", "RightFoot", "RightToe", "Spine", "Spine1", "Spine2", "Neck", "Head", "LeftShoulder", "LeftArm", "LeftForeArm", "LeftHand", "RightShoulder", "RightArm", "RightForeArm", "RightHand"]}