{"root_pos": [4.7990264892578125, 90.56198120117188, -41.47127914428711], "local_quat": [[-0.013985125347971916, 0.7277293801307678, 0.6850745677947998, 0.029785925522446632], [0.012458008714020252, -0.028239712119102478, -0.9994469285011292, 0.012372550554573536], [0.9887800812721252, 0.04960084706544876, -0.0015624165534973145, -0.14089398086071014], [0.7635238170623779, -0.011593451723456383, -0.08380082994699478, 0.6402143239974976], [0.9826051592826843, 0.0009445750038139522, 0.001714632147923112, 0.18569619953632355], [0.025690307840704918, 0.060563474893569946, 0.9970346689224243, -0.03992348909378052], [0.9643427729606628, 0.06502825766801834, -0.06042870134115219, -0.24932432174682617], [0.7266430258750916, 0.0960637554526329, 0.043431930243968964, 0.678878128528595], [0.9824736714363098, -0.0003611306892707944, -0.004083919804543257, 0.18635645508766174], [0.997374951839447, 0.010364111512899399, -0.008378238417208195, 0.07117292284965515], [0.9989250302314758, 0.013758288696408272, -0.010593051090836525, 0.042978644371032715], [0.9991135597229004, 0.01402586791664362, -0.011583511717617512, 0.03796323388814926], [0.9894186854362488, 0.020147208124399185, -0.12970605492591858, -0.06181636452674866], [0.9942145347595215, -0.05424416437745094, 0.07223211973905563, 0.05811796709895134], [0.011760532855987549, -0.5856160521507263, 0.032049257308244705, -0.8098693490028381], [0.880664050579071, 0.18874739110469818, 0.4047549068927765, -0.15804652869701385], [0.9594524502754211, -0.01820763573050499, -0.09566548466682434, -0.26451390981674194], [0.9470056891441345, 0.2982940077781677, -0.09425126761198044, 0.07292167842388153], [-0.004949668422341347, 0.6221936345100403, -0.01286768913269043, -0.7827419638633728], [0.8389173746109009, -0.3076438307762146, -0.38867101073265076, -0.22473932802677155], [0.9179532527923584, 0.02139965444803238, 0.10025389492511749, -0.3832140564918518], [0.9863860607147217, -0.15764035284519196, 0.04193451255559921, 0.020820876583456993]], "joint_names": ["Hips", "LeftUpLeg", "LeftLeg", "LeftFoot", "LeftToe", "RightUpLeg", "RightLeg", "RightFoot", "RightToe", "Spine", "Spine1", "Spine2", "Neck", "Head", "LeftShoulder", "LeftArm", "LeftForeArm", "LeftHand", "RightShoulder", "RightArm", "RightForeArm", "RightHand"]}