{"root_pos": [4.689063549041748, 90.41127014160156, -40.737640380859375], "local_quat": [[-0.0052458178251981735, 0.7255274653434753, 0.6871464848518372, 0.03757862746715546], [0.01747433841228485, -0.027544129639863968, -0.9993552565574646, 0.015004008077085018], [0.9873073697090149, 0.051340073347091675, -0.0011911605251953006, -0.15028955042362213], [0.7635504603385925, -0.01785554364323616, -0.09544786810874939, 0.6384055614471436], [0.9826592803001404, 0.001077239983715117, 0.0016414871206507087, 0.1854102611541748], [0.033736083656549454, 0.07433050870895386, 0.9959923028945923, -0.03655447065830231], [0.9599554538726807, 0.06221036612987518, -0.05992700532078743, -0.26650357246398926], [0.7370607852935791, 0.0960010215640068, 0.046512421220541, 0.6673544049263], [0.9824721217155457, -0.0001987978903343901, -0.004521396476775408, 0.18635471165180206], [0.9972027540206909, 0.010846229270100594, -0.010718360543251038, 0.07317166775465012], [0.9987695813179016, 0.013797060586512089, -0.014100030064582825, 0.045499350875616074], [0.9989864230155945, 0.013704518787562847, -0.014513768255710602, 0.04034528508782387], [0.9893572330474854, 0.020959433168172836, -0.12935052812099457, -0.06325673311948776], [0.9943816065788269, -0.053453024476766586, 0.07309146225452423, 0.054823536425828934], [0.00989416241645813, -0.5886539220809937, 0.029701605439186096, -0.8077787756919861], [0.8841167688369751, 0.19040413200855255, 0.39557498693466187, -0.1600128710269928], [0.9605818390846252, -0.018228523433208466, -0.09619404375553131, -0.2601865231990814], [0.9470654129981995, 0.2984699010848999, -0.09069091081619263, 0.0758814886212349], [-0.005085848271846771, 0.6240566968917847, -0.012354196049273014, -0.7812648415565491], [0.8405818343162537, -0.30115610361099243, -0.3891824185848236, -0.22641587257385254], [0.9140464067459106, 0.020822495222091675, 0.09911169856786728, -0.3927624821662903], [0.9860979914665222, -0.1592438817024231, 0.04345310106873512, 0.01907772198319435]], "joint_names": ["Hips", "LeftUpLeg", "LeftLeg", "LeftFoot", "LeftToe", "RightUpLeg", "RightLeg", "RightFoot", "RightToe", "Spine", "Spine1", "Spine2", "Neck", "Head", "LeftShoulder", "LeftArm", "LeftForeArm", "LeftHand", "RightShoulder", "RightArm", "RightForeArm", "RightHand"]}