{"root_pos": [4.501338958740234, 90.92132568359375, -42.559783935546875], "local_quat": [[-0.034868787974119186, 0.7309456467628479, 0.6814743280410767, 0.00976253766566515], [0.002708153100684285, -0.04848581179976463, -0.9988120198249817, 0.0040389117784798145], [0.9893420934677124, 0.04276024550199509, 0.0056830355897545815, -0.1390736699104309], [0.765265941619873, -0.010861731134355068, -0.06828126311302185, 0.6399904489517212], [0.9825191497802734, 0.0004799380258191377, 0.001451450982131064, 0.18615522980690002], [0.016856098547577858, 0.03223200514912605, 0.9981611967086792, -0.048489488661289215], [0.9767941236495972, 0.07444747537374496, -0.060294345021247864, -0.19156038761138916], [0.7210359573364258, 0.09420578181743622, 0.03204032778739929, 0.6857156157493591], [0.9825009107589722, -0.000490912701934576, -0.0026922558899968863, 0.18623782694339752], [0.9977909922599792, 0.008077072910964489, -0.004701693542301655, 0.06577083468437195], [0.9992687702178955, 0.011803715489804745, -0.006165296770632267, 0.03584129735827446], [0.9993935823440552, 0.012445150874555111, -0.0074492343701422215, 0.031657811254262924], [0.989816427230835, 0.017945529893040657, -0.12915121018886566, -0.05710957571864128], [0.9937480688095093, -0.055696386843919754, 0.07131987065076828, 0.06539236754179001], [0.014726175926625729, -0.5837572813034058, 0.035861849784851074, -0.8110021352767944], [0.8773327469825745, 0.1815083622932434, 0.4165266454219818, -0.15442654490470886], [0.9549528956413269, -0.018226798623800278, -0.09406363219022751, -0.2808646261692047], [0.946929395198822, 0.2981005907058716, -0.09963096678256989, 0.06733880937099457], [-0.003360183211043477, 0.6184989213943481, -0.015093930996954441, -0.7856335043907166], [0.8342127799987793, -0.3286231458187103, -0.3894237279891968, -0.21081972122192383], [0.9287827610969543, 0.021856948733329773, 0.10247831046581268, -0.3555038869380951], [0.9880191683769226, -0.14802604913711548, 0.03433229774236679, 0.02697647176682949]], "joint_names": ["Hips", "LeftUpLeg", "LeftLeg", "LeftFoot", "LeftToe", "RightUpLeg", "RightLeg", "RightFoot", "RightToe", "Spine", "Spine1", "Spine2", "Neck", "Head", "LeftShoulder", "LeftArm", "LeftForeArm", "LeftHand", "RightShoulder", "RightArm", "RightForeArm", "RightHand"]}