{"root_pos": [4.707592010498047, 90.6970443725586, -41.899139404296875], "local_quat": [[-0.02167576737701893, 0.7292376160621643, 0.6835470795631409, 0.022494958713650703], [0.008481687866151333, -0.031012756749987602, -0.999440610408783, 0.009211556054651737], [0.9896789789199829, 0.04681333526968956, 0.0003813373332377523, -0.13543939590454102], [0.7647312879562378, -0.009079020470380783, -0.07482102513313293, 0.6399260759353638], [0.9825686812400818, 0.0008180460426956415, 0.0017132381908595562, 0.18589024245738983], [0.01979580707848072, 0.047395311295986176, 0.9977477192878723, -0.04314082860946655], [0.9683783054351807, 0.06748973578214645, -0.060178324580192566, -0.23252354562282562], [0.7203669548034668, 0.09509893506765366, 0.04003143683075905, 0.685875415802002], [0.982476532459259, -0.00045854010386392474, -0.0036550662480294704, 0.18635010719299316], [0.9975396394729614, 0.009630166925489902, -0.006384151056408882, 0.06914647668600082], [0.999065637588501, 0.013270311057567596, -0.007780250161886215, 0.040387965738773346], [0.9992284178733826, 0.013804091140627861, -0.009082273580133915, 0.03563108295202255], [0.9896097183227539, 0.019458934664726257, -0.12914252281188965, -0.06013348326086998], [0.9941033124923706, -0.054558031260967255, 0.07113475352525711, 0.06100749224424362], [0.013272729702293873, -0.5836201310157776, 0.03395967185497284, -0.8112077713012695], [0.8780792355537415, 0.18703800439834595, 0.4122360348701477, -0.15509666502475739], [0.9582053422927856, -0.018106697127223015, -0.09506027400493622, -0.26921769976615906], [0.9471520185470581, 0.2973555624485016, -0.0974777564406395, 0.07057583332061768], [-0.004465669393539429, 0.6204369068145752, -0.01364445686340332, -0.7841249108314514], [0.8373933434486389, -0.31480956077575684, -0.3887440860271454, -0.22033002972602844], [0.9222437143325806, 0.02173374406993389, 0.10129605978727341, -0.3724692761898041], [0.9869373440742493, -0.15429846942424774, 0.040162090212106705, 0.02310076355934143]], "joint_names": ["Hips", "LeftUpLeg", "LeftLeg", "LeftFoot", "LeftToe", "RightUpLeg", "RightLeg", "RightFoot", "RightToe", "Spine", "Spine1", "Spine2", "Neck", "Head", "LeftShoulder", "LeftArm", "LeftForeArm", "LeftHand", "RightShoulder", "RightArm", "RightForeArm", "RightHand"]}