{"root_pos": [4.297364234924316, 91.06913757324219, -43.255821228027344], "local_quat": [[-0.0483088456094265, 0.7325996160507202, 0.6789395809173584, -0.0022657138761132956], [0.0010303299641236663, -0.07682731747627258, -0.9970414042472839, 0.0022102424409240484], [0.9885014295578003, 0.03871581703424454, 0.012744133360683918, -0.14561478793621063], [0.7640591859817505, -0.009312154725193977, -0.056131649762392044, 0.642632246017456], [0.9824811220169067, 0.00012117757432861254, 0.0008338525076396763, 0.1863599717617035], [0.006829113233834505, 0.029283899813890457, 0.9975556135177612, -0.06307575106620789], [0.9811988472938538, 0.08149906247854233, -0.06167226657271385, -0.16371729969978333], [0.7230240106582642, 0.09055405855178833, 0.020748332142829895, 0.6845478415489197], [0.9825412034988403, -0.0003845327883027494, -0.0012196592288091779, 0.18604061007499695], [0.998176097869873, 0.006911186967045069, -0.002676227828487754, 0.05991486459970474], [0.9995206594467163, 0.011471576057374477, -0.004362940322607756, 0.028422534465789795], [0.999599814414978, 0.011906175874173641, -0.005075322464108467, 0.02515666000545025], [0.9897773265838623, 0.017454760149121284, -0.1321418136358261, -0.05074293538928032], [0.9932119846343994, -0.056331291794776917, 0.07257511466741562, 0.07134135812520981], [0.017512246966362, -0.5827128291130066, 0.0391949824988842, -0.8115434646606445], [0.882283627986908, 0.1593630611896515, 0.41336941719055176, -0.15907438099384308], [0.9503466486930847, -0.019074929878115654, -0.09407661110162735, -0.2960183918476105], [0.9460353851318359, 0.29939350485801697, -0.10630285739898682, 0.06387603282928467], [-0.0019077117322012782, 0.6177541017532349, -0.016709543764591217, -0.786191463470459], [0.8286466002464294, -0.357147216796875, -0.3834911286830902, -0.19678710401058197], [0.9424896240234375, 0.021871309727430344, 0.10461506992578506, -0.31668713688850403], [0.9891757369041443, -0.1412370204925537, 0.01996736414730549, 0.034421492367982864]], "joint_names": ["Hips", "LeftUpLeg", "LeftLeg", "LeftFoot", "LeftToe", "RightUpLeg", "RightLeg", "RightFoot", "RightToe", "Spine", "Spine1", "Spine2", "Neck", "Head", "LeftShoulder", "LeftArm", "LeftForeArm", "LeftHand", "RightShoulder", "RightArm", "RightForeArm", "RightHand"]}