{"root_pos": [1.3558764457702637, 84.64691162109375, -23.905696868896484], "local_quat": [[0.05941810458898544, 0.7091701626777649, 0.6969903111457825, 0.0880436897277832], [0.10319830477237701, -0.10562498867511749, -0.9890363812446594, 0.0007122415699996054], [0.9617488384246826, 0.05711833015084267, 0.01961594820022583, -0.26719269156455994], [0.7640833258628845, -0.061743274331092834, -0.1582609862089157, 0.6223487257957458], [0.9832911491394043, 0.004271260462701321, -0.00022777194681111723, 0.18198935687541962], [0.09038028866052628, 0.2326381653547287, 0.9664055109024048, -0.06141093745827675], [0.8433367609977722, 0.014719747938215733, -0.04537510499358177, -0.5352638959884644], [0.7276840209960938, 0.08239496499300003, 0.08898349851369858, 0.6751066446304321], [0.9823482632637024, 0.002239606576040387, -0.008193965069949627, 0.18686804175376892], [0.9950982332229614, 0.01644001342356205, -0.016000958159565926, 0.0961933508515358], [0.9963147640228271, 0.02170083299279213, -0.022016311064362526, 0.0800076574087143], [0.9969344139099121, 0.018497738987207413, -0.01683671399950981, 0.07413593679666519], [0.991547703742981, 0.0302460715174675, -0.10873687267303467, -0.06398854404687881], [0.9968259334564209, -0.038319915533065796, 0.06474301964044571, 0.026038721203804016], [-0.002420376054942608, -0.6125531792640686, 0.012784669175744057, -0.7903223037719727], [0.9239006638526917, 0.13620570302009583, 0.3196451663970947, -0.1602577120065689], [0.9417670369148254, -0.020656943321228027, -0.09777108579874039, -0.3210747539997101], [0.9469161629676819, 0.2989582121372223, -0.08991362899541855, 0.07674214988946915], [-0.008459130302071571, 0.6470397710800171, -0.004366419278085232, -0.7623968124389648], [0.875520646572113, -0.22391270101070404, -0.35142576694488525, -0.24459479749202728], [0.8775513768196106, 0.02072315290570259, 0.09592405706644058, -0.46933215856552124], [0.9824019074440002, -0.17553509771823883, 0.06375910341739655, 0.0029478936921805143]], "joint_names": ["Hips", "LeftUpLeg", "LeftLeg", "LeftFoot", "LeftToe", "RightUpLeg", "RightLeg", "RightFoot", "RightToe", "Spine", "Spine1", "Spine2", "Neck", "Head", "LeftShoulder", "LeftArm", "LeftForeArm", "LeftHand", "RightShoulder", "RightArm", "RightForeArm", "RightHand"]}