{"root_pos": [3.350402355194092, 88.89063262939453, -33.39359664916992], "local_quat": [[0.0350005216896534, 0.7180546522140503, 0.6917290687561035, 0.06843540817499161], [0.051853664219379425, -0.04221687465906143, -0.9976891875267029, 0.012047702446579933], [0.9812532663345337, 0.052487846463918686, 0.007895579561591148, -0.18526911735534668], [0.7703562378883362, -0.0469202883541584, -0.1358240693807602, 0.6212098002433777], [0.9829889535903931, 0.002450085012242198, 0.0010356227867305279, 0.183645561337471], [0.07035479694604874, 0.15280191600322723, 0.984978437423706, -0.0389772467315197], [0.9152461886405945, 0.038834698498249054, -0.052148692309856415, -0.3976140320301056], [0.755721926689148, 0.09126996248960495, 0.0708242654800415, 0.6446223855018616], [0.9824104905128479, 0.0008874301565811038, -0.006676113232970238, 0.18661241233348846], [0.9962618947029114, 0.013082989491522312, -0.01608569733798504, 0.08385902643203735], [0.9978134632110596, 0.01538336556404829, -0.021856434643268585, 0.06044742092490196], [0.9982097744941711, 0.013564244844019413, -0.01929275318980217, 0.054964061826467514], [0.9904969930648804, 0.02741996943950653, -0.1178271695971489, -0.06542655825614929], [0.9959386587142944, -0.043643511831760406, 0.06880299001932144, 0.038308341056108475], [0.0013083831872791052, -0.6013305187225342, 0.018617501482367516, -0.7987823486328125], [0.9050449728965759, 0.17326746881008148, 0.3500971794128418, -0.16823771595954895], [0.9565139412879944, -0.018988093361258507, -0.0978916808962822, -0.2741127610206604], [0.9472628831863403, 0.29716014862060547, -0.08855065703392029, 0.08091749995946884], [-0.006843505892902613, 0.6352891325950623, -0.008139415644109249, -0.7722011804580688], [0.8554787635803223, -0.2663716971874237, -0.37731727957725525, -0.23416633903980255], [0.8978785872459412, 0.01983669027686119, 0.09652437269687653, -0.4290730357170105], [0.9846950769424438, -0.16452446579933167, 0.056383099406957626, 0.011326716281473637]], "joint_names": ["Hips", "LeftUpLeg", "LeftLeg", "LeftFoot", "LeftToe", "RightUpLeg", "RightLeg", "RightFoot", "RightToe", "Spine", "Spine1", "Spine2", "Neck", "Head", "LeftShoulder", "LeftArm", "LeftForeArm", "LeftHand", "RightShoulder", "RightArm", "RightForeArm", "RightHand"]}