{"root_pos": [1.9957356452941895, 86.69464874267578, -27.625259399414062], "local_quat": [[0.05118061229586601, 0.7131734490394592, 0.6945266723632812, 0.07998056709766388], [0.08492493629455566, -0.08150880038738251, -0.9930423498153687, 0.003313553985208273], [0.9720546007156372, 0.05631819739937782, 0.012599369511008263, -0.22755087912082672], [0.7677181363105774, -0.05587925389409065, -0.15262635052204132, 0.6198318600654602], [0.9831926822662354, 0.0035749587696045637, 0.00027453151415102184, 0.18253563344478607], [0.08613890409469604, 0.20454268157482147, 0.9733326435089111, -0.0580168291926384], [0.8690366148948669, 0.023217732086777687, -0.04841882362961769, -0.4918251037597656], [0.7417164444923401, 0.08817470818758011, 0.08580797165632248, 0.6593322157859802], [0.9823633432388306, 0.0017411995213478804, -0.007723703980445862, 0.1868142932653427], [0.9955390095710754, 0.015130340121686459, -0.01655747927725315, 0.09164567291736603], [0.996924638748169, 0.018840128555893898, -0.022760745137929916, 0.07258257269859314], [0.9974641799926758, 0.016062051057815552, -0.018397923558950424, 0.0668492317199707], [0.9912241697311401, 0.030054504051804543, -0.11172408610582352, -0.06394560635089874], [0.9965675473213196, -0.039265599101781845, 0.065992072224617, 0.030924910679459572], [-0.0020605241879820824, -0.6089353561401367, 0.01380980759859085, -0.7930969595909119], [0.9181221127510071, 0.15006095170974731, 0.32618677616119385, -0.16773688793182373], [0.9472722411155701, -0.01994967833161354, -0.09793567657470703, -0.3044435977935791], [0.9474413990974426, 0.2974332273006439, -0.08770544826984406, 0.07871511578559875], [-0.008104036562144756, 0.6435293555259705, -0.0054417867213487625, -0.7653592228889465], [0.8683167099952698, -0.23928581178188324, -0.3614858388900757, -0.24103190004825592], [0.8837342858314514, 0.020284710451960564, 0.0956418588757515, -0.45766231417655945], [0.9831441044807434, -0.1725197285413742, 0.06029815971851349, 0.005367036443203688]], "joint_names": ["Hips", "LeftUpLeg", "LeftLeg", "LeftFoot", "LeftToe", "RightUpLeg", "RightLeg", "RightFoot", "RightToe", "Spine", "Spine1", "Spine2", "Neck", "Head", "LeftShoulder", "LeftArm", "LeftForeArm", "LeftHand", "RightShoulder", "RightArm", "RightForeArm", "RightHand"]}