{"root_pos": [0.7468103766441345, 82.1877670288086, -19.988853454589844], "local_quat": [[0.06740354746580124, 0.704472005367279, 0.699640691280365, 0.09838087111711502], [0.1229223906993866, -0.13474535942077637, -0.9832260608673096, -0.0005464839050546288], [0.9457549452781677, 0.056445274502038956, 0.03012717328965664, -0.31851816177368164], [0.7591953873634338, -0.06769821047782898, -0.15897156298160553, 0.6275087594985962], [0.9833788275718689, 0.005014157388359308, -0.0007456828025169671, 0.18149493634700775], [0.09288285672664642, 0.26442816853523254, 0.9581993222236633, -0.057486020028591156], [0.8192055225372314, 0.0070676603354513645, -0.042342931032180786, -0.5718911290168762], [0.7100945115089417, 0.07414895296096802, 0.08754348009824753, 0.6946969032287598], [0.9823441505432129, 0.002734603825956583, -0.008642289787530899, 0.18686336278915405], [0.9946738481521606, 0.01767086051404476, -0.01482655294239521, 0.1004580482840538], [0.9956738352775574, 0.024847866967320442, -0.020356740802526474, 0.0871879830956459], [0.9963523149490356, 0.02141755074262619, -0.014629343524575233, 0.08129772543907166], [0.9917296171188354, 0.029422909021377563, -0.1068858951330185, -0.06466817110776901], [0.9970043897628784, -0.03871241584420204, 0.06387728452682495, 0.02008284255862236], [-0.0018089296063408256, -0.6147902607917786, 0.01267542876303196, -0.7885866761207581], [0.9281541109085083, 0.12082142382860184, 0.3188799321651459, -0.14915643632411957], [0.9373326897621155, -0.02142752707004547, -0.09783052653074265, -0.33373260498046875], [0.9461355805397034, 0.30015018582344055, -0.09571833163499832, 0.07466762512922287], [-0.008895100094377995, 0.6494918465614319, -0.003447223687544465, -0.7603086829185486], [0.8822883367538452, -0.206048384308815, -0.33932310342788696, -0.2529253661632538], [0.873175859451294, 0.021740419790148735, 0.09745349735021591, -0.4770681858062744], [0.9813337326049805, -0.17928947508335114, 0.06955841183662415, 0.001000609016045928]], "joint_names": ["Hips", "LeftUpLeg", "LeftLeg", "LeftFoot", "LeftToe", "RightUpLeg", "RightLeg", "RightFoot", "RightToe", "Spine", "Spine1", "Spine2", "Neck", "Head", "LeftShoulder", "LeftArm", "LeftForeArm", "LeftHand", "RightShoulder", "RightArm", "RightForeArm", "RightHand"]}