{"root_pos": [2.723970413208008, 88.01789093017578, -30.825300216674805], "local_quat": [[0.04284123331308365, 0.7160259485244751, 0.6927919983863831, 0.07423415035009384], [0.06781867891550064, -0.061834607273340225, -0.9957507848739624, 0.007592789828777313], [0.977353036403656, 0.0547187440097332, 0.009241546504199505, -0.20420947670936584], [0.7686355710029602, -0.05107899010181427, -0.14470387995243073, 0.6210080981254578], [0.9830880761146545, 0.0029617028776556253, 0.0007143117836676538, 0.18310798704624176], [0.07879379391670227, 0.17954857647418976, 0.979341983795166, -0.04942755773663521], [0.8931569457054138, 0.031501077115535736, -0.050991494208574295, -0.4457333981990814], [0.7513312697410583, 0.09150993824005127, 0.07977527379989624, 0.6486625671386719], [0.9823885560035706, 0.0012625348754227161, -0.007204714231193066, 0.18670588731765747], [0.9959322810173035, 0.013972724787890911, -0.016549238935112953, 0.0874621644616127], [0.9974213242530823, 0.016719212755560875, -0.022671956568956375, 0.06600919365882874], [0.9978809952735901, 0.014436441473662853, -0.019236193969845772, 0.060457684099674225], [0.9908419251441956, 0.029147464781999588, -0.11489903181791306, -0.06466037034988403], [0.9962772727012634, -0.04104197770357132, 0.06741194427013397, 0.03468174859881401], [-0.0006889846990816295, -0.6048671007156372, 0.01584547571837902, -0.7961685061454773], [0.9119728207588196, 0.16119059920310974, 0.3366360366344452, -0.17029200494289398], [0.9523537158966064, -0.019476519897580147, -0.0981474369764328, -0.2881147563457489], [0.9475057721138, 0.29670828580856323, -0.08821935951709747, 0.08008920401334763], [-0.007578062359243631, 0.6392031908035278, -0.006660724990069866, -0.7689717411994934], [0.861064612865448, -0.25403255224227905, -0.3704923391342163, -0.2382659912109375], [0.8913536071777344, 0.02007632702589035, 0.09611763805150986, -0.4425460696220398], [0.9839527606964111, -0.16843181848526, 0.05828118324279785, 0.008427751250565052]], "joint_names": ["Hips", "LeftUpLeg", "LeftLeg", "LeftFoot", "LeftToe", "RightUpLeg", "RightLeg", "RightFoot", "RightToe", "Spine", "Spine1", "Spine2", "Neck", "Head", "LeftShoulder", "LeftArm", "LeftForeArm", "LeftHand", "RightShoulder", "RightArm", "RightForeArm", "RightHand"]}