{"root_pos": [3.8715567588806152, 89.52688598632812, -36.05891418457031], "local_quat": [[0.02614029124379158, 0.719995379447937, 0.690703272819519, 0.062066733837127686], [0.039365995675325394, -0.028273656964302063, -0.9987037777900696, 0.015543036162853241], [0.9839390516281128, 0.05105296149849892, 0.006294574588537216, -0.17093317210674286], [0.7706100344657898, -0.04106207191944122, -0.12581580877304077, 0.623413622379303], [0.9828879833221436, 0.001954569946974516, 0.0012758243829011917, 0.18418921530246735], [0.061637032777071, 0.12754730880260468, 0.9894110560417175, -0.03159760311245918], [0.9333932995796204, 0.046241458505392075, -0.05399487540125847, -0.3517431616783142], [0.7573497295379639, 0.09214205294847488, 0.06267218291759491, 0.6434310674667358], [0.9824366569519043, 0.0005448817973956466, -0.006092003546655178, 0.18649612367153168], [0.9965617060661316, 0.012158659286797047, -0.015218463726341724, 0.08053211867809296], [0.9981483817100525, 0.014134738594293594, -0.020507685840129852, 0.05549314245581627], [0.99848872423172, 0.012779654003679752, -0.018768541514873505, 0.050048261880874634], [0.990118682384491, 0.02551806904375553, -0.12108160555362701, -0.06597693264484406], [0.9955494403839111, -0.04651736468076706, 0.07013417780399323, 0.04240935295820236], [0.0035322834737598896, -0.598056972026825, 0.021516649052500725, -0.8011569380760193], [0.8981663584709167, 0.18389786779880524, 0.3638952672481537, -0.1644962579011917], [0.9595563411712646, -0.01858280599117279, -0.0974932461977005, -0.263441264629364], [0.9470377564430237, 0.29790547490119934, -0.0883297398686409, 0.08105415105819702], [-0.00598143832758069, 0.6315515041351318, -0.009847678244113922, -0.7752482891082764], [0.850584864616394, -0.27755558490753174, -0.3828582167625427, -0.22997362911701202], [0.9034077525138855, 0.019705424085259438, 0.09703614562749863, -0.417193204164505], [0.9853368997573853, -0.1614885926246643, 0.05322272330522537, 0.014140146784484386]], "joint_names": ["Hips", "LeftUpLeg", "LeftLeg", "LeftFoot", "LeftToe", "RightUpLeg", "RightLeg", "RightFoot", "RightToe", "Spine", "Spine1", "Spine2", "Neck", "Head", "LeftShoulder", "LeftArm", "LeftForeArm", "LeftHand", "RightShoulder", "RightArm", "RightForeArm", "RightHand"]}