{"root_pos": [-0.03276944160461426, 79.6081771850586, -15.728935241699219], "local_quat": [[0.07687393575906754, 0.7000905275344849, 0.7012653350830078, 0.11041077971458435], [0.14416621625423431, -0.16315117478370667, -0.9760098457336426, -0.0015921996673569083], [0.9280292987823486, 0.05413668602705002, 0.040727850049734116, -0.36629512906074524], [0.756857693195343, -0.0712796151638031, -0.15324373543262482, 0.6313493847846985], [0.983469545841217, 0.005800330080091953, -0.0013190853642299771, 0.18097592890262604], [0.09297187626361847, 0.2906404733657837, 0.9509177803993225, -0.051379088312387466], [0.7988593578338623, 0.0006177120958454907, -0.039446644484996796, -0.6002227067947388], [0.6930054426193237, 0.06490400433540344, 0.08276698738336563, 0.7132184505462646], [0.9823343753814697, 0.0032999382819980383, -0.00911632925271988, 0.1868831366300583], [0.9943739175796509, 0.018322570249438286, -0.012889464385807514, 0.10353054106235504], [0.9951638579368591, 0.027428725734353065, -0.017488231882452965, 0.09268578141927719], [0.9958608746528625, 0.024074072018265724, -0.01147524081170559, 0.0868898332118988], [0.9920289516448975, 0.027026508003473282, -0.10501110553741455, -0.06419271230697632], [0.9971404671669006, -0.040614016354084015, 0.062432192265987396, 0.012787733227014542], [-0.0004591610049828887, -0.6155263185501099, 0.013362639583647251, -0.7880029082298279], [0.9291428923606873, 0.10923539847135544, 0.32734304666519165, -0.1326940357685089], [0.9352730512619019, -0.021937815472483635, -0.09780316054821014, -0.3394373059272766], [0.9453796148300171, 0.3005198836326599, -0.10287338495254517, 0.07322706282138824], [-0.008480168879032135, 0.6510419249534607, -0.003991559147834778, -0.7589839696884155], [0.8892514109611511, -0.181901752948761, -0.3259756863117218, -0.26435500383377075], [0.8680227994918823, 0.02303607016801834, 0.09950337558984756, -0.4859062135219574], [0.9796314835548401, -0.1845366358757019, 0.0791621208190918, -0.0013353608082979918]], "joint_names": ["Hips", "LeftUpLeg", "LeftLeg", "LeftFoot", "LeftToe", "RightUpLeg", "RightLeg", "RightFoot", "RightToe", "Spine", "Spine1", "Spine2", "Neck", "Head", "LeftShoulder", "LeftArm", "LeftForeArm", "LeftHand", "RightShoulder", "RightArm", "RightForeArm", "RightHand"]}