{"root_pos": [-0.7593809962272644, 77.26180267333984, -11.702438354492188], "local_quat": [[0.08621013164520264, 0.6965582966804504, 0.7014192938804626, 0.12403742223978043], [0.16680322587490082, -0.19014595448970795, -0.9674794673919678, -0.0021480093710124493], [0.9078731536865234, 0.05081634595990181, 0.049740586429834366, -0.41317063570022583], [0.7580063343048096, -0.07026264816522598, -0.14000476896762848, 0.6331572532653809], [0.9835449457168579, 0.0065213837660849094, -0.0019530366407707334, 0.180535227060318], [0.0873752236366272, 0.3052098751068115, 0.9471015930175781, -0.04702179878950119], [0.786206841468811, -0.0030943818856030703, -0.038330771028995514, -0.6167656183242798], [0.6766401529312134, 0.05941049009561539, 0.07839593291282654, 0.729714035987854], [0.9823260307312012, 0.0038983153644949198, -0.009491700679063797, 0.1868964433670044], [0.9942116737365723, 0.0177998635917902, -0.009585872292518616, 0.1055186316370964], [0.9948626756668091, 0.028399374336004257, -0.012347903102636337, 0.09638112783432007], [0.9955253601074219, 0.025584068149328232, -0.006341370288282633, 0.09074446558952332], [0.9923935532569885, 0.02271014265716076, -0.10294985771179199, -0.06356493383646011], [0.9971922039985657, -0.04431916028261185, 0.060175418853759766, 0.004731231834739447], [0.0010700339917093515, -0.6150714159011841, 0.01425110548734665, -0.7883418798446655], [0.9274515509605408, 0.10013850778341293, 0.3416248857975006, -0.1144474595785141], [0.9346535801887512, -0.022619394585490227, -0.09804563969373703, -0.34102514386177063], [0.9447463750839233, 0.29981717467308044, -0.11148584634065628, 0.07165899127721786], [-0.007016692776232958, 0.6516755223274231, -0.006206593941897154, -0.7584399580955505], [0.8955398797988892, -0.15592700242996216, -0.3132747411727905, -0.27487099170684814], [0.8622248768806458, 0.024425100535154343, 0.10169319063425064, -0.49561089277267456], [0.977284848690033, -0.19228003919124603, 0.08904309570789337, -0.003745344001799822]], "joint_names": ["Hips", "LeftUpLeg", "LeftLeg", "LeftFoot", "LeftToe", "RightUpLeg", "RightLeg", "RightFoot", "RightToe", "Spine", "Spine1", "Spine2", "Neck", "Head", "LeftShoulder", "LeftArm", "LeftForeArm", "LeftHand", "RightShoulder", "RightArm", "RightForeArm", "RightHand"]}