{"root_pos": [4.275285720825195, 89.95010375976562, -38.2269401550293], "local_quat": [[0.015717722475528717, 0.7215564250946045, 0.6900479793548584, 0.05424906685948372], [0.030616354197263718, -0.02558054029941559, -0.9990649819374084, 0.016655229032039642], [0.9852868914604187, 0.05115002021193504, 0.0036490829661488533, -0.16303391754627228], [0.7681540250778198, -0.03354661166667938, -0.1160779669880867, 0.628760576248169], [0.9827974438667297, 0.0015398592222481966, 0.0014449876034632325, 0.18467509746551514], [0.05231086164712906, 0.10608477890491486, 0.992526113986969, -0.030026201158761978], [0.9459762573242188, 0.05287735536694527, -0.05633671209216118, -0.31489524245262146], [0.754997968673706, 0.09416892379522324, 0.05656564608216286, 0.6464601159095764], [0.9824584722518921, 0.0002372963645029813, -0.005507040303200483, 0.18639984726905823], [0.9968118071556091, 0.011583274230360985, -0.014043869450688362, 0.07768459618091583], [0.9984031915664673, 0.013691621832549572, -0.018848830834031105, 0.051462605595588684], [0.9986950755119324, 0.01278569083660841, -0.017870357260107994, 0.046102337539196014], [0.9897287487983704, 0.023812253028154373, -0.12457849085330963, -0.06595537811517715], [0.9951254725456238, -0.04926690459251404, 0.0716090127825737, 0.046584825962781906], [0.005796583369374275, -0.5950080156326294, 0.024475736543536186, -0.8033260703086853], [0.892530620098114, 0.18958768248558044, 0.375870019197464, -0.16176317632198334], [0.9610856175422668, -0.018308795988559723, -0.09704038500785828, -0.2579971253871918], [0.9470332264900208, 0.2982318103313446, -0.08791008591651917, 0.08036000281572342], [-0.00544903427362442, 0.6283999681472778, -0.011069736443459988, -0.7777925729751587], [0.8460725545883179, -0.2876932621002197, -0.3868922293186188, -0.2273944467306137], [0.9079153537750244, 0.019781652837991714, 0.097549669444561, -0.4071638286113739], [0.9858043789863586, -0.15962070226669312, 0.04940662905573845, 0.016431991010904312]], "joint_names": ["Hips", "LeftUpLeg", "LeftLeg", "LeftFoot", "LeftToe", "RightUpLeg", "RightLeg", "RightFoot", "RightToe", "Spine", "Spine1", "Spine2", "Neck", "Head", "LeftShoulder", "LeftArm", "LeftForeArm", "LeftHand", "RightShoulder", "RightArm", "RightForeArm", "RightHand"]}