{"root_pos": [4.511757850646973, 90.23274993896484, -39.6894416809082], "local_quat": [[0.004808452446013689, 0.7233046889305115, 0.6889920234680176, 0.04579504206776619], [0.023503445088863373, -0.027158457785844803, -0.9992245435714722, 0.016138192266225815], [0.9861481785774231, 0.05160410329699516, 0.000873655779287219, -0.15763239562511444], [0.7652959227561951, -0.02551489882171154, -0.10615302622318268, 0.6343520879745483], [0.9827236533164978, 0.0012596335727721453, 0.0015545733040198684, 0.18506793677806854], [0.042714573442935944, 0.08871572464704514, 0.9946043491363525, -0.03266861289739609], [0.9543702602386475, 0.058233872056007385, -0.05847533419728279, -0.28699636459350586], [0.7475793361663818, 0.095630943775177, 0.051234081387519836, 0.655251681804657], [0.9824686646461487, -4.393272320157848e-06, -0.004988654516637325, 0.18636080622673035], [0.9970196485519409, 0.011216042563319206, -0.012567281723022461, 0.07528654485940933], [0.9986010193824768, 0.01372862420976162, -0.01679195836186409, 0.048225026577711105], [0.9988518953323364, 0.013249500654637814, -0.016525739803910255, 0.042966488748788834], [0.9894495606422424, 0.022267011925578117, -0.1275702267885208, -0.06495831906795502], [0.9947090744972229, -0.05167573690414429, 0.07276366651058197, 0.05088143050670624], [0.007904710248112679, -0.5919574499130249, 0.027212904766201973, -0.805470883846283], [0.8880433440208435, 0.1910141110420227, 0.38608020544052124, -0.1607317179441452], [0.9612830281257629, -0.01821363903582096, -0.0966157615184784, -0.25742679834365845], [0.9471006393432617, 0.29832375049591064, -0.08846776932477951, 0.07859213650226593], [-0.005209310911595821, 0.6260291934013367, -0.011808037757873535, -0.7796927690505981], [0.8428366780281067, -0.2952246367931366, -0.38880428671836853, -0.22649513185024261], [0.9111723899841309, 0.02018594928085804, 0.09820152074098587, -0.3996421992778778], [0.9860232472419739, -0.15913808345794678, 0.04595493525266647, 0.017926448956131935]], "joint_names": ["Hips", "LeftUpLeg", "LeftLeg", "LeftFoot", "LeftToe", "RightUpLeg", "RightLeg", "RightFoot", "RightToe", "Spine", "Spine1", "Spine2", "Neck", "Head", "LeftShoulder", "LeftArm", "LeftForeArm", "LeftHand", "RightShoulder", "RightArm", "RightForeArm", "RightHand"]}