{"root_pos": [2.231593132019043, 76.87828826904297, 14.756696701049805], "local_quat": [[0.1635146290063858, 0.687997579574585, 0.6766706109046936, 0.2050347626209259], [0.21876050531864166, -0.3148043155670166, -0.9229032397270203, -0.03593891113996506], [0.7197182774543762, 0.02660319209098816, 0.07936549931764603, -0.6892017126083374], [0.7794227004051208, -0.0492006316781044, -0.05651460215449333, 0.6220012307167053], [0.9836431741714478, 0.010009421966969967, -0.0063468413427472115, 0.17973792552947998], [-0.020920230075716972, 0.2568589150905609, 0.9660147428512573, -0.02003507874906063], [0.8541886210441589, -0.006388808600604534, -0.026622474193572998, -0.5192420482635498], [0.6667742729187012, 0.04114704951643944, 0.05720190703868866, 0.741921067237854], [0.9821425676345825, 0.007990418002009392, -0.01074745412915945, 0.1876608431339264], [0.9935958385467529, 0.01268727146089077, 0.014776532538235188, 0.11130109429359436], [0.9937116503715515, 0.03524322807788849, 0.024224357679486275, 0.10348056256771088], [0.994088888168335, 0.040429748594760895, 0.023706695064902306, 0.09793253988027573], [0.9935781955718994, -0.0020580908749252558, -0.07651319354772568, -0.08332924544811249], [0.9978311657905579, -0.05859002470970154, 0.02764756605029106, -0.011653806082904339], [0.01023953128606081, -0.5964816808700562, 0.01801718957722187, -0.8023591637611389], [0.8782814145088196, 0.2052454948425293, 0.43170663714408875, -0.011191649362444878], [0.9347073435783386, -0.027648618444800377, -0.09176742285490036, -0.34225213527679443], [0.9269009232521057, 0.35832351446151733, -0.09853313863277435, 0.05244335159659386], [0.001168293645605445, 0.666782557964325, -0.020500771701335907, -0.7449693083763123], [0.9052463173866272, -0.07911793887615204, -0.27995502948760986, -0.30966848134994507], [0.8059672713279724, 0.028900794684886932, 0.09671530872583389, -0.5832903981208801], [0.9584996700286865, -0.26793843507766724, 0.09572452306747437, -0.018007883802056313]], "joint_names": ["Hips", "LeftUpLeg", "LeftLeg", "LeftFoot", "LeftToe", "RightUpLeg", "RightLeg", "RightFoot", "RightToe", "Spine", "Spine1", "Spine2", "Neck", "Head", "LeftShoulder", "LeftArm", "LeftForeArm", "LeftHand", "RightShoulder", "RightArm", "RightForeArm", "RightHand"]}