{"root_pos": [1.7276532649993896, 75.06819915771484, 11.475592613220215], "local_quat": [[0.15259821712970734, 0.6885063648223877, 0.6805881261825562, 0.19867706298828125], [0.2341301143169403, -0.2818209230899811, -0.9299497008323669, -0.03088151104748249], [0.7096907496452332, 0.024669846519827843, 0.08841567486524582, -0.6985077261924744], [0.7693237066268921, -0.0548129640519619, -0.05630309879779816, 0.6340084075927734], [0.9836239814758301, 0.009641294367611408, -0.005780092440545559, 0.17988170683383942], [-0.011577602475881577, 0.28384578227996826, 0.958325207233429, -0.030172672122716904], [0.8313770294189453, -0.007229271810501814, -0.029277253895998, -0.554889976978302], [0.6486003398895264, 0.038429949432611465, 0.05326049029827118, 0.7582902312278748], [0.9821916818618774, 0.007356786169111729, -0.010592585429549217, 0.18743804097175598], [0.9937333464622498, 0.011449102312326431, 0.012988995760679245, 0.1104278564453125], [0.993864119052887, 0.031086787581443787, 0.022384703159332275, 0.10376254469156265], [0.994208812713623, 0.03541300818324089, 0.023120149970054626, 0.0987931340932846], [0.9935360550880432, 0.0020515071228146553, -0.08025476336479187, -0.08025588095188141], [0.9979225397109985, -0.05554863438010216, 0.029864951968193054, -0.013156222179532051], [0.008985285647213459, -0.6006370782852173, 0.01766214519739151, -0.7992761731147766], [0.8861953616142273, 0.1750381588935852, 0.4279187023639679, -0.030083371326327324], [0.938969075679779, -0.027847783640027046, -0.0951463058590889, -0.3294067680835724], [0.9314588904380798, 0.34165558218955994, -0.11118656396865845, 0.05738646909594536], [0.0003161636705044657, 0.661299467086792, -0.01907956600189209, -0.7498793005943298], [0.905809760093689, -0.07327423989772797, -0.2825719714164734, -0.3070709705352783], [0.8210222125053406, 0.030022885650396347, 0.10170280188322067, -0.5609613656997681], [0.9609202146530151, -0.25624600052833557, 0.10365565121173859, -0.015026797540485859]], "joint_names": ["Hips", "LeftUpLeg", "LeftLeg", "LeftFoot", "LeftToe", "RightUpLeg", "RightLeg", "RightFoot", "RightToe", "Spine", "Spine1", "Spine2", "Neck", "Head", "LeftShoulder", "LeftArm", "LeftForeArm", "LeftHand", "RightShoulder", "RightArm", "RightForeArm", "RightHand"]}