{"root_pos": [1.4288055896759033, 74.05523681640625, 7.930122375488281], "local_quat": [[0.1425185352563858, 0.6888558864593506, 0.6848138570785522, 0.19025221467018127], [0.2383996844291687, -0.2628229558467865, -0.9345548152923584, -0.026400724425911903], [0.7373596429824829, 0.026206795126199722, 0.08833568543195724, -0.6691867113113403], [0.7615171074867249, -0.056093696504831314, -0.06002335995435715, 0.6429170966148376], [0.9836105108261108, 0.009265192784368992, -0.005195770412683487, 0.17999348044395447], [0.002708382671698928, 0.3082754909992218, 0.9506226181983948, -0.035714149475097656], [0.810533344745636, -0.007878339849412441, -0.03194651007652283, -0.5847675204277039], [0.6387099027633667, 0.03727325052022934, 0.051069226115942, 0.766845703125], [0.9822378158569336, 0.006764539983123541, -0.010450047440826893, 0.18722662329673767], [0.9937524795532227, 0.012362845242023468, 0.011019662953913212, 0.11037135869264603], [0.9938697218894958, 0.03050028346478939, 0.020378800109028816, 0.10429492592811584], [0.9942353367805481, 0.03361331671476364, 0.0221484936773777, 0.09937615692615509], [0.9933091402053833, 0.004719780758023262, -0.0842389464378357, -0.07885783165693283], [0.9978020191192627, -0.0546565018594265, 0.03444512188434601, -0.01474044844508171], [0.008020564913749695, -0.604162335395813, 0.017978867515921593, -0.7966180443763733], [0.8929761648178101, 0.14711377024650574, 0.42308318614959717, -0.04417901858687401], [0.9418110847473145, -0.027611415833234787, -0.09750229120254517, -0.32050418853759766], [0.9354538917541504, 0.3259192407131195, -0.121916264295578, 0.06196167692542076], [-0.0012753261253237724, 0.657206654548645, -0.016942381858825684, -0.7535188794136047], [0.9050052165985107, -0.07164237648248672, -0.28674209117889404, -0.305960476398468], [0.8321678042411804, 0.030138341709971428, 0.10443944483995438, -0.5437653660774231], [0.9631826281547546, -0.24503450095653534, 0.1098494678735733, -0.013056444935500622]], "joint_names": ["Hips", "LeftUpLeg", "LeftLeg", "LeftFoot", "LeftToe", "RightUpLeg", "RightLeg", "RightFoot", "RightToe", "Spine", "Spine1", "Spine2", "Neck", "Head", "LeftShoulder", "LeftArm", "LeftForeArm", "LeftHand", "RightShoulder", "RightArm", "RightForeArm", "RightHand"]}