{"root_pos": [2.2027196884155273, 82.27618408203125, 23.135128021240234], "local_quat": [[0.18231964111328125, 0.6876068711280823, 0.6671478748321533, 0.22106575965881348], [0.1428113430738449, -0.37272074818611145, -0.9162243008613586, -0.03488660976290703], [0.8194286823272705, 0.026857029646635056, 0.0487230159342289, -0.5704746842384338], [0.7950524091720581, -0.044056352227926254, -0.07106462121009827, 0.6007499098777771], [0.9838272929191589, 0.01104969996958971, -0.007788061164319515, 0.17860901355743408], [-0.031450483947992325, 0.18586932122707367, 0.9820609092712402, -0.004453279078006744], [0.9138585329055786, -0.0034649516455829144, -0.01727195829153061, -0.40565037727355957], [0.7298012375831604, 0.050063058733940125, 0.07111413776874542, 0.6781051754951477], [0.9819490909576416, 0.009565277956426144, -0.01150815561413765, 0.18855296075344086], [0.9935187697410583, 0.016864381730556488, 0.014968891628086567, 0.11140958219766617], [0.9938410520553589, 0.04556172713637352, 0.022468706592917442, 0.0984850823879242], [0.9942988157272339, 0.051367685198783875, 0.019821282476186752, 0.09131455421447754], [0.9934097528457642, -0.010837409645318985, -0.06817708909511566, -0.09149540215730667], [0.9973807334899902, -0.06646065413951874, 0.027657372877001762, -0.007041516713798046], [0.01193863246589899, -0.5923455357551575, 0.01872177980840206, -0.8053779602050781], [0.8585134744644165, 0.2620106637477875, 0.4400032162666321, 0.026499830186367035], [0.9262440204620361, -0.02635662630200386, -0.08437006175518036, -0.36641377210617065], [0.9172486662864685, 0.38696184754371643, -0.08395197242498398, 0.043215129524469376], [0.004823805298656225, 0.678068995475769, -0.024425595998764038, -0.7345764636993408], [0.899378776550293, -0.11201143264770508, -0.2867526710033417, -0.3103935420513153], [0.7685112357139587, 0.025156095623970032, 0.08291095495223999, -0.6339427828788757], [0.9522640705108643, -0.29448753595352173, 0.07606008648872375, -0.02617582120001316]], "joint_names": ["Hips", "LeftUpLeg", "LeftLeg", "LeftFoot", "LeftToe", "RightUpLeg", "RightLeg", "RightFoot", "RightToe", "Spine", "Spine1", "Spine2", "Neck", "Head", "LeftShoulder", "LeftArm", "LeftForeArm", "LeftHand", "RightShoulder", "RightArm", "RightForeArm", "RightHand"]}