{"root_pos": [-1.108117938041687, 75.4093246459961, -8.143989562988281], "local_quat": [[0.0946439802646637, 0.6929073929786682, 0.7013687491416931, 0.13785414397716522], [0.19008466601371765, -0.2112702578306198, -0.9587534070014954, -0.004968184977769852], [0.8844411373138428, 0.04639628157019615, 0.058439724147319794, -0.4606474041938782], [0.758112907409668, -0.06591733545064926, -0.12066472321748734, 0.6374635100364685], [0.9835877418518066, 0.007157433312386274, -0.002613178687170148, 0.18026991188526154], [0.07504675537347794, 0.3079521954059601, 0.9473978281021118, -0.044393498450517654], [0.7793132066726685, -0.00445240642875433, -0.039134565740823746, -0.6253955960273743], [0.6594633460044861, 0.055464599281549454, 0.0720142349600792, 0.7462209463119507], [0.9823195934295654, 0.004505396354943514, -0.009729625657200813, 0.18690448999404907], [0.9940922260284424, 0.01695737987756729, -0.0052499910816550255, 0.1070767194032669], [0.9946304559707642, 0.029090067371726036, -0.005407371558248997, 0.09917070716619492], [0.9952308535575867, 0.027131296694278717, 0.00032003564410842955, 0.09369764477014542], [0.9925997853279114, 0.0174105204641819, -0.1006738469004631, -0.06562969833612442], [0.9971361756324768, -0.048929501324892044, 0.05760911852121353, -0.0025528869591653347], [0.0027239073533564806, -0.6138575077056885, 0.01534959301352501, -0.7892628908157349], [0.9235212802886963, 0.09575717896223068, 0.35844364762306213, -0.09724770486354828], [0.9352405667304993, -0.023592110723257065, -0.09851198643445969, -0.33921074867248535], [0.9439203143119812, 0.2996244430541992, -0.11969524621963501, 0.07009062170982361], [-0.0055051278322935104, 0.6516671776771545, -0.008761666715145111, -0.7584344744682312], [0.8999737501144409, -0.13171003758907318, -0.3046196699142456, -0.28267765045166016], [0.856285572052002, 0.025641852989792824, 0.10327266901731491, -0.5054228901863098], [0.9745323061943054, -0.2024366408586502, 0.09628064930438995, -0.006013853475451469]], "joint_names": ["Hips", "LeftUpLeg", "LeftLeg", "LeftFoot", "LeftToe", "RightUpLeg", "RightLeg", "RightFoot", "RightToe", "Spine", "Spine1", "Spine2", "Neck", "Head", "LeftShoulder", "LeftArm", "LeftForeArm", "LeftHand", "RightShoulder", "RightArm", "RightForeArm", "RightHand"]}