{"root_pos": [0.4240491986274719, 73.62397766113281, 3.6222376823425293], "local_quat": [[0.1318046599626541, 0.688366174697876, 0.6904633045196533, 0.17899693548679352], [0.23554177582263947, -0.24783122539520264, -0.9394853711128235, -0.021608473733067513], [0.780647873878479, 0.030834732577204704, 0.08120781928300858, -0.6189050078392029], [0.7625390887260437, -0.05315524712204933, -0.06537278741598129, 0.6414319276809692], [0.9836105704307556, 0.00881107710301876, -0.0045859236270189285, 0.18003226816654205], [0.021507998928427696, 0.32142069935798645, 0.9458816051483154, -0.03916744515299797], [0.7971171140670776, -0.007629291620105505, -0.03491496294736862, -0.6027661561965942], [0.63796067237854, 0.03974726423621178, 0.052393924444913864, 0.7672556638717651], [0.9822717308998108, 0.0062428307719528675, -0.010304362513124943, 0.18707503378391266], [0.9938280582427979, 0.01334560476243496, 0.008301454596221447, 0.10981228947639465], [0.9940161108970642, 0.029936788603663445, 0.016576025635004044, 0.10373493283987045], [0.9944232106208801, 0.03172071650624275, 0.019531194120645523, 0.09866521507501602], [0.9932029247283936, 0.006308472715318203, -0.08843906968832016, -0.07541057467460632], [0.9975306391716003, -0.05505218729376793, 0.04048031195998192, -0.016222642734646797], [0.006756760645657778, -0.6073126792907715, 0.017758984118700027, -0.7942357063293457], [0.9009918570518494, 0.1236107125878334, 0.4124818742275238, -0.052845548838377], [0.9415040612220764, -0.0267675518989563, -0.09850921481847763, -0.32116881012916565], [0.9385107755661011, 0.31378045678138733, -0.128638356924057, 0.06474286317825317], [-0.002267268719151616, 0.6542035937309265, -0.015463660471141338, -0.7561569213867188], [0.9043192267417908, -0.07724034041166306, -0.29201754927635193, -0.3016063868999481], [0.839474081993103, 0.0291220024228096, 0.10529905557632446, -0.5323036909103394], [0.9661387801170349, -0.23219846189022064, 0.11197561025619507, -0.011005541309714317]], "joint_names": ["Hips", "LeftUpLeg", "LeftLeg", "LeftFoot", "LeftToe", "RightUpLeg", "RightLeg", "RightFoot", "RightToe", "Spine", "Spine1", "Spine2", "Neck", "Head", "LeftShoulder", "LeftArm", "LeftForeArm", "LeftHand", "RightShoulder", "RightArm", "RightForeArm", "RightHand"]}