{"root_pos": [-0.9380454421043396, 74.21234130859375, -4.550235748291016], "local_quat": [[0.10545317083597183, 0.6898056864738464, 0.6996311545372009, 0.15350569784641266], [0.21139852702617645, -0.22916138172149658, -0.9500969052314758, -0.010563165880739689], [0.8563437461853027, 0.04189203679561615, 0.0659073144197464, -0.5104671120643616], [0.7586349248886108, -0.05915334075689316, -0.09849890321493149, 0.6413048505783081], [0.9836063981056213, 0.007760358043015003, -0.003295193426311016, 0.1801314651966095], [0.058658137917518616, 0.31506896018981934, 0.9463064074516296, -0.04236651211977005], [0.7756689190864563, -0.00457333866506815, -0.040882937610149384, -0.6297979354858398], [0.6462680101394653, 0.05075053125619888, 0.06266434490680695, 0.7588380575180054], [0.9823126792907715, 0.005107828415930271, -0.009914462454617023, 0.1869155615568161], [0.9940274357795715, 0.015770120546221733, -0.00037425034679472446, 0.10798435658216476], [0.9944613575935364, 0.02933770976960659, 0.0025683266576379538, 0.1008923202753067], [0.9949730634689331, 0.02848561480641365, 0.007688740734010935, 0.09569799900054932], [0.9927878379821777, 0.012194952927529812, -0.09785030037164688, -0.06818357855081558], [0.9970817565917969, -0.053167715668678284, 0.05403374135494232, -0.009019549936056137], [0.004377852194011211, -0.6120602488517761, 0.01655511185526848, -0.7906256914138794], [0.918707013130188, 0.09523943066596985, 0.37466922402381897, -0.08080766350030899], [0.9362215399742126, -0.024818137288093567, -0.09903082996606827, -0.33625292778015137], [0.9424595236778259, 0.3022144138813019, -0.12563663721084595, 0.06820502132177353], [-0.004061522893607616, 0.6514753103256226, -0.01136863511055708, -0.7585737705230713], [0.9025561213493347, -0.11203769594430923, -0.3004993796348572, -0.2872978746891022], [0.8518046736717224, 0.02675500325858593, 0.10454355180263519, -0.5126241445541382], [0.9718214273452759, -0.21211948990821838, 0.10252537578344345, -0.00754584139212966]], "joint_names": ["Hips", "LeftUpLeg", "LeftLeg", "LeftFoot", "LeftToe", "RightUpLeg", "RightLeg", "RightFoot", "RightToe", "Spine", "Spine1", "Spine2", "Neck", "Head", "LeftShoulder", "LeftArm", "LeftForeArm", "LeftHand", "RightShoulder", "RightArm", "RightForeArm", "RightHand"]}