{"root_pos": [-0.27232491970062256, 73.67042541503906, -0.5399775505065918], "local_quat": [[0.11834559589624405, 0.6883752942085266, 0.695909321308136, 0.16686515510082245], [0.22644668817520142, -0.23804913461208344, -0.9443381428718567, -0.016733970493078232], [0.8239868879318237, 0.03635735064744949, 0.0730692595243454, -0.5607001185417175], [0.761216402053833, -0.05354732275009155, -0.07774382829666138, 0.641590416431427], [0.9836081862449646, 0.008310768753290176, -0.0039552184753119946, 0.18008410930633545], [0.04059511423110962, 0.3236984312534332, 0.9444214701652527, -0.04049113765358925], [0.7826531529426575, -0.005846336949616671, -0.03923302888870239, -0.6211929321289062], [0.6395798325538635, 0.044383760541677475, 0.05478537455201149, 0.7654843330383301], [0.9822967052459717, 0.005694814492017031, -0.010108854621648788, 0.18697206676006317], [0.9939501881599426, 0.014615082181990147, 0.004169882740825415, 0.10877516120672226], [0.9942684769630432, 0.029695479199290276, 0.01008261926472187, 0.10220959037542343], [0.9947152733802795, 0.030100513249635696, 0.014242720790207386, 0.09712202101945877], [0.9930436015129089, 0.008407012559473515, -0.09308016300201416, -0.0716228261590004], [0.9972314834594727, -0.055102601647377014, 0.047881823033094406, -0.014152657240629196], [0.005779411643743515, -0.6098061203956604, 0.01751640811562538, -0.7923359274864197], [0.9104641079902649, 0.10513539612293243, 0.39484816789627075, -0.06400486826896667], [0.9392052292823792, -0.025744657963514328, -0.09894078224897385, -0.3277827799320221], [0.940741777420044, 0.3065224885940552, -0.12881606817245483, 0.06674744933843613], [-0.0028668108861893415, 0.6521231532096863, -0.01386907696723938, -0.7579807639122009], [0.9040552973747253, -0.09060296416282654, -0.29690685868263245, -0.2938050925731659], [0.8455024361610413, 0.027918105944991112, 0.1051560789346695, -0.5227699279785156], [0.9689624309539795, -0.22147086262702942, 0.10942303389310837, -0.009430444799363613]], "joint_names": ["Hips", "LeftUpLeg", "LeftLeg", "LeftFoot", "LeftToe", "RightUpLeg", "RightLeg", "RightFoot", "RightToe", "Spine", "Spine1", "Spine2", "Neck", "Head", "LeftShoulder", "LeftArm", "LeftForeArm", "LeftHand", "RightShoulder", "RightArm", "RightForeArm", "RightHand"]}