{"root_pos": [2.2729074954986572, 79.2894058227539, 18.39015007019043], "local_quat": [[0.17280100286006927, 0.6876841187477112, 0.6728958487510681, 0.210811585187912], [0.18500587344169617, -0.35201016068458557, -0.9168025851249695, -0.03653326630592346], [0.7623478174209595, 0.027608955278992653, 0.06460665911436081, -0.6433424949645996], [0.7900065779685974, -0.04530858248472214, -0.06188942492008209, 0.6082814335823059], [0.9837131500244141, 0.010444223880767822, -0.007012806832790375, 0.179304838180542], [-0.025180017575621605, 0.22705021500587463, 0.9735239744186401, -0.008075114339590073], [0.885229229927063, -0.00567326694726944, -0.021664535626769066, -0.46461546421051025], [0.6957601308822632, 0.0429576151072979, 0.061416856944561005, 0.7143532037734985], [0.9820672273635864, 0.008710998110473156, -0.011066731996834278, 0.18800415098667145], [0.9935213327407837, 0.014458450488746166, 0.015606232918798923, 0.11163707822561264], [0.9937134981155396, 0.040006302297115326, 0.024600988253951073, 0.10162578523159027], [0.9941403865814209, 0.045629240572452545, 0.022831561043858528, 0.09529723972082138], [0.9936534762382507, -0.007776331156492233, -0.07182931154966354, -0.08621412515640259], [0.9975473284721375, -0.06364750862121582, 0.027255360037088394, -0.01027185469865799], [0.0108712837100029, -0.593377947807312, 0.018120383843779564, -0.8046465516090393], [0.866943895816803, 0.235287144780159, 0.43929022550582886, 0.00850170012563467], [0.930908203125, -0.02689514309167862, -0.08785183727741241, -0.35350897908210754], [0.9223201274871826, 0.3727114498615265, -0.08999171108007431, 0.04809582978487015], [0.0028625212144106627, 0.6722094416618347, -0.02283441834151745, -0.7400032877922058], [0.9023856520652771, -0.09196435660123825, -0.2822585105895996, -0.3123664855957031], [0.7875621914863586, 0.026939358562231064, 0.09005098044872284, -0.6090245246887207], [0.955791175365448, -0.2805143892765045, 0.08553075045347214, -0.02143164537847042]], "joint_names": ["Hips", "LeftUpLeg", "LeftLeg", "LeftFoot", "LeftToe", "RightUpLeg", "RightLeg", "RightFoot", "RightToe", "Spine", "Spine1", "Spine2", "Neck", "Head", "LeftShoulder", "LeftArm", "LeftForeArm", "LeftHand", "RightShoulder", "RightArm", "RightForeArm", "RightHand"]}