{"root_pos": [2.3166024684906006, 84.79490661621094, 28.68267822265625], "local_quat": [[0.1864350438117981, 0.6879453063011169, 0.6611877679824829, 0.2341025471687317], [0.09587209671735764, -0.3619603216648102, -0.9265937805175781, -0.03488975763320923], [0.8623745441436768, 0.0241156667470932, 0.03644229471683502, -0.5043813586235046], [0.7955620884895325, -0.04345712438225746, -0.07680614292621613, 0.5994106531143188], [0.9839608073234558, 0.011652767658233643, -0.008681408129632473, 0.1777919977903366], [-0.041322700679302216, 0.14779704809188843, 0.9881429672241211, -0.0046727946028113365], [0.9338811039924622, -0.000861211447045207, -0.01357539463788271, -0.35732489824295044], [0.7664723992347717, 0.058548275381326675, 0.0825285091996193, 0.6342564821243286], [0.9818158149719238, 0.010452448390424252, -0.011828501708805561, 0.1891786903142929], [0.9938306212425232, 0.01832607574760914, 0.012096947059035301, 0.10871237516403198], [0.9943533539772034, 0.049228765070438385, 0.016310861334204674, 0.0925840511918068], [0.9947617053985596, 0.05501509830355644, 0.013263331726193428, 0.08512640744447708], [0.993249773979187, -0.013102659024298191, -0.06577079743146896, -0.09464384615421295], [0.9971648454666138, -0.06891828775405884, 0.030176391825079918, -0.001395372673869133], [0.013203534297645092, -0.5933479070663452, 0.019134677946567535, -0.8046103119850159], [0.8522509932518005, 0.2855830490589142, 0.43639224767684937, 0.040893275290727615], [0.9210120439529419, -0.026346107944846153, -0.08171766251325607, -0.37995368242263794], [0.9133089184761047, 0.3973218500614166, -0.08089913427829742, 0.03817607834935188], [0.0076417396776378155, 0.6822320222854614, -0.02607150189578533, -0.7306308746337891], [0.8959008455276489, -0.13349197804927826, -0.2930384874343872, -0.30605557560920715], [0.7525970935821533, 0.024200323969125748, 0.07713356614112854, -0.6535000801086426], [0.9478698372840881, -0.30984243750572205, 0.06783384829759598, -0.030643077567219734]], "joint_names": ["Hips", "LeftUpLeg", "LeftLeg", "LeftFoot", "LeftToe", "RightUpLeg", "RightLeg", "RightFoot", "RightToe", "Spine", "Spine1", "Spine2", "Neck", "Head", "LeftShoulder", "LeftArm", "LeftForeArm", "LeftHand", "RightShoulder", "RightArm", "RightForeArm", "RightHand"]}