{"root_pos": [-7.580740928649902, 75.4372329711914, 79.99807739257812], "local_quat": [[0.20441505312919617, 0.7052897214889526, 0.6438661217689514, 0.2149820476770401], [-0.033830270171165466, -0.3442040979862213, -0.9368303418159485, -0.05222903564572334], [0.815667450428009, 0.007600580342113972, 0.033916063606739044, -0.5774759650230408], [0.674654483795166, -0.011157291941344738, -0.00849328562617302, 0.7380005121231079], [0.985304594039917, 0.02077474072575569, -0.016576210036873817, 0.16872632503509521], [-0.03293999284505844, 0.2293766587972641, 0.9725975394248962, -0.01885172165930271], [0.7206395268440247, -0.029108837246894836, -0.03800707682967186, -0.691655158996582], [0.7485840320587158, 0.05206978693604469, 0.08825574070215225, 0.6550737619400024], [0.9806882739067078, 0.016582151874899864, -0.015286325477063656, 0.1942724734544754], [0.9972519278526306, -0.0007316919509321451, 0.002671034773811698, 0.07403280586004257], [0.99794602394104, 0.029996082186698914, -0.006368965841829777, 0.0562446303665638], [0.9977864623069763, 0.03424600511789322, -0.0018390429904684424, 0.056972943246364594], [0.9929376244544983, 0.032125528901815414, -0.04024622589349747, -0.10687857121229172], [0.9998250007629395, -0.018491260707378387, 0.0028104332741349936, 0.0004175206704530865], [0.02165433205664158, -0.5916613936424255, 0.01443115808069706, -0.8057665228843689], [0.8983924388885498, 0.1767512410879135, 0.3993581533432007, -0.04650876671075821], [0.9132389426231384, -0.030417490750551224, -0.08555496484041214, -0.39717721939086914], [0.9060357213020325, 0.4127432405948639, -0.08804918825626373, 0.03145874664187431], [0.038428522646427155, 0.6354305744171143, -0.04427645355463028, -0.7699291706085205], [0.8730980753898621, -0.18528462946414948, -0.39565420150756836, -0.2163955420255661], [0.8638805150985718, 0.03367515280842781, 0.09904924035072327, -0.4927125871181488], [0.9367665648460388, -0.3362971842288971, 0.09647811204195023, -0.00803487841039896]], "joint_names": ["Hips", "LeftUpLeg", "LeftLeg", "LeftFoot", "LeftToe", "RightUpLeg", "RightLeg", "RightFoot", "RightToe", "Spine", "Spine1", "Spine2", "Neck", "Head", "LeftShoulder", "LeftArm", "LeftForeArm", "LeftHand", "RightShoulder", "RightArm", "RightForeArm", "RightHand"]}