{"root_pos": [-7.092333793640137, 75.06292724609375, 74.57527923583984], "local_quat": [[0.21562159061431885, 0.7042348384857178, 0.6362680196762085, 0.2296164482831955], [-0.055588044226169586, -0.3688321113586426, -0.925658643245697, -0.06347445398569107], [0.8161375522613525, 0.008670643903315067, 0.032689645886421204, -0.5768671035766602], [0.6830965280532837, -0.007974924519658089, -0.0053212461061775684, 0.730265200138092], [0.9851466417312622, 0.020074233412742615, -0.01617511734366417, 0.16976894438266754], [-0.059313688427209854, 0.19112853705883026, 0.9795336127281189, -0.02157854288816452], [0.7563297152519226, -0.0265198927372694, -0.03319539502263069, -0.6528093218803406], [0.7325515747070312, 0.047058407217264175, 0.08190623670816422, 0.6741254329681396], [0.9808415770530701, 0.016101786866784096, -0.014588466845452785, 0.19359171390533447], [0.9967617392539978, 0.002416667528450489, 0.006600703578442335, 0.08010254055261612], [0.9973056316375732, 0.036286257207393646, -0.00027701706858351827, 0.06375480443239212], [0.9971786737442017, 0.04114076867699623, 0.0024624930229038, 0.06273836642503738], [0.992908239364624, 0.02601548098027706, -0.045288585126399994, -0.10679557174444199], [0.9996366500854492, -0.02611183561384678, 0.006309200078248978, -0.0022240171674638987], [0.024657441303133965, -0.5895148515701294, 0.01794782094657421, -0.8071815967559814], [0.8990733027458191, 0.1800416111946106, 0.3979555070400238, -0.02972571924328804], [0.9118669629096985, -0.030058477073907852, -0.08464571088552475, -0.4005374312400818], [0.9064452648162842, 0.41208475828170776, -0.0874970406293869, 0.02978839911520481], [0.03580264374613762, 0.6403520107269287, -0.042130909860134125, -0.7660890221595764], [0.8777967095375061, -0.16570574045181274, -0.38704144954681396, -0.22850285470485687], [0.8428542613983154, 0.0318668894469738, 0.09482677280902863, -0.5287618041038513], [0.9355780482292175, -0.3385715186595917, 0.09907764196395874, -0.015703745186328888]], "joint_names": ["Hips", "LeftUpLeg", "LeftLeg", "LeftFoot", "LeftToe", "RightUpLeg", "RightLeg", "RightFoot", "RightToe", "Spine", "Spine1", "Spine2", "Neck", "Head", "LeftShoulder", "LeftArm", "LeftForeArm", "LeftHand", "RightShoulder", "RightArm", "RightForeArm", "RightHand"]}