{"root_pos": [1.3745667934417725, 86.13297271728516, 34.54528045654297], "local_quat": [[0.1861000657081604, 0.6906839609146118, 0.6546952724456787, 0.2443287968635559], [0.05101710557937622, -0.35960301756858826, -0.9307605624198914, -0.042043522000312805], [0.8810171484947205, 0.02393728867173195, 0.025034070014953613, -0.4718147814273834], [0.7912043929100037, -0.03720076382160187, -0.07586777210235596, 0.6056861877441406], [0.984123170375824, 0.012317836284637451, -0.009609512984752655, 0.1767977476119995], [-0.05125296860933304, 0.11040699481964111, 0.9925557971000671, -0.0040521142072975636], [0.9436802268028259, 0.0007875813753344119, -0.010492871515452862, -0.33069172501564026], [0.8000409007072449, 0.06549056619405746, 0.09324775636196136, 0.5890250205993652], [0.981694757938385, 0.011307272128760815, -0.012117956764996052, 0.18973876535892487], [0.9942739009857178, 0.01970236375927925, 0.008325229398906231, 0.10469873994588852], [0.9948499798774719, 0.05321082845330238, 0.008089934475719929, 0.08588765561580658], [0.9951452016830444, 0.058969125151634216, 0.004782732576131821, 0.07865044474601746], [0.9931203722953796, -0.015466885641217232, -0.0652431771159172, -0.09600025415420532], [0.9967683553695679, -0.07227188348770142, 0.03496694192290306, 0.002619932172819972], [0.015007746405899525, -0.593878984451294, 0.02023097313940525, -0.8041598796844482], [0.8507901430130005, 0.29509490728378296, 0.4317351281642914, 0.05176730081439018], [0.9156742691993713, -0.026858635246753693, -0.08045293390750885, -0.39286959171295166], [0.9115093946456909, 0.4019303321838379, -0.08023560047149658, 0.03412875533103943], [0.010881399735808372, 0.6837971210479736, -0.02767849527299404, -0.7290658950805664], [0.8896116018295288, -0.15257173776626587, -0.30198371410369873, -0.30678805708885193], [0.7448793053627014, 0.023961776867508888, 0.07357512414455414, -0.6626970171928406], [0.9452850818634033, -0.31854721903800964, 0.0625363141298294, -0.032446760684251785]], "joint_names": ["Hips", "LeftUpLeg", "LeftLeg", "LeftFoot", "LeftToe", "RightUpLeg", "RightLeg", "RightFoot", "RightToe", "Spine", "Spine1", "Spine2", "Neck", "Head", "LeftShoulder", "LeftArm", "LeftForeArm", "LeftHand", "RightShoulder", "RightArm", "RightForeArm", "RightHand"]}