{"root_pos": [-2.626485586166382, 85.19701385498047, 44.64729690551758], "local_quat": [[0.19066353142261505, 0.698436975479126, 0.6424709558486938, 0.2511258125305176], [-0.019741009920835495, -0.4047100841999054, -0.9118934869766235, -0.06534778326749802], [0.8825379610061646, 0.01823487877845764, 0.017985185608267784, -0.4695431590080261], [0.7767034769058228, -0.02257384918630123, -0.05080854892730713, 0.6274079084396362], [0.9844213724136353, 0.014277448877692223, -0.01158357784152031, 0.17486119270324707], [-0.06356830894947052, 0.08976390212774277, 0.9939130544662476, -0.006192115601152182], [0.942926287651062, 0.003209170652553439, -0.010404878295958042, -0.3328234553337097], [0.803784966468811, 0.05600450187921524, 0.07931739091873169, 0.5869428515434265], [0.9815126061439514, 0.01288002822548151, -0.012700512073934078, 0.19054092466831207], [0.9950252175331116, 0.02014194056391716, 0.007022771053016186, 0.09731230139732361], [0.9953731298446655, 0.058484479784965515, 0.003527423832565546, 0.07615415751934052], [0.995488703250885, 0.06449047476053238, 0.00027934747049584985, 0.06959207355976105], [0.9923869371414185, -0.0138797452673316, -0.06389988213777542, -0.10436619073152542], [0.9967312216758728, -0.07180778682231903, 0.03701447695493698, 0.0006201743963174522], [0.019888857379555702, -0.5942206978797913, 0.023658456280827522, -0.8037079572677612], [0.8678038716316223, 0.2668825089931488, 0.4169926941394806, 0.042511120438575745], [0.910369873046875, -0.02901460975408554, -0.08203913271427155, -0.40454232692718506], [0.9114439487457275, 0.40078988671302795, -0.08821253478527069, 0.029256833717226982], [0.01699056476354599, 0.6771457195281982, -0.031054731458425522, -0.734997034072876], [0.8789926171302795, -0.16151349246501923, -0.31320562958717346, -0.3212283253669739], [0.7583620548248291, 0.02592819184064865, 0.07613683491945267, -0.6468521952629089], [0.9427796602249146, -0.32401028275489807, 0.07214727252721786, -0.031282275915145874]], "joint_names": ["Hips", "LeftUpLeg", "LeftLeg", "LeftFoot", "LeftToe", "RightUpLeg", "RightLeg", "RightFoot", "RightToe", "Spine", "Spine1", "Spine2", "Neck", "Head", "LeftShoulder", "LeftArm", "LeftForeArm", "LeftHand", "RightShoulder", "RightArm", "RightForeArm", "RightHand"]}