{"root_pos": [-6.023867607116699, 78.22746276855469, 59.2238883972168], "local_quat": [[0.21830271184444427, 0.7040103673934937, 0.6296543478965759, 0.24545641243457794], [-0.06602182984352112, -0.4055693447589874, -0.9092851877212524, -0.0659928172826767], [0.849145233631134, 0.01030188612639904, 0.024219168350100517, -0.5275031328201294], [0.7307338714599609, -0.009170749224722385, -0.016240622848272324, 0.6824076771736145], [0.9847262501716614, 0.017551787197589874, -0.014492337591946125, 0.17261578142642975], [-0.07847321778535843, 0.13166682422161102, 0.9878453612327576, -0.0258322861045599], [0.8781043887138367, -0.0037160199135541916, -0.023772938176989555, -0.477863609790802], [0.7416372895240784, 0.0500522181391716, 0.06970612704753876, 0.6652894616127014], [0.9812155961990356, 0.014754021540284157, -0.013221463188529015, 0.19189463555812836], [0.9958986639976501, 0.012949876487255096, 0.010300357826054096, 0.0889492779970169], [0.9960855841636658, 0.052930593490600586, 0.0069936648942530155, 0.07044770568609238], [0.9960711002349854, 0.0584246926009655, 0.005900366231799126, 0.06628767400979996], [0.9926313161849976, 0.004514066968113184, -0.05608748644590378, -0.10731711238622665], [0.9983325004577637, -0.05158446729183197, 0.025749938562512398, -0.002876702230423689], [0.027469577267766, -0.5900580883026123, 0.025207826867699623, -0.8064994812011719], [0.8969370722770691, 0.19869756698608398, 0.3949429392814636, 0.0065681952983140945], [0.9057634472846985, -0.030896859243512154, -0.0849522203207016, -0.41403040289878845], [0.9092749953269958, 0.40433332324028015, -0.0950261801481247, 0.026524396613240242], [0.02790786139667034, 0.6600623726844788, -0.03712105378508568, -0.7497738599777222], [0.8742924928665161, -0.18185743689537048, -0.3502027094364166, -0.28266340494155884], [0.7998433709144592, 0.029786765575408936, 0.08653281629085541, -0.5931908488273621], [0.9378297328948975, -0.3353980481624603, 0.08557119220495224, -0.02571495622396469]], "joint_names": ["Hips", "LeftUpLeg", "LeftLeg", "LeftFoot", "LeftToe", "RightUpLeg", "RightLeg", "RightFoot", "RightToe", "Spine", "Spine1", "Spine2", "Neck", "Head", "LeftShoulder", "LeftArm", "LeftForeArm", "LeftHand", "RightShoulder", "RightArm", "RightForeArm", "RightHand"]}