{"root_pos": [-0.7498664855957031, 86.19236755371094, 39.77558135986328], "local_quat": [[0.18487851321697235, 0.6961392164230347, 0.648025631904602, 0.24753348529338837], [0.013038218952715397, -0.37789997458457947, -0.924049437046051, -0.05616264045238495], [0.8867493271827698, 0.02230464480817318, 0.017682289704680443, -0.4613734483718872], [0.7852553725242615, -0.024098075926303864, -0.05898992717266083, 0.6158843040466309], [0.9842863082885742, 0.013196696527302265, -0.010570093989372253, 0.1757686883211136], [-0.05924845114350319, 0.09109288454055786, 0.9940703511238098, -0.003977266140282154], [0.9466033577919006, 0.002729084575548768, -0.010137572884559631, -0.3222295641899109], [0.8138177990913391, 0.06508996337652206, 0.09167491644620895, 0.57014000415802], [0.9815978407859802, 0.012127956375479698, -0.012427372857928276, 0.19016851484775543], [0.9946319460868835, 0.02131148800253868, 0.005808212794363499, 0.10109041631221771], [0.9950228929519653, 0.058063507080078125, 0.002147860359400511, 0.0809541866183281], [0.9952219724655151, 0.06383472681045532, -0.0011987859616056085, 0.07387060672044754], [0.9927831292152405, -0.01603679358959198, -0.06567537784576416, -0.09905167669057846], [0.9965090751647949, -0.07403777539730072, 0.038567062467336655, 0.0008191293454729021], [0.017460614442825317, -0.5941977500915527, 0.022234559059143066, -0.8038220405578613], [0.8557488918304443, 0.2891189455986023, 0.42568618059158325, 0.05380991846323013], [0.9128726720809937, -0.027885979041457176, -0.08083425462245941, -0.3991888165473938], [0.911308228969574, 0.40203657746315, -0.08309540152549744, 0.03129073977470398], [0.013663185760378838, 0.6822925209999084, -0.02905135788023472, -0.7303740382194519], [0.8840477466583252, -0.15695106983184814, -0.30838465690612793, -0.3142051100730896], [0.7466118335723877, 0.024823661893606186, 0.07353207468986511, -0.6607174873352051], [0.9439473152160645, -0.3212985098361969, 0.06817038357257843, -0.032917365431785583]], "joint_names": ["Hips", "LeftUpLeg", "LeftLeg", "LeftFoot", "LeftToe", "RightUpLeg", "RightLeg", "RightFoot", "RightToe", "Spine", "Spine1", "Spine2", "Neck", "Head", "LeftShoulder", "LeftArm", "LeftForeArm", "LeftHand", "RightShoulder", "RightArm", "RightForeArm", "RightHand"]}