{"root_pos": [-6.020853042602539, 75.28771209716797, 69.843017578125], "local_quat": [[0.22284191846847534, 0.7021211385726929, 0.6318679451942444, 0.2410607933998108], [-0.06089610978960991, -0.4077960252761841, -0.9088484644889832, -0.06315463036298752], [0.8162736296653748, 0.00596512109041214, 0.037211138755083084, -0.576434850692749], [0.6919485330581665, -0.018711065873503685, -0.015894893556833267, 0.7215292453765869], [0.9849774837493896, 0.019234055653214455, -0.01572321355342865, 0.1708865463733673], [-0.07258544117212296, 0.15976284444332123, 0.9843361973762512, -0.017011521384119987], [0.8068276643753052, -0.017281273379921913, -0.029166409745812416, -0.5898133516311646], [0.7208907008171082, 0.04394088312983513, 0.0716782733798027, 0.6879302263259888], [0.9809976816177368, 0.01567581109702587, -0.013879235833883286, 0.19288620352745056], [0.9963238835334778, 0.0046493858098983765, 0.009487422183156013, 0.08501306921243668], [0.9968308210372925, 0.04032992944121361, 0.004721779376268387, 0.06840736418962479], [0.9967293739318848, 0.04575410112738609, 0.005921082105487585, 0.06634809076786041], [0.9923441410064697, 0.018390178680419922, -0.0459778867661953, -0.11314179748296738], [0.9993614554405212, -0.0340491347014904, 0.010746579617261887, -0.001384481554850936], [0.02655048854649067, -0.5871591567993164, 0.02020278386771679, -0.8087836503982544], [0.8978217244148254, 0.18520602583885193, 0.3990457057952881, -0.019426044076681137], [0.9093639254570007, -0.031024741008877754, -0.08575091511011124, -0.4058836102485657], [0.9092183113098145, 0.40573254227638245, -0.08875148743391037, 0.028746936470270157], [0.03416513651609421, 0.6446738243103027, -0.041230712085962296, -0.7625800967216492], [0.8775739669799805, -0.16610583662986755, -0.37635573744773865, -0.2462298423051834], [0.8295885920524597, 0.032027795910835266, 0.09370265156030655, -0.5495241284370422], [0.9352483749389648, -0.3395472466945648, 0.09783193469047546, -0.02114064432680607]], "joint_names": ["Hips", "LeftUpLeg", "LeftLeg", "LeftFoot", "LeftToe", "RightUpLeg", "RightLeg", "RightFoot", "RightToe", "Spine", "Spine1", "Spine2", "Neck", "Head", "LeftShoulder", "LeftArm", "LeftForeArm", "LeftHand", "RightShoulder", "RightArm", "RightForeArm", "RightHand"]}