{"root_pos": [-4.8306050300598145, 81.08499145507812, 54.527034759521484], "local_quat": [[0.20861375331878662, 0.701137900352478, 0.6340761184692383, 0.25066596269607544], [-0.06939657777547836, -0.4039316475391388, -0.9094481468200684, -0.07019481807947159], [0.8700960874557495, 0.012655852362513542, 0.019265249371528625, -0.49234291911125183], [0.7530978918075562, -0.012668456882238388, -0.02740132436156273, 0.6572155952453613], [0.984611451625824, 0.016568392515182495, -0.013686541467905045, 0.1734314262866974], [-0.07731673866510391, 0.11695079505443573, 0.9898964762687683, -0.02120376192033291], [0.9057614207267761, -8.427272405242547e-05, -0.018263671547174454, -0.42339426279067993], [0.754266083240509, 0.045756418257951736, 0.06386149674654007, 0.6518518328666687], [0.9813201427459717, 0.014207200147211552, -0.013013636693358421, 0.1914147585630417], [0.9956653118133545, 0.016594894230365753, 0.010028200224041939, 0.09096569567918777], [0.9958274960517883, 0.057310692965984344, 0.007860378362238407, 0.0705781877040863], [0.9958357214927673, 0.06310497224330902, 0.0058105564676225185, 0.06553714722394943], [0.9923510551452637, -0.002851144876331091, -0.06122644618153572, -0.10715772956609726], [0.9976529479026794, -0.06056034192442894, 0.031941719353199005, -0.0009136402513831854], [0.026391061022877693, -0.591339647769928, 0.026561828330159187, -0.8055528402328491], [0.8918861150741577, 0.2094740867614746, 0.40061959624290466, 0.012796921655535698], [0.9038748741149902, -0.030285261571407318, -0.08360986411571503, -0.4184524714946747], [0.9093319177627563, 0.40360528230667114, -0.09789472818374634, 0.025197003036737442], [0.02372872643172741, 0.6659823060035706, -0.03405327349901199, -0.74481201171875], [0.871309220790863, -0.1854773759841919, -0.3369889259338379, -0.3047243356704712], [0.7892841100692749, 0.02858356200158596, 0.08284329622983932, -0.6077420711517334], [0.9381495118141174, -0.33692482113838196, 0.07511714100837708, -0.026729129254817963]], "joint_names": ["Hips", "LeftUpLeg", "LeftLeg", "LeftFoot", "LeftToe", "RightUpLeg", "RightLeg", "RightFoot", "RightToe", "Spine", "Spine1", "Spine2", "Neck", "Head", "LeftShoulder", "LeftArm", "LeftForeArm", "LeftHand", "RightShoulder", "RightArm", "RightForeArm", "RightHand"]}