{"root_pos": [-4.006340980529785, 83.54817199707031, 49.56924057006836], "local_quat": [[0.1993529200553894, 0.6993557214736938, 0.6377898454666138, 0.25374022126197815], [-0.05258466675877571, -0.4119070768356323, -0.9070349335670471, -0.06967844814062119], [0.8783652186393738, 0.0144892493262887, 0.018675342202186584, -0.47740525007247925], [0.7666259407997131, -0.020652640610933304, -0.04264633730053902, 0.640343189239502], [0.984529435634613, 0.01547936163842678, -0.012701033614575863, 0.1740715205669403], [-0.07081609219312668, 0.09878212213516235, 0.9924837350845337, -0.014257111586630344], [0.928667426109314, 0.002925585024058819, -0.01440445426851511, -0.3706219494342804], [0.7785269021987915, 0.050481103360652924, 0.06965439021587372, 0.6216878294944763], [0.9814175963401794, 0.013602854683995247, -0.012898595072329044, 0.19096654653549194], [0.9953338503837585, 0.01809214986860752, 0.009335165843367577, 0.09431836754083633], [0.9956405758857727, 0.05755171924829483, 0.007175050675868988, 0.07304902374744415], [0.9957008957862854, 0.06366763263940811, 0.004442337900400162, 0.06712941825389862], [0.9922449588775635, -0.009080871939659119, -0.06334254145622253, -0.10656098276376724], [0.9971267580986023, -0.06721193343400955, 0.03493862971663475, 0.0002849637239705771], [0.022957324981689453, -0.5936850905418396, 0.025101931765675545, -0.8039782047271729], [0.8847833871841431, 0.2311665266752243, 0.403848260641098, 0.025040483102202415], [0.9047108292579651, -0.030090894550085068, -0.08325564116239548, -0.4167269766330719], [0.9105294346809387, 0.40139833092689514, -0.09553262591362, 0.026251403614878654], [0.020358191803097725, 0.6716957688331604, -0.03239744156599045, -0.7398383617401123], [0.8741490244865417, -0.1796175092458725, -0.3224949240684509, -0.3155914843082428], [0.7762765884399414, 0.027203943580389023, 0.0796690359711647, -0.6247459053993225], [0.940451443195343, -0.33123114705085754, 0.07090180367231369, -0.028458861634135246]], "joint_names": ["Hips", "LeftUpLeg", "LeftLeg", "LeftFoot", "LeftToe", "RightUpLeg", "RightLeg", "RightFoot", "RightToe", "Spine", "Spine1", "Spine2", "Neck", "Head", "LeftShoulder", "LeftArm", "LeftForeArm", "LeftHand", "RightShoulder", "RightArm", "RightForeArm", "RightHand"]}