{"root_pos": [-7.284112930297852, 76.3154525756836, 64.00210571289062], "local_quat": [[0.22495755553245544, 0.7043334245681763, 0.626711905002594, 0.24605028331279755], [-0.06269446015357971, -0.41607826948165894, -0.9049542546272278, -0.06329283118247986], [0.8303350210189819, 0.008712614886462688, 0.030147967860102654, -0.5563802123069763], [0.7021665573120117, -0.012611058540642262, -0.016071565449237823, 0.7117196917533875], [0.9848799109458923, 0.018562892451882362, -0.015227658674120903, 0.17156682908535004], [-0.0763062834739685, 0.14124853909015656, 0.9867721199989319, -0.022515147924423218], [0.8439522981643677, -0.008704857900738716, -0.028756987303495407, -0.5355761051177979], [0.7319344878196716, 0.05305127426981926, 0.07548739016056061, 0.6750993728637695], [0.981102705001831, 0.015331766568124294, -0.013654553331434727, 0.19239534437656403], [0.9959833025932312, 0.0077996766194701195, 0.010307995602488518, 0.0886017307639122], [0.9963716268539429, 0.04510868340730667, 0.00630568154156208, 0.0718952938914299], [0.996350109577179, 0.050599854439496994, 0.006283164955675602, 0.068459153175354], [0.9923660159111023, 0.011021770536899567, -0.050271838903427124, -0.11207596957683563], [0.9988822340965271, -0.0433715358376503, 0.01859590783715248, -0.0027299027424305677], [0.026326052844524384, -0.5893527865409851, 0.021655211225152016, -0.8071563243865967], [0.9013118147850037, 0.18878106772899628, 0.38981154561042786, -0.0067552062682807446], [0.906838595867157, -0.03162873908877373, -0.08643471449613571, -0.4113057553768158], [0.9093812704086304, 0.40535661578178406, -0.08903595805168152, 0.028003081679344177], [0.03169884532690048, 0.652510404586792, -0.039867155253887177, -0.756066083908081], [0.877991259098053, -0.1755518764257431, -0.36143025755882263, -0.2601557970046997], [0.8150917887687683, 0.03131507709622383, 0.0911845713853836, -0.5712531805038452], [0.937246561050415, -0.3352966904640198, 0.0926859974861145, -0.023545419797301292]], "joint_names": ["Hips", "LeftUpLeg", "LeftLeg", "LeftFoot", "LeftToe", "RightUpLeg", "RightLeg", "RightFoot", "RightToe", "Spine", "Spine1", "Spine2", "Neck", "Head", "LeftShoulder", "LeftArm", "LeftForeArm", "LeftHand", "RightShoulder", "RightArm", "RightForeArm", "RightHand"]}