{"root_pos": [-7.947348117828369, 85.74845886230469, 114.85736083984375], "local_quat": [[0.10274294018745422, 0.7362480163574219, 0.6642720699310303, 0.0782647654414177], [0.13560330867767334, -0.12903885543346405, -0.9823240041732788, -0.00041447533294558525], [0.9140987992286682, 0.0061869812197983265, 0.0030232800636440516, -0.4054328501224518], [0.7329113483428955, -0.06185172498226166, -0.11293746531009674, 0.6680272817611694], [0.9858701229095459, 0.023831235244870186, -0.021878201514482498, 0.16435785591602325], [0.14985324442386627, 0.2698739171028137, 0.9495882391929626, -0.05471980944275856], [0.9636988043785095, -0.0020576908718794584, -0.019337881356477737, -0.26628267765045166], [0.8518561720848083, 0.10598339885473251, 0.14108459651470184, 0.493156760931015], [0.9798732399940491, 0.02387937344610691, -0.0173368938267231, 0.19742733240127563], [0.9974210262298584, -0.010746080428361893, -0.0029248620849102736, 0.07090339064598083], [0.9988791346549988, 0.016337774693965912, -0.011421788483858109, 0.04293045774102211], [0.9988228678703308, 0.01929032802581787, -0.0016218035016208887, 0.044475775212049484], [0.9854867458343506, 0.05197320505976677, -0.006520610302686691, -0.1614685356616974], [0.9998070001602173, 0.009023967199027538, -0.015651674941182137, 0.0077199628576636314], [0.0005119220004417002, -0.6086910367012024, -0.006802126299589872, -0.7933779954910278], [0.8641648292541504, 0.1818632334470749, 0.42627617716789246, -0.19604474306106567], [0.8645240068435669, -0.02854868397116661, -0.06950968503952026, -0.49694231152534485], [0.9059335589408875, 0.415396511554718, -0.08019398897886276, 0.017292814329266548], [0.05490104854106903, 0.6383994817733765, -0.05489550903439522, -0.7657796740531921], [0.8326821327209473, -0.3522844910621643, -0.41854456067085266, -0.08577071130275726], [0.9293705821037292, 0.03806869685649872, 0.10770044475793839, -0.3510294556617737], [0.9617938995361328, -0.2666530907154083, 0.054299794137477875, 0.030001388862729073]], "joint_names": ["Hips", "LeftUpLeg", "LeftLeg", "LeftFoot", "LeftToe", "RightUpLeg", "RightLeg", "RightFoot", "RightToe", "Spine", "Spine1", "Spine2", "Neck", "Head", "LeftShoulder", "LeftArm", "LeftForeArm", "LeftHand", "RightShoulder", "RightArm", "RightForeArm", "RightHand"]}