{"root_pos": [-6.049798011779785, 83.43512725830078, 98.52528381347656], "local_quat": [[0.15176433324813843, 0.7198646068572998, 0.6635033488273621, 0.1361100673675537], [0.07965037971735, -0.15919524431228638, -0.9840103387832642, 0.006033147685229778], [0.8975827693939209, 0.010376146994531155, 0.013417825102806091, -0.4405195415019989], [0.7320103049278259, -0.05285005643963814, -0.09208756685256958, 0.6729693412780762], [0.9856160879135132, 0.02250128984451294, -0.01930510438978672, 0.16637857258319855], [0.09700634330511093, 0.31095048785209656, 0.9445705413818359, -0.041060734540224075], [0.8699352741241455, -0.014242331497371197, -0.03619196265935898, -0.49162977933883667], [0.8055225014686584, 0.07749908417463303, 0.1046963781118393, 0.5780709981918335], [0.9801759719848633, 0.020620057359337807, -0.01671900600194931, 0.19634248316287994], [0.9971277117729187, -0.0110606849193573, -0.001958318054676056, 0.07490115612745285], [0.9985055327415466, 0.010951069183647633, -0.0087466174736619, 0.05282420292496681], [0.9984471201896667, 0.014513871632516384, 0.00010843930067494512, 0.05378366634249687], [0.9912930727005005, 0.04598742723464966, -0.009370810352265835, -0.1230255514383316], [0.9998700618743896, 0.0028103103395551443, -0.015050019137561321, 0.005051720421761274], [0.002210909966379404, -0.6031983494758606, -0.007023938931524754, -0.7975572347640991], [0.8717638254165649, 0.17171570658683777, 0.44167715311050415, -0.12434977293014526], [0.8785637021064758, -0.02817840501666069, -0.07252825051546097, -0.4712446928024292], [0.8961883187294006, 0.43036189675331116, -0.10653331130743027, 0.016904180869460106], [0.045889902859926224, 0.6363452076911926, -0.04926172271370888, -0.7684609293937683], [0.8290756940841675, -0.29527750611305237, -0.44630056619644165, -0.16205087304115295], [0.914228081703186, 0.033628541976213455, 0.10075773298740387, -0.39102935791015625], [0.9517899751663208, -0.2990512549877167, 0.06405056267976761, 0.023699473589658737]], "joint_names": ["Hips", "LeftUpLeg", "LeftLeg", "LeftFoot", "LeftToe", "RightUpLeg", "RightLeg", "RightFoot", "RightToe", "Spine", "Spine1", "Spine2", "Neck", "Head", "LeftShoulder", "LeftArm", "LeftForeArm", "LeftHand", "RightShoulder", "RightArm", "RightForeArm", "RightHand"]}