{"root_pos": [-8.437633514404297, 82.54025268554688, 124.45226287841797], "local_quat": [[0.07555215805768967, 0.740474283695221, 0.6660171747207642, 0.049100495874881744], [0.16984178125858307, -0.12724287807941437, -0.9769039750099182, 0.02493184432387352], [0.9120193123817444, 0.0022481181658804417, 0.0035768402740359306, -0.41012564301490784], [0.7046746611595154, -0.05721648037433624, -0.10553496330976486, 0.6993012428283691], [0.9859708547592163, 0.024708367884159088, -0.02338697761297226, 0.16341347992420197], [0.1713719666004181, 0.2353806346654892, 0.9546712040901184, -0.06189148500561714], [0.961696445941925, -0.002396391937509179, -0.017151160165667534, -0.2735690176486969], [0.8572170734405518, 0.10655196011066437, 0.14500612020492554, 0.48249220848083496], [0.9797652959823608, 0.025428060442209244, -0.017193308100104332, 0.197782501578331], [0.9978492856025696, -0.0098650474101305, -0.0005664123455062509, 0.06480173766613007], [0.9991400241851807, 0.021365804597735405, -0.008806347846984863, 0.034426577389240265], [0.9990257620811462, 0.023023784160614014, 0.001252551912330091, 0.03762756660580635], [0.9827007055282593, 0.057856157422065735, -0.0037185309920459986, -0.17589233815670013], [0.9995460510253906, 0.01741047017276287, -0.02132752165198326, 0.012236491777002811], [0.005755792837589979, -0.6097561717033386, -0.0008364313980564475, -0.7925677299499512], [0.8679730296134949, 0.18931961059570312, 0.4054822325706482, -0.2153254598379135], [0.8614251017570496, -0.03299703076481819, -0.07559218257665634, -0.5011425614356995], [0.9143159985542297, 0.39867621660232544, -0.06866823136806488, 0.019191665574908257], [0.06159650534391403, 0.6420284509658813, -0.060343001037836075, -0.7618163228034973], [0.8395058512687683, -0.3772056996822357, -0.3854109048843384, -0.0663643553853035], [0.9374226927757263, 0.04386439546942711, 0.11716645210981369, -0.32494091987609863], [0.9660707116127014, -0.2507876753807068, 0.051731452345848083, 0.03371608257293701]], "joint_names": ["Hips", "LeftUpLeg", "LeftLeg", "LeftFoot", "LeftToe", "RightUpLeg", "RightLeg", "RightFoot", "RightToe", "Spine", "Spine1", "Spine2", "Neck", "Head", "LeftShoulder", "LeftArm", "LeftForeArm", "LeftHand", "RightShoulder", "RightArm", "RightForeArm", "RightHand"]}