{"root_pos": [-7.889626979827881, 85.60456085205078, 109.41519927978516], "local_quat": [[0.11786649376153946, 0.7336081862449646, 0.662283718585968, 0.09647158533334732], [0.11630729585886002, -0.13942109048366547, -0.9833781719207764, -0.0013219161191955209], [0.9124281406402588, 0.008150432258844376, 0.004751785192638636, -0.4091281294822693], [0.7376318573951721, -0.06035437807440758, -0.10972736775875092, 0.6634881496429443], [0.985822319984436, 0.023349152877926826, -0.021069401875138283, 0.16481879353523254], [0.13235314190387726, 0.2821235954761505, 0.948845624923706, -0.050802845507860184], [0.9535441398620605, -0.005184374749660492, -0.02158319763839245, -0.3004343807697296], [0.8427181243896484, 0.10624628514051437, 0.1437801718711853, 0.507804274559021], [0.9799529314041138, 0.0229391660541296, -0.017281625419855118, 0.19714851677417755], [0.9971514344215393, -0.011821480467915535, -0.0036123315803706646, 0.0744045227766037], [0.9986709356307983, 0.012527309358119965, -0.011870626360177994, 0.048564694821834564], [0.9986639022827148, 0.015613144263625145, -0.002242151414975524, 0.04920949041843414], [0.9876388907432556, 0.050786618143320084, -0.0035583111457526684, -0.14824828505516052], [0.9998048543930054, 0.008526348508894444, -0.01684080809354782, 0.005831550806760788], [-0.0018276820192113519, -0.6098669171333313, -0.009787826798856258, -0.7924413084983826], [0.8680374026298523, 0.1740710288286209, 0.43046340346336365, -0.1758173257112503], [0.8645132184028625, -0.027267776429653168, -0.06793145835399628, -0.49725109338760376], [0.9005288481712341, 0.42598995566368103, -0.0854925885796547, 0.016477320343255997], [0.052607666701078415, 0.6390334963798523, -0.05367501452565193, -0.7654982805252075], [0.8282344341278076, -0.339163213968277, -0.43348821997642517, -0.10528089851140976], [0.9257892966270447, 0.035680726170539856, 0.1043194830417633, -0.3616054356098175], [0.9591892957687378, -0.27564504742622375, 0.055615443736314774, 0.02970997244119644]], "joint_names": ["Hips", "LeftUpLeg", "LeftLeg", "LeftFoot", "LeftToe", "RightUpLeg", "RightLeg", "RightFoot", "RightToe", "Spine", "Spine1", "Spine2", "Neck", "Head", "LeftShoulder", "LeftArm", "LeftForeArm", "LeftHand", "RightShoulder", "RightArm", "RightForeArm", "RightHand"]}