{"root_pos": [-7.295490741729736, 85.01372528076172, 104.09825897216797], "local_quat": [[0.1334497183561325, 0.7289713621139526, 0.6614961624145508, 0.11495499312877655], [0.09769677370786667, -0.14497780799865723, -0.9845994710922241, 0.0008216536953113973], [0.9091411828994751, 0.008477575145661831, 0.009449056349694729, -0.41629457473754883], [0.7409207820892334, -0.06019454821944237, -0.10492298007011414, 0.6606090068817139], [0.9857426285743713, 0.02294261008501053, -0.020203275606036186, 0.16545984148979187], [0.11414559185504913, 0.294053316116333, 0.9477664232254028, -0.04735330119729042], [0.9252117872238159, -0.010134337469935417, -0.02654072642326355, -0.3783860206604004], [0.8266892433166504, 0.0943862572312355, 0.13016216456890106, 0.539197564125061], [0.9800485372543335, 0.021881651133298874, -0.01713348925113678, 0.19680562615394592], [0.9970152974128723, -0.011901200748980045, -0.0036354779731482267, 0.07619373500347137], [0.9985107183456421, 0.010607749223709106, -0.011409925296902657, 0.05228430777788162], [0.9985160827636719, 0.013924140483140945, -0.002044128719717264, 0.05260738730430603], [0.9898161292076111, 0.048554278910160065, -0.003865376813337207, -0.1337592899799347], [0.9998311996459961, 0.006286558695137501, -0.016478873789310455, 0.005140094552189112], [-0.00166795973200351, -0.6094573140144348, -0.010289093479514122, -0.792750358581543], [0.8720459342002869, 0.1688103824853897, 0.43410763144493103, -0.15029789507389069], [0.8688588738441467, -0.027259867638349533, -0.06904612481594086, -0.48946264386177063], [0.8969347476959229, 0.43130695819854736, -0.09602784365415573, 0.016158783808350563], [0.04944051429629326, 0.6392959356307983, -0.051528118550777435, -0.7656376957893372], [0.8285022377967834, -0.31699424982070923, -0.44189801812171936, -0.1335097700357437], [0.921402096748352, 0.03427696228027344, 0.10227814316749573, -0.3733395040035248], [0.9565953612327576, -0.28401604294776917, 0.05868874490261078, 0.028562186285853386]], "joint_names": ["Hips", "LeftUpLeg", "LeftLeg", "LeftFoot", "LeftToe", "RightUpLeg", "RightLeg", "RightFoot", "RightToe", "Spine", "Spine1", "Spine2", "Neck", "Head", "LeftShoulder", "LeftArm", "LeftForeArm", "LeftHand", "RightShoulder", "RightArm", "RightForeArm", "RightHand"]}