{"root_pos": [-5.670307159423828, 80.89631652832031, 92.86058807373047], "local_quat": [[0.17053337395191193, 0.711365818977356, 0.6629409193992615, 0.15933078527450562], [0.06302973628044128, -0.2029990255832672, -0.9771451950073242, 0.002415135269984603], [0.8821678757667542, 0.010243672877550125, 0.018537385389208794, -0.47045859694480896], [0.709075927734375, -0.03781624138355255, -0.06436704844236374, 0.7011691331863403], [0.9855124354362488, 0.022070318460464478, -0.01837221346795559, 0.16715410351753235], [0.07194138318300247, 0.3086670935153961, 0.9479286670684814, -0.031309742480516434], [0.7991056442260742, -0.01634770818054676, -0.04725363850593567, -0.5991077423095703], [0.7830827832221985, 0.07026628404855728, 0.0883980318903923, 0.6115796566009521], [0.9803110361099243, 0.019314276054501534, -0.016313761472702026, 0.19583390653133392], [0.9973574876785278, -0.009716790169477463, -2.6080711904796772e-05, 0.07199642062187195], [0.9985828399658203, 0.012863091193139553, -0.006421968340873718, 0.05124109238386154], [0.9984566569328308, 0.016439029946923256, 0.0018243021331727505, 0.05301542207598686], [0.9918522238731384, 0.044674694538116455, -0.017032306641340256, -0.11808113008737564], [0.9998995065689087, 0.00037417656858451664, -0.013388820923864841, 0.004640243481844664], [0.007389116566628218, -0.5968344211578369, -0.0021031845826655626, -0.8023276329040527], [0.8755940198898315, 0.17565642297267914, 0.4386058747768402, -0.10052285343408585], [0.8921293616294861, -0.029383735731244087, -0.07776284962892532, -0.4440661072731018], [0.899275541305542, 0.4238330125808716, -0.10594687610864639, 0.021080244332551956], [0.043225955218076706, 0.631519615650177, -0.047819510102272034, -0.772675633430481], [0.8344049453735352, -0.27178651094436646, -0.4417250156402588, -0.18649284541606903], [0.9053581357002258, 0.033675383776426315, 0.10048959404230118, -0.411210834980011], [0.9465140104293823, -0.3138374090194702, 0.07314591854810715, 0.016340108588337898]], "joint_names": ["Hips", "LeftUpLeg", "LeftLeg", "LeftFoot", "LeftToe", "RightUpLeg", "RightLeg", "RightFoot", "RightToe", "Spine", "Spine1", "Spine2", "Neck", "Head", "LeftShoulder", "LeftArm", "LeftForeArm", "LeftHand", "RightShoulder", "RightArm", "RightForeArm", "RightHand"]}