{"root_pos": [-7.027575492858887, 78.16329193115234, 88.37493896484375], "local_quat": [[0.18167324364185333, 0.7092886567115784, 0.6579167246818542, 0.17621032893657684], [0.03737068176269531, -0.26631101965904236, -0.9630304574966431, -0.015946922823786736], [0.8478150963783264, 0.009073047898709774, 0.026731787249445915, -0.5295400023460388], [0.6829615831375122, -0.0221400186419487, -0.032777439802885056, 0.7293825149536133], [0.9854859113693237, 0.02177123911678791, -0.017534345388412476, 0.16743962466716766], [0.03840208426117897, 0.29850178956985474, 0.9533888697624207, -0.02171710878610611], [0.7353025078773499, -0.023248083889484406, -0.0483439601957798, -0.67561274766922], [0.7755827903747559, 0.06398805230855942, 0.08772764354944229, 0.6218366026878357], [0.9804266095161438, 0.01806424744427204, -0.016220076009631157, 0.19538235664367676], [0.997594952583313, -0.006605128757655621, -0.00013755516556557268, 0.06899670511484146], [0.9985916018486023, 0.018445076420903206, -0.00828136783093214, 0.04905194044113159], [0.9984407424926758, 0.02188434824347496, -0.0008719581528566778, 0.05134490132331848], [0.9924691915512085, 0.04247370362281799, -0.02468154765665531, -0.1122128814458847], [0.9999507069587708, -0.003402337431907654, -0.008604004979133606, 0.0036050446797162294], [0.012132825329899788, -0.5961107611656189, 0.0037319378461688757, -0.8028019070625305], [0.8890381455421448, 0.17081576585769653, 0.41656845808029175, -0.08308926969766617], [0.9035362601280212, -0.030252091586589813, -0.0823482871055603, -0.4194350838661194], [0.9030020833015442, 0.417502224445343, -0.09774944931268692, 0.026910623535513878], [0.04170969873666763, 0.6310521960258484, -0.047117944806814194, -0.7731839418411255], [0.8514039516448975, -0.23591385781764984, -0.4218662679195404, -0.20367789268493652], [0.8930441737174988, 0.03408033028244972, 0.10078328847885132, -0.43721091747283936], [0.9416846036911011, -0.32623881101608276, 0.08206412941217422, 0.007985470816493034]], "joint_names": ["Hips", "LeftUpLeg", "LeftLeg", "LeftFoot", "LeftToe", "RightUpLeg", "RightLeg", "RightFoot", "RightToe", "Spine", "Spine1", "Spine2", "Neck", "Head", "LeftShoulder", "LeftArm", "LeftForeArm", "LeftHand", "RightShoulder", "RightArm", "RightForeArm", "RightHand"]}