{"root_pos": [-7.901482105255127, 84.68190002441406, 120.0721435546875], "local_quat": [[0.08843602985143661, 0.7391544580459595, 0.6646180748939514, 0.06412919610738754], [0.15192127227783203, -0.12026473134756088, -0.9810086488723755, 0.008854072540998459], [0.9147984981536865, 0.004557902459055185, 0.0009649835410527885, -0.40388354659080505], [0.7231476902961731, -0.05938473716378212, -0.11099862307310104, 0.6791245341300964], [0.9859219789505005, 0.024250492453575134, -0.02266141027212143, 0.16387848556041718], [0.16335026919841766, 0.2542753517627716, 0.9514719843864441, -0.05798058956861496], [0.9647522568702698, -0.0012949386145919561, -0.018415065482258797, -0.2625114619731903], [0.8583082556724548, 0.10400891304016113, 0.13811877369880676, 0.483127623796463], [0.9798141717910767, 0.024720413610339165, -0.01727265492081642, 0.19762234389781952], [0.9976790547370911, -0.010874925181269646, -0.0013167804572731256, 0.06720437854528427], [0.9990898966789246, 0.017957188189029694, -0.009267119690775871, 0.03756287693977356], [0.9989887475967407, 0.02043410949409008, 0.0005672724219039083, 0.04004545509815216], [0.9838501811027527, 0.054544150829315186, -0.005724899936467409, -0.17038494348526], [0.99969482421875, 0.012591096572577953, -0.018630225211381912, 0.01023196056485176], [0.002974224742501974, -0.6092995405197144, -0.003992130979895592, -0.7929245829582214], [0.8635774850845337, 0.18954400718212128, 0.4176705777645111, -0.2094237357378006], [0.8647527694702148, -0.03067145124077797, -0.0724378153681755, -0.49599865078926086], [0.9105398654937744, 0.4061671793460846, -0.07489177584648132, 0.018349777907133102], [0.058850985020399094, 0.6388017535209656, -0.05804780498147011, -0.7649178504943848], [0.836054801940918, -0.36483240127563477, -0.40315625071525574, -0.07331289350986481], [0.9329984188079834, 0.040822889655828476, 0.11204121261835098, -0.3395500183105469], [0.9642896056175232, -0.2574770450592041, 0.05354296416044235, 0.03137323632836342]], "joint_names": ["Hips", "LeftUpLeg", "LeftLeg", "LeftFoot", "LeftToe", "RightUpLeg", "RightLeg", "RightFoot", "RightToe", "Spine", "Spine1", "Spine2", "Neck", "Head", "LeftShoulder", "LeftArm", "LeftForeArm", "LeftHand", "RightShoulder", "RightArm", "RightForeArm", "RightHand"]}