{"root_pos": [-8.060333251953125, 76.29012298583984, 83.77845001220703], "local_quat": [[0.19232048094272614, 0.7098591327667236, 0.6486254334449768, 0.19595372676849365], [0.00778432609513402, -0.3148815631866455, -0.9485666155815125, -0.03178722411394119], [0.8308849930763245, 0.010289139114320278, 0.027698349207639694, -0.5556592345237732], [0.67108154296875, -0.009522311389446259, -0.013682341203093529, 0.7411960959434509], [0.9854117631912231, 0.02136075869202614, -0.016937315464019775, 0.16798920929431915], [-0.0024224163498729467, 0.2638484835624695, 0.9643518328666687, -0.020091025158762932], [0.7082489132881165, -0.027546487748622894, -0.044855717569589615, -0.7039974331855774], [0.7685708403587341, 0.06178933382034302, 0.09322532266378403, 0.6299126744270325], [0.9805559515953064, 0.01720159873366356, -0.01586703211069107, 0.19483913481235504], [0.9975804090499878, -0.0022212862968444824, -0.0010211660992354155, 0.06947936862707138], [0.9983141422271729, 0.02652745135128498, -0.01162815559655428, 0.05029908940196037], [0.9981653094291687, 0.03006495162844658, -0.005341645330190659, 0.05228337273001671], [0.992790162563324, 0.03783270716667175, -0.036869026720523834, -0.10759681463241577], [0.999922513961792, -0.012044006958603859, 0.0015293773030862212, 0.0027423277497291565], [0.018415559083223343, -0.5927024483680725, 0.010909323580563068, -0.805137038230896], [0.896281361579895, 0.1704774796962738, 0.4041604697704315, -0.06535544991493225], [0.9074693322181702, -0.030122963711619377, -0.08405555784702301, -0.4105200469493866], [0.9042111039161682, 0.41594192385673523, -0.0925268828868866, 0.028869351372122765], [0.03982357308268547, 0.6315809488296509, -0.04507196694612503, -0.7729735970497131], [0.860215425491333, -0.21632196009159088, -0.41312375664711, -0.20630834996700287], [0.8794608116149902, 0.033501483500003815, 0.09935062378644943, -0.46427980065345764], [0.9395684003829956, -0.33132806420326233, 0.08621514588594437, 0.00014674803242087364]], "joint_names": ["Hips", "LeftUpLeg", "LeftLeg", "LeftFoot", "LeftToe", "RightUpLeg", "RightLeg", "RightFoot", "RightToe", "Spine", "Spine1", "Spine2", "Neck", "Head", "LeftShoulder", "LeftArm", "LeftForeArm", "LeftHand", "RightShoulder", "RightArm", "RightForeArm", "RightHand"]}