{"root_pos": [3.459455728530884, 91.11958312988281, -42.456703186035156], "local_quat": [[-0.056515321135520935, 0.7318102121353149, 0.679097056388855, -0.009326747618615627], [-0.0010525821708142757, -0.09201058745384216, -0.9957433938980103, 0.005292301531881094], [0.9875522255897522, 0.03449481353163719, 0.01899269036948681, -0.15228237211704254], [0.7661609649658203, -0.014342299662530422, -0.0559493713080883, 0.6400479078292847], [0.9825242757797241, -5.02242482980364e-06, 2.6511246687732637e-05, 0.18613438308238983], [0.006646801717579365, 0.03546598181128502, 0.9972966909408569, -0.06401039659976959], [0.9832800030708313, 0.08307952433824539, -0.061728186905384064, -0.14982593059539795], [0.7250352501869202, 0.08663934469223022, 0.014996570535004139, 0.6830758452415466], [0.9825242757797241, 4.897782673651818e-06, -2.6650322979548946e-05, 0.1861344575881958], [0.998455286026001, 0.004594694823026657, -0.0004907554830424488, 0.05536879599094391], [0.999683141708374, 0.009137528017163277, -0.0013789155054837465, 0.023414257913827896], [0.9997442960739136, 0.009141982533037663, -0.0013478888431563973, 0.02063923515379429], [0.9899709820747375, 0.01592620648443699, -0.13148720562458038, -0.049141936004161835], [0.9930791258811951, -0.05683090165257454, 0.07138480246067047, 0.07394750416278839], [0.019758377224206924, -0.5804771184921265, 0.041028790175914764, -0.8130021691322327], [0.8793857097625732, 0.15709689259529114, 0.4196248948574066, -0.16098523139953613], [0.9504250288009644, -0.01965111494064331, -0.09403042495250702, -0.2957437336444855], [0.9470520615577698, 0.29661789536476135, -0.10387571156024933, 0.06572669744491577], [-8.498955867253244e-05, 0.6144672632217407, -0.01863817684352398, -0.7887220978736877], [0.8240684270858765, -0.370860755443573, -0.38425636291503906, -0.18899890780448914], [0.949199378490448, 0.022450346499681473, 0.10649244487285614, -0.2952556610107422], [0.9892688989639282, -0.1404406577348709, 0.009021133184432983, 0.03926943987607956]], "joint_names": ["Hips", "LeftUpLeg", "LeftLeg", "LeftFoot", "LeftToe", "RightUpLeg", "RightLeg", "RightFoot", "RightToe", "Spine", "Spine1", "Spine2", "Neck", "Head", "LeftShoulder", "LeftArm", "LeftForeArm", "LeftHand", "RightShoulder", "RightArm", "RightForeArm", "RightHand"]}