{"root_pos": [-8.191976547241211, 82.90833282470703, 124.28031158447266], "local_quat": [[0.0878363698720932, 0.7552680969238281, 0.6480498909950256, 0.04343057796359062], [0.18918080627918243, -0.1334078460931778, -0.9728255271911621, -0.004843099508434534], [0.9213468432426453, 0.02233908697962761, 0.0164567269384861, -0.3877500891685486], [0.6390694975852966, -0.08728314191102982, -0.13773781061172485, 0.7516648769378662], [0.9825242757797241, -5.022424375056289e-06, 2.6511246687732637e-05, 0.18613435328006744], [0.2161853015422821, 0.2394435703754425, 0.9449660181999207, -0.05449625849723816], [0.965379536151886, 0.037333108484745026, -0.07742612808942795, -0.24627991020679474], [0.8773661255836487, 0.10178006440401077, 0.0787857323884964, 0.462236225605011], [0.9825242757797241, 4.879726930084871e-06, -2.6742562113213353e-05, 0.18613435328006744], [0.9982874989509583, -0.0032741131726652384, 0.0034894701093435287, 0.058302175253629684], [0.9995251893997192, -0.006239060312509537, 0.007254658732563257, 0.02928854152560234], [0.9996026158332825, -0.006262721959501505, 0.0072354525327682495, 0.02651376463472843], [0.9863260388374329, 0.04226140305399895, -0.015445451252162457, -0.15854443609714508], [0.9992567300796509, 0.030730905011296272, 0.015318035148084164, 0.01751812919974327], [0.016108058393001556, -0.59892338514328, 0.037458084523677826, -0.7997675538063049], [0.8524787425994873, 0.22527073323726654, 0.38433098793029785, -0.2735375761985779], [0.8490001559257507, -0.03299744054675102, -0.08514928817749023, -0.5204416513442993], [0.9091231226921082, 0.4078304171562195, -0.0723588615655899, 0.043973710387945175], [0.03048328310251236, 0.588211178779602, -0.05417110398411751, -0.806315004825592], [0.864868700504303, -0.35339489579200745, -0.3388252854347229, -0.11095761507749557], [0.957817554473877, 0.016532573848962784, 0.08940239250659943, -0.27261582016944885], [0.9726853370666504, -0.22918660938739777, -0.012149376794695854, 0.034772370010614395]], "joint_names": ["Hips", "LeftUpLeg", "LeftLeg", "LeftFoot", "LeftToe", "RightUpLeg", "RightLeg", "RightFoot", "RightToe", "Spine", "Spine1", "Spine2", "Neck", "Head", "LeftShoulder", "LeftArm", "LeftForeArm", "LeftHand", "RightShoulder", "RightArm", "RightForeArm", "RightHand"]}