{"root_pos": [-135.60232543945312, 83.08870697021484, -24.33656120300293], "local_quat": [[0.04621513932943344, -0.7213312983512878, -0.6907750368118286, -0.019369110465049744], [-0.005610986612737179, 0.07169237732887268, -0.9913524985313416, -0.10976723581552505], [0.9813003540039062, -0.04412994161248207, 0.04670972377061844, -0.181440070271492], [0.6365994811058044, -0.09637870639562607, -0.07729440182447433, 0.7612343430519104], [0.9821214079856873, -0.0016712493961676955, -0.0005434081540443003, 0.18824054300785065], [0.016086572781205177, 0.36416736245155334, 0.925915002822876, -0.09901941567659378], [0.8018614649772644, 0.02395685575902462, -0.04311992600560188, -0.5954704284667969], [0.7741168141365051, -0.011469277553260326, -0.06843015551567078, 0.6292288303375244], [0.9826831817626953, -0.0009921103483065963, 0.0021347161382436752, 0.18527887761592865], [0.9967053532600403, -0.010086006484925747, -0.01189510989934206, 0.07959452271461487], [0.9972280263900757, -0.023155577480793, -0.021223748102784157, 0.06745082139968872], [0.9974616169929504, -0.025810718536376953, -0.020608313381671906, 0.06308325380086899], [0.989421546459198, -0.0616251602768898, 0.11524054408073425, 0.06298399716615677], [0.9982165694236755, -0.01901720091700554, 0.01059919223189354, -0.055585432797670364], [-0.01714944653213024, -0.6314392685890198, -0.005743043962866068, -0.775214433670044], [0.8762676119804382, 0.2800523042678833, 0.2715151607990265, -0.2828522026538849], [0.9118035435676575, -0.028871558606624603, -0.10612577944993973, -0.39562365412712097], [0.992142379283905, 0.10692333430051804, -0.056429143995046616, 0.032196879386901855], [0.01338130235671997, 0.5997631549835205, -0.03325565904378891, -0.7993742227554321], [0.860981822013855, -0.21382632851600647, -0.4245073199272156, -0.18105857074260712], [0.981536328792572, 0.0059793549589812756, 0.060111962258815765, -0.18148618936538696], [0.9447749853134155, -0.30592581629753113, 0.036381691694259644, 0.11174115538597107]], "joint_names": ["Hips", "LeftUpLeg", "LeftLeg", "LeftFoot", "LeftToe", "RightUpLeg", "RightLeg", "RightFoot", "RightToe", "Spine", "Spine1", "Spine2", "Neck", "Head", "LeftShoulder", "LeftArm", "LeftForeArm", "LeftHand", "RightShoulder", "RightArm", "RightForeArm", "RightHand"]}