{"root_pos": [-131.46694946289062, 81.52565002441406, -25.06232452392578], "local_quat": [[0.04698198288679123, -0.721808910369873, -0.6901930570602417, -0.020447863265872], [-0.0023284440394490957, 0.09883774816989899, -0.9894287586212158, -0.10609596222639084], [0.9844486117362976, -0.040427014231681824, 0.0413375198841095, -0.16588468849658966], [0.6204939484596252, -0.09210410714149475, -0.08049435913562775, 0.7746126651763916], [0.9819958209991455, -0.002133073518052697, -0.0007354734116233885, 0.18888896703720093], [0.009093460626900196, 0.38015732169151306, 0.9200900793075562, -0.0939791351556778], [0.8262147903442383, 0.02486409805715084, -0.03795724734663963, -0.5615247488021851], [0.7609924674034119, -0.01574569009244442, -0.07206802815198898, 0.6445531249046326], [0.9827209711074829, -0.0011525844456627965, 0.002863938920199871, 0.18506741523742676], [0.9962742924690247, -0.011168144643306732, -0.01066023763269186, 0.08484812080860138], [0.9967338442802429, -0.025990646332502365, -0.017785271629691124, 0.07436282187700272], [0.9970459342002869, -0.029339833185076714, -0.017081527039408684, 0.06889718770980835], [0.9897211194038391, -0.058639176189899445, 0.11803198605775833, 0.055514611303806305], [0.9978588223457336, -0.015702389180660248, 0.007819995284080505, -0.06300853937864304], [-0.018025243654847145, -0.6334308385848999, -0.008231516927480698, -0.7735455632209778], [0.8842582702636719, 0.24162642657756805, 0.2682234048843384, -0.29624345898628235], [0.8985515236854553, -0.029820002615451813, -0.10484231263399124, -0.42511650919914246], [0.9918723702430725, 0.1049688309431076, -0.06746187061071396, 0.024892687797546387], [0.013956557959318161, 0.5997965931892395, -0.03355594724416733, -0.7993268370628357], [0.863518476486206, -0.210751011967659, -0.42288631200790405, -0.17631496489048004], [0.9813088178634644, 0.00653297733515501, 0.06051880866289139, -0.18255920708179474], [0.9447703957557678, -0.3067631721496582, 0.034891050308942795, 0.1099449172616005]], "joint_names": ["Hips", "LeftUpLeg", "LeftLeg", "LeftFoot", "LeftToe", "RightUpLeg", "RightLeg", "RightFoot", "RightToe", "Spine", "Spine1", "Spine2", "Neck", "Head", "LeftShoulder", "LeftArm", "LeftForeArm", "LeftHand", "RightShoulder", "RightArm", "RightForeArm", "RightHand"]}