{"root_pos": [-122.72432708740234, 78.66303253173828, -25.982975006103516], "local_quat": [[0.038620028644800186, -0.7257859110832214, -0.686238706111908, -0.028629245236516], [0.009943054988980293, 0.14713743329048157, -0.9843143224716187, -0.09683544188737869], [0.9852105379104614, -0.0276652742177248, 0.030199332162737846, -0.16638168692588806], [0.6074495911598206, -0.07785041630268097, -0.08590034395456314, 0.7858533263206482], [0.9817074537277222, -0.003117009997367859, -0.0012345423456281424, 0.19036592543125153], [-0.016641955822706223, 0.40795302391052246, 0.908190906047821, -0.09212224930524826], [0.8535192012786865, 0.027038613334298134, -0.032922014594078064, -0.5193168520927429], [0.7336567640304565, -0.013546422123908997, -0.07077215611934662, 0.6756889224052429], [0.9828096032142639, -0.0015169865218922496, 0.004491964355111122, 0.18456102907657623], [0.9953958988189697, -0.015119652263820171, -0.006179708521813154, 0.09444700181484222], [0.9955368041992188, -0.034099187701940536, -0.00847170501947403, 0.08759001642465591], [0.9959980845451355, -0.038312122225761414, -0.00750955194234848, 0.08039658516645432], [0.9903587698936462, -0.049813900142908096, 0.1228930801153183, 0.0400681309401989], [0.9969021677970886, -0.004743162076920271, -0.0027866398449987173, -0.07845897972583771], [-0.01870516873896122, -0.6345281004905701, -0.013325519859790802, -0.7725585699081421], [0.8877476453781128, 0.17423896491527557, 0.2747494578361511, -0.3256649971008301], [0.8641209006309509, -0.03158366680145264, -0.1000007763504982, -0.4922371208667755], [0.9895033836364746, 0.1111837700009346, -0.09213448315858841, 0.00570025946944952], [0.015199761837720871, 0.5995975732803345, -0.03421154245734215, -0.7994256019592285], [0.8662014603614807, -0.20543746650218964, -0.4228721857070923, -0.16932086646556854], [0.9776577949523926, 0.007575684692710638, 0.05975664407014847, -0.20138762891292572], [0.94388747215271, -0.31210657954216003, 0.03033754788339138, 0.10366103798151016]], "joint_names": ["Hips", "LeftUpLeg", "LeftLeg", "LeftFoot", "LeftToe", "RightUpLeg", "RightLeg", "RightFoot", "RightToe", "Spine", "Spine1", "Spine2", "Neck", "Head", "LeftShoulder", "LeftArm", "LeftForeArm", "LeftHand", "RightShoulder", "RightArm", "RightForeArm", "RightHand"]}