{"root_pos": [-127.1460952758789, 80.039306640625, -25.7056884765625], "local_quat": [[0.04400267079472542, -0.7236536741256714, -0.6883308291435242, -0.024287709966301918], [0.004718681797385216, 0.12699484825134277, -0.9866936802864075, -0.10141812264919281], [0.9855897426605225, -0.03459591418504715, 0.035658158361911774, -0.16169244050979614], [0.6105583906173706, -0.08563057333230972, -0.08352221548557281, 0.782885730266571], [0.9818540215492249, -0.00262911687605083, -0.0009427852928638458, 0.1896178424358368], [-0.003839589888229966, 0.3944714069366455, 0.9142332673072815, -0.09249290823936462], [0.8444584012031555, 0.02577861025929451, -0.034127287566661835, -0.533910870552063], [0.7469815015792847, -0.015467766672372818, -0.07123569399118423, 0.6608365178108215], [0.982763946056366, -0.0013471693964675069, 0.003674289910122752, 0.18482357263565063], [0.9958524107933044, -0.012759179808199406, -0.008669635280966759, 0.08966629952192307], [0.9961971044540405, -0.02951826900243759, -0.01333679910749197, 0.08088313788175583], [0.9965866804122925, -0.03338184952735901, -0.012502755038440228, 0.0744590237736702], [0.9900084137916565, -0.05473336949944496, 0.12074276804924011, 0.04804878309369087], [0.9974431395530701, -0.010900626890361309, 0.0032913729082792997, -0.07055214047431946], [-0.018394378945231438, -0.6341128349304199, -0.010627581737935543, -0.7729486227035522], [0.8881829380989075, 0.20548243820667267, 0.27024155855178833, -0.30964094400405884], [0.8814349174499512, -0.03078102506697178, -0.10261097550392151, -0.4599955976009369], [0.9908589720726013, 0.107375368475914, -0.08025582879781723, 0.01510265376418829], [0.01460136380046606, 0.5998548865318298, -0.03394100442528725, -0.7992551922798157], [0.8654686808586121, -0.20743733644485474, -0.4221023619174957, -0.17252030968666077], [0.9800822734832764, 0.007173087913542986, 0.06051627919077873, -0.1890108287334442], [0.9444147944450378, -0.3090071976184845, 0.033005982637405396, 0.10726584494113922]], "joint_names": ["Hips", "LeftUpLeg", "LeftLeg", "LeftFoot", "LeftToe", "RightUpLeg", "RightLeg", "RightFoot", "RightToe", "Spine", "Spine1", "Spine2", "Neck", "Head", "LeftShoulder", "LeftArm", "LeftForeArm", "LeftHand", "RightShoulder", "RightArm", "RightForeArm", "RightHand"]}