{"root_pos": [-142.37228393554688, 86.14694213867188, -21.63673210144043], "local_quat": [[0.04787195473909378, -0.7170782685279846, -0.6951826214790344, -0.015099587850272655], [-0.00882069393992424, 0.030089182779192924, -0.9930934309959412, -0.11305908858776093], [0.9760032296180725, -0.045482635498046875, 0.052417054772377014, -0.20640115439891815], [0.6804386377334595, -0.10414901375770569, -0.08127877116203308, 0.720798134803772], [0.9823305606842041, -0.0008387595298700035, -0.00014985304733272642, 0.18715232610702515], [0.019316846504807472, 0.33811259269714355, 0.9354640245437622, -0.10106348246335983], [0.7710245847702026, 0.018680725246667862, -0.047485627233982086, -0.6347576379776001], [0.7920645475387573, -0.011433376930654049, -0.06592535972595215, 0.606759250164032], [0.9826167225837708, -0.0005464025889523327, 0.0009085290366783738, 0.18564271926879883], [0.9971373081207275, -0.006156855262815952, -0.01274061854928732, 0.07427679747343063], [0.9978049993515015, -0.014237507246434689, -0.02446279302239418, 0.05986649543046951], [0.9979783892631531, -0.015247524715960026, -0.024549782276153564, 0.05660257861018181], [0.9895631074905396, -0.06620316952466965, 0.10651105642318726, 0.07097354531288147], [0.9985705614089966, -0.02481359802186489, 0.014586428180336952, -0.045036546885967255], [-0.014579109847545624, -0.6269548535346985, -0.0001459990453440696, -0.7789191603660583], [0.8599088191986084, 0.3355637788772583, 0.28799986839294434, -0.25497040152549744], [0.929324746131897, -0.02668796479701996, -0.10655146837234497, -0.3525480329990387], [0.9925249814987183, 0.10636262595653534, -0.04144633561372757, 0.043166790157556534], [0.009240957908332348, 0.601067304611206, -0.02912084199488163, -0.7986142635345459], [0.8619487285614014, -0.20642328262329102, -0.41935819387435913, -0.19639889895915985], [0.9819758534431458, 0.005858995020389557, 0.06015007570385933, -0.17908412218093872], [0.9441086649894714, -0.306415319442749, 0.04028213024139404, 0.11465518176555634]], "joint_names": ["Hips", "LeftUpLeg", "LeftLeg", "LeftFoot", "LeftToe", "RightUpLeg", "RightLeg", "RightFoot", "RightToe", "Spine", "Spine1", "Spine2", "Neck", "Head", "LeftShoulder", "LeftArm", "LeftForeArm", "LeftHand", "RightShoulder", "RightArm", "RightForeArm", "RightHand"]}