{"root_pos": [-117.5914077758789, 77.16783142089844, -25.956424713134766], "local_quat": [[0.029627634212374687, -0.7286010980606079, -0.6834519505500793, -0.03400121256709099], [0.015204356983304024, 0.1554429978132248, -0.9833870530128479, -0.09249930828809738], [0.9824056625366211, -0.019960667937994003, 0.025862939655780792, -0.18387962877750397], [0.6133089065551758, -0.07074545323848724, -0.0893406793475151, 0.7815788388252258], [0.981528103351593, -0.0036936162505298853, -0.0016287132166326046, 0.19127532839775085], [-0.028425995260477066, 0.41451913118362427, 0.9048452377319336, -0.09284855425357819], [0.8537118434906006, 0.028636939823627472, -0.033307965844869614, -0.5188897848129272], [0.7154393792152405, -0.012712066993117332, -0.07324055582284927, 0.6947091221809387], [0.9828636646270752, -0.0016555991023778915, 0.005511724390089512, 0.18424391746520996], [0.994884192943573, -0.01848655194044113, -0.003359185066074133, 0.09925925731658936], [0.9947047233581543, -0.04024578258395195, -0.0034274577628821135, 0.09450429677963257], [0.9952276349067688, -0.04454966261982918, -0.0021524005569517612, 0.08679123967885971], [0.9906556606292725, -0.04483414813876152, 0.12448564916849136, 0.03308593109250069], [0.9961971044540405, 0.0017424224643036723, -0.00966503657400608, -0.08657307177782059], [-0.01897464506328106, -0.6356533169746399, -0.016298983246088028, -0.7715693712234497], [0.8856408596038818, 0.14544788002967834, 0.27898138761520386, -0.3415473997592926], [0.8459405303001404, -0.032236553728580475, -0.09713409841060638, -0.5233644843101501], [0.9880968332290649, 0.11516639590263367, -0.1019253134727478, -0.0035431641153991222], [0.016126569360494614, 0.598832905292511, -0.034712567925453186, -0.7999587059020996], [0.8662771582603455, -0.20548392832279205, -0.42426300048828125, -0.1653517186641693], [0.9743112921714783, 0.007683929055929184, 0.05853099375963211, -0.21733057498931885], [0.9438108801841736, -0.3138729929924011, 0.02835497446358204, 0.09950270503759384]], "joint_names": ["Hips", "LeftUpLeg", "LeftLeg", "LeftFoot", "LeftToe", "RightUpLeg", "RightLeg", "RightFoot", "RightToe", "Spine", "Spine1", "Spine2", "Neck", "Head", "LeftShoulder", "LeftArm", "LeftForeArm", "LeftHand", "RightShoulder", "RightArm", "RightForeArm", "RightHand"]}