{"root_pos": [-144.86756896972656, 87.02212524414062, -20.24025535583496], "local_quat": [[0.04846443235874176, -0.7160512208938599, -0.6962615847587585, -0.011898541823029518], [-0.010174865834414959, 0.013030759990215302, -0.9932875037193298, -0.11448360234498978], [0.9739248752593994, -0.04628613218665123, 0.05540701374411583, -0.2150765210390091], [0.6975862383842468, -0.11019095033407211, -0.08736517280340195, 0.7025658488273621], [0.982404351234436, -0.0005120777059346437, -3.5353154089534655e-05, 0.1867658942937851], [0.018776848912239075, 0.3169023394584656, 0.9428914785385132, -0.10087587684392929], [0.767749547958374, 0.01646389439702034, -0.047960683703422546, -0.6387403607368469], [0.7920894622802734, -0.01227156724780798, -0.06511415541172028, 0.606797993183136], [0.9825873374938965, -0.0003206165856681764, 0.0005496934754773974, 0.18580016493797302], [0.9972063302993774, -0.004387507680803537, -0.012891968712210655, 0.07344407588243484], [0.997913122177124, -0.010196755640208721, -0.02547808736562729, 0.05844869464635849], [0.998078465461731, -0.010431129485368729, -0.025724604725837708, 0.055396918207407], [0.9898253679275513, -0.06821617484092712, 0.10102614760398865, 0.0733899250626564], [0.998634397983551, -0.028020137920975685, 0.017365530133247375, -0.040529679507017136], [-0.013413133099675179, -0.6253997087478638, 0.0020601239521056414, -0.7801865935325623], [0.8548509478569031, 0.3502977788448334, 0.2938406765460968, -0.24531394243240356], [0.933738112449646, -0.026113206520676613, -0.10675527900457382, -0.3406679332256317], [0.9927924275398254, 0.10400806367397308, -0.037197794765233994, 0.0464952327311039], [0.007239434868097305, 0.6012850999832153, -0.026779508218169212, -0.7985528111457825], [0.86302649974823, -0.20166075229644775, -0.4174564480781555, -0.2006196677684784], [0.9816527366638184, 0.0059976959601044655, 0.06021910905838013, -0.18081913888454437], [0.9435486793518066, -0.3080659806728363, 0.04143201932311058, 0.11443215608596802]], "joint_names": ["Hips", "LeftUpLeg", "LeftLeg", "LeftFoot", "LeftToe", "RightUpLeg", "RightLeg", "RightFoot", "RightToe", "Spine", "Spine1", "Spine2", "Neck", "Head", "LeftShoulder", "LeftArm", "LeftForeArm", "LeftHand", "RightShoulder", "RightArm", "RightForeArm", "RightHand"]}