{"root_pos": [-111.9788818359375, 75.63577270507812, -25.81089973449707], "local_quat": [[0.020713351666927338, -0.7322758436203003, -0.6796399354934692, -0.03785053640604019], [0.021901071071624756, 0.15771107375621796, -0.9832056760787964, -0.08918675035238266], [0.9766826033592224, -0.012404241599142551, 0.023077791556715965, -0.2130836546421051], [0.6289516091346741, -0.061495695263147354, -0.08785419166088104, 0.7700129151344299], [0.9813127517700195, -0.004357083700597286, -0.002070469781756401, 0.19235888123512268], [-0.03759034723043442, 0.4170331656932831, 0.9034932851791382, -0.0914883017539978], [0.8466793298721313, 0.02939789742231369, -0.034122906625270844, -0.5301938056945801], [0.6924756765365601, -0.013195241801440716, -0.07697504758834839, 0.7172016501426697], [0.9829254746437073, -0.0017559982370585203, 0.006707191001623869, 0.1838735193014145], [0.994341254234314, -0.02156754769384861, -0.0004159563104622066, 0.10401985794305801], [0.9937728047370911, -0.04563753306865692, 0.001562627381645143, 0.101638562977314], [0.994364857673645, -0.04977241903543472, 0.003354024374857545, 0.09354063123464584], [0.9909936785697937, -0.03964410349726677, 0.12481045722961426, 0.02796735055744648], [0.9952969551086426, 0.008330212906002998, -0.016768217086791992, -0.09504412859678268], [-0.018691936507821083, -0.6371359825134277, -0.018479226157069206, -0.7703032493591309], [0.8836803436279297, 0.12137953191995621, 0.2845659852027893, -0.35128089785575867], [0.8310307860374451, -0.03261471912264824, -0.09451241791248322, -0.5471668243408203], [0.9869063496589661, 0.11762382090091705, -0.10979529470205307, -0.011204046197235584], [0.016489585861563683, 0.5978036522865295, -0.034582991153001785, -0.8007264733314514], [0.8669806718826294, -0.20646436512470245, -0.42312681674957275, -0.16334199905395508], [0.9710272550582886, 0.007909650914371014, 0.0577184222638607, -0.2317587286233902], [0.9438700079917908, -0.3149222135543823, 0.028560655191540718, 0.09548661857843399]], "joint_names": ["Hips", "LeftUpLeg", "LeftLeg", "LeftFoot", "LeftToe", "RightUpLeg", "RightLeg", "RightFoot", "RightToe", "Spine", "Spine1", "Spine2", "Neck", "Head", "LeftShoulder", "LeftArm", "LeftForeArm", "LeftHand", "RightShoulder", "RightArm", "RightForeArm", "RightHand"]}