{"root_pos": [-105.94835662841797, 74.19865417480469, -25.696609497070312], "local_quat": [[0.013832369819283485, -0.7362290620803833, -0.6754961609840393, -0.03847347944974899], [0.029037900269031525, 0.161234512925148, -0.9827229380607605, -0.08611578494310379], [0.9688500761985779, -0.006104752887040377, 0.022363049909472466, -0.24656082689762115], [0.6512168049812317, -0.05165325850248337, -0.08220192044973373, 0.7526562809944153], [0.9810643792152405, -0.005109364632517099, -0.0025177623610943556, 0.1935981661081314], [-0.045718900859355927, 0.4180722236633301, 0.903052031993866, -0.08730680495500565], [0.8350839018821716, 0.028641853481531143, -0.03457726165652275, -0.5482872128486633], [0.6704456806182861, -0.013137103989720345, -0.07823718339204788, 0.7377051711082458], [0.9829984903335571, -0.0018429672345519066, 0.008025878109037876, 0.1834288388490677], [0.9937410950660706, -0.024018969386816025, 0.0029888346325606108, 0.10905417799949646], [0.9927253127098083, -0.04969548061490059, 0.007269266061484814, 0.10942553728818893], [0.9934117794036865, -0.05344881862401962, 0.009601596742868423, 0.10091634094715118], [0.9913647174835205, -0.03361297771334648, 0.12455729395151138, 0.02349167689681053], [0.9940513372421265, 0.015882223844528198, -0.024952325969934464, -0.10481937229633331], [-0.017783593386411667, -0.6388893723487854, -0.019729509949684143, -0.768839955329895], [0.8835515379905701, 0.10411851853132248, 0.2922908663749695, -0.35080206394195557], [0.822012722492218, -0.03272153064608574, -0.09243042021989822, -0.5609642267227173], [0.9860454201698303, 0.11845026165246964, -0.11581900715827942, -0.016431331634521484], [0.015937699005007744, 0.5967016816139221, -0.03351327404379845, -0.8016045689582825], [0.8701820373535156, -0.20454777777194977, -0.41782018542289734, -0.16238734126091003], [0.9676845669746399, 0.00828546192497015, 0.05749917030334473, -0.2453809380531311], [0.9438358545303345, -0.31590181589126587, 0.031843580305576324, 0.09146540611982346]], "joint_names": ["Hips", "LeftUpLeg", "LeftLeg", "LeftFoot", "LeftToe", "RightUpLeg", "RightLeg", "RightFoot", "RightToe", "Spine", "Spine1", "Spine2", "Neck", "Head", "LeftShoulder", "LeftArm", "LeftForeArm", "LeftHand", "RightShoulder", "RightArm", "RightForeArm", "RightHand"]}