{"root_pos": [-138.9147491455078, 84.82019805908203, -22.933027267456055], "local_quat": [[0.04869190230965614, -0.7190498113632202, -0.693054735660553, -0.016481857746839523], [-0.008810735307633877, 0.046834398061037064, -0.9924979209899902, -0.11259099841117859], [0.9786083698272705, -0.045140642672777176, 0.04937978461384773, -0.19454967975616455], [0.6585519909858704, -0.09904658049345016, -0.07677969336509705, 0.7420268058776855], [0.9822282791137695, -0.0012607306707650423, -0.0003042881144210696, 0.1876855343580246], [0.019321994855999947, 0.3536533713340759, 0.9298722743988037, -0.09946660697460175], [0.7809928059577942, 0.022250020876526833, -0.04716626927256584, -0.6223587393760681], [0.7858292460441589, -0.010218830779194832, -0.06769994646310806, 0.6146419048309326], [0.9826498627662659, -0.000820811023004353, 0.0014850839506834745, 0.18546265363693237], [0.9970014095306396, -0.008030873723328114, -0.012429957278072834, 0.07595494389533997], [0.9976143836975098, -0.01848709024488926, -0.023111848160624504, 0.06236652657389641], [0.9978014826774597, -0.02031588926911354, -0.02292042411863804, 0.05877123773097992], [0.989393413066864, -0.06425511091947556, 0.11118067800998688, 0.06790238618850708], [0.9984228610992432, -0.02223087102174759, 0.012829296290874481, -0.04993002861738205], [-0.015748366713523865, -0.6289612650871277, -0.00260380981490016, -0.7772727608680725], [0.8673343658447266, 0.31326010823249817, 0.2792034447193146, -0.2676651179790497], [0.9223076105117798, -0.027705498039722443, -0.10654360055923462, -0.3704449534416199], [0.9922889471054077, 0.10788305848836899, -0.04746571183204651, 0.038351379334926605], [0.011563386768102646, 0.6004669070243835, -0.03152581304311752, -0.7989442944526672], [0.8607242703437805, -0.212022602558136, -0.42258235812187195, -0.18874403834342957], [0.9821796417236328, 0.005701981484889984, 0.05999100208282471, -0.17802153527736664], [0.9447328448295593, -0.3049493730068207, 0.03860851377248764, 0.11399602890014648]], "joint_names": ["Hips", "LeftUpLeg", "LeftLeg", "LeftFoot", "LeftToe", "RightUpLeg", "RightLeg", "RightFoot", "RightToe", "Spine", "Spine1", "Spine2", "Neck", "Head", "LeftShoulder", "LeftArm", "LeftForeArm", "LeftHand", "RightShoulder", "RightArm", "RightForeArm", "RightHand"]}