{"root_pos": [-80.96649932861328, 71.3408432006836, -23.65911102294922], "local_quat": [[0.002888271352276206, -0.7495458126068115, -0.6614744663238525, -0.024983514100313187], [0.053825780749320984, 0.06666265428066254, -0.9931306838989258, -0.07968991249799728], [0.8244838714599609, 0.016946403309702873, 0.042570941150188446, -0.5640273690223694], [0.7481788992881775, -0.029123825952410698, -0.06473871320486069, 0.6596886515617371], [0.9798763990402222, -0.008584490045905113, -0.004159710835665464, 0.19937743246555328], [-0.0628240630030632, 0.40100744366645813, 0.9125748872756958, -0.04952942579984665], [0.7971141338348389, 0.016779839992523193, -0.024894362315535545, -0.6030818819999695], [0.6200823187828064, -0.01614806428551674, -0.06742043048143387, 0.7814676761627197], [0.9834111332893372, -0.002168047707527876, 0.013626541942358017, 0.1808650940656662], [0.990925133228302, -0.026622017845511436, 0.01843166910111904, 0.1304568499326706], [0.9883460402488708, -0.04915018007159233, 0.02996552735567093, 0.14091980457305908], [0.9897481799125671, -0.04874972999095917, 0.0311437901109457, 0.13058365881443024], [0.9930937886238098, -0.022388257086277008, 0.11479133367538452, 0.009304376319050789], [0.9867919087409973, 0.030414655804634094, -0.04894138127565384, -0.1513979583978653], [-0.011301564984023571, -0.6373181343078613, -0.020716944709420204, -0.7702393531799316], [0.882906436920166, 0.10825173556804657, 0.3284052908420563, -0.31765976548194885], [0.8316346406936646, -0.0345565490424633, -0.09124157577753067, -0.5466850996017456], [0.9869853258132935, 0.11352792382240295, -0.11197981238365173, -0.020781289786100388], [0.003790327114984393, 0.5991736054420471, -0.021110277622938156, -0.8003318905830383], [0.892303466796875, -0.13835261762142181, -0.3756982088088989, -0.20857590436935425], [0.9450690150260925, 0.010544132441282272, 0.056456372141838074, -0.3217858374118805], [0.9420266151428223, -0.3217605948448181, 0.061485085636377335, 0.07263319939374924]], "joint_names": ["Hips", "LeftUpLeg", "LeftLeg", "LeftFoot", "LeftToe", "RightUpLeg", "RightLeg", "RightFoot", "RightToe", "Spine", "Spine1", "Spine2", "Neck", "Head", "LeftShoulder", "LeftArm", "LeftForeArm", "LeftHand", "RightShoulder", "RightArm", "RightForeArm", "RightHand"]}