{"root_pos": [-37.17462921142578, 81.23673248291016, -10.39732551574707], "local_quat": [[-0.028294963762164116, -0.7850821018218994, -0.6139792203903198, -0.07664769887924194], [-0.007968036457896233, -0.4678729176521301, -0.8830233812332153, -0.036070361733436584], [0.7017782330513, -0.0030488313641399145, 0.058788787573575974, -0.709959089756012], [0.7476101517677307, -0.028089767321944237, -0.0425245501101017, 0.6621794700622559], [0.9777697920799255, -0.01565232127904892, -0.004915129859000444, 0.20903831720352173], [-0.05010039731860161, 0.058270327746868134, 0.995244026184082, -0.0598648376762867], [0.934499979019165, 0.009388971142470837, 0.018568644300103188, -0.3553544878959656], [0.7287027835845947, 0.011506974697113037, 0.010733800940215588, 0.6846492886543274], [0.9839788675308228, -0.003125447081401944, 0.023231936618685722, 0.1767372488975525], [0.9894254207611084, 0.010699565522372723, 0.016050631180405617, 0.14375382661819458], [0.9888342022895813, 0.029018459841609, 0.005149289965629578, 0.1460760235786438], [0.9906505346298218, 0.03667249530553818, -0.000834145990666002, 0.1314004808664322], [0.9965888261795044, -0.0690690129995346, 0.044953759759664536, -0.004409716464579105], [0.987177312374115, -0.03893512487411499, 0.011446524411439896, -0.15438231825828552], [0.011680376715958118, -0.627120852470398, -0.002144292928278446, -0.7788314819335938], [0.841991126537323, 0.32182565331459045, 0.40304166078567505, -0.15822947025299072], [0.9021671414375305, -0.03907342627644539, -0.09798100590705872, -0.4182910621166229], [0.9932457208633423, 0.05773995816707611, -0.10036400705575943, -0.007484004832804203], [-0.03512682393193245, 0.6424513459205627, 0.014866676181554794, -0.765376627445221], [0.8595892786979675, 0.07258529216051102, -0.3410489559173584, -0.3735281229019165], [0.7490289211273193, 0.000765559496358037, 0.005668693222105503, -0.6625125408172607], [0.9307353496551514, -0.34812095761299133, 0.1119970753788948, 0.0005263814819045365]], "joint_names": ["Hips", "LeftUpLeg", "LeftLeg", "LeftFoot", "LeftToe", "RightUpLeg", "RightLeg", "RightFoot", "RightToe", "Spine", "Spine1", "Spine2", "Neck", "Head", "LeftShoulder", "LeftArm", "LeftForeArm", "LeftHand", "RightShoulder", "RightArm", "RightForeArm", "RightHand"]}