{"root_pos": [-75.4291763305664, 72.03028869628906, -22.118267059326172], "local_quat": [[-0.009667972102761269, -0.7531177401542664, -0.656978964805603, -0.033150434494018555], [0.042379721999168396, -0.016273893415927887, -0.9961413741111755, -0.07510984688997269], [0.7430313229560852, 0.017437508329749107, 0.05558665841817856, -0.6667162179946899], [0.755580484867096, -0.037619397044181824, -0.0697731003165245, 0.6502419710159302], [0.9795575141906738, -0.00931665487587452, -0.004483934957534075, 0.20089839398860931], [-0.057270850986242294, 0.36405864357948303, 0.9280391931533813, -0.054079242050647736], [0.8052584528923035, 0.013220555149018764, -0.018825946375727654, -0.5924775004386902], [0.6037569642066956, -0.02528143860399723, -0.07152972370386124, 0.7935502529144287], [0.983517050743103, -0.0021965536288917065, 0.014869914390146732, 0.1801893264055252], [0.9901151061058044, -0.022210562601685524, 0.021793881431221962, 0.13676151633262634], [0.9875933527946472, -0.03861907497048378, 0.03281319513916969, 0.14863106608390808], [0.9893473386764526, -0.036277975887060165, 0.03223603591322899, 0.13724656403064728], [0.994152307510376, -0.025944776833057404, 0.10471420735120773, 0.0047892979346215725], [0.9857277870178223, 0.02509373053908348, -0.048176370561122894, -0.1593427211046219], [-0.006886977702379227, -0.6341630220413208, -0.017374204471707344, -0.7729734182357788], [0.8748388290405273, 0.14713311195373535, 0.351633757352829, -0.29893577098846436], [0.8503593802452087, -0.03553882613778114, -0.09325741976499557, -0.5166516900062561], [0.9887901544570923, 0.1042037159204483, -0.10568885505199432, -0.016295993700623512], [-0.0036812929902225733, 0.6023388504981995, -0.013821973465383053, -0.7981123328208923], [0.8940034508705139, -0.09373821318149567, -0.36134567856788635, -0.24779053032398224], [0.9297069907188416, 0.011154758743941784, 0.05359998717904091, -0.364207923412323], [0.9405617117881775, -0.3254352807998657, 0.07315493375062943, 0.06390529870986938]], "joint_names": ["Hips", "LeftUpLeg", "LeftLeg", "LeftFoot", "LeftToe", "RightUpLeg", "RightLeg", "RightFoot", "RightToe", "Spine", "Spine1", "Spine2", "Neck", "Head", "LeftShoulder", "LeftArm", "LeftForeArm", "LeftHand", "RightShoulder", "RightArm", "RightForeArm", "RightHand"]}