{"root_pos": [-54.79058837890625, 77.2130355834961, -16.046852111816406], "local_quat": [[-0.037867724895477295, -0.7703604698181152, -0.6327189803123474, -0.06911900639533997], [0.002006978029385209, -0.3033773601055145, -0.951713502407074, -0.04689919948577881], [0.6187971830368042, 0.011297312565147877, 0.06301122903823853, -0.7829380035400391], [0.7469539046287537, -0.027197344228625298, -0.04760372266173363, 0.6626114845275879], [0.9785177111625671, -0.01266283169388771, -0.004717228934168816, 0.20571939647197723], [-0.05245593562722206, 0.17742545902729034, 0.9805898666381836, -0.0649004653096199], [0.8863345980644226, 0.004213062115013599, 0.011959517374634743, -0.46287161111831665], [0.6455671787261963, -0.019267341122031212, -0.03095231205224991, 0.7628327012062073], [0.9838036298751831, -0.002770316321402788, 0.01934458129107952, 0.1781812608242035], [0.9889906048774719, -0.002008449984714389, 0.02214149944484234, 0.14629891514778137], [0.9876217842102051, 0.0035415790043771267, 0.02335517667233944, 0.15506531298160553], [0.9898639917373657, 0.01010448019951582, 0.0180915929377079, 0.14049898087978363], [0.9963238835334778, -0.04730828478932381, 0.07095161080360413, -0.008147642947733402], [0.9862419366836548, -0.006518323440104723, -0.023205386474728584, -0.16354143619537354], [0.0040505426004529, -0.6276012063026428, -0.007254381664097309, -0.7784906029701233], [0.8472058176994324, 0.25620418787002563, 0.4021964967250824, -0.23417890071868896], [0.8980185985565186, -0.03887195140123367, -0.09958682209253311, -0.42677173018455505], [0.9922294020652771, 0.06874285638332367, -0.10359309613704681, -0.004881173372268677], [-0.02562043070793152, 0.6249982714653015, 0.005691428668797016, -0.780184805393219], [0.8714156150817871, 0.027095146477222443, -0.335056871175766, -0.3572637736797333], [0.8442988991737366, 0.00908740609884262, 0.03132975846529007, -0.534878671169281], [0.9340713024139404, -0.3415425717830658, 0.1002737283706665, 0.028368348255753517]], "joint_names": ["Hips", "LeftUpLeg", "LeftLeg", "LeftFoot", "LeftToe", "RightUpLeg", "RightLeg", "RightFoot", "RightToe", "Spine", "Spine1", "Spine2", "Neck", "Head", "LeftShoulder", "LeftArm", "LeftForeArm", "LeftHand", "RightShoulder", "RightArm", "RightForeArm", "RightHand"]}