{"root_pos": [-93.0827865600586, 72.07466125488281, -25.140880584716797], "local_quat": [[0.012144384905695915, -0.7433182597160339, -0.6682045459747314, -0.0288638137280941], [0.04355442523956299, 0.16210493445396423, -0.982754647731781, -0.07757729291915894], [0.938959538936615, 0.004284517839550972, 0.02610562928020954, -0.34300875663757324], [0.7044053077697754, -0.033053718507289886, -0.06578905880451202, 0.7059691548347473], [0.9804995059967041, -0.006841443944722414, -0.0034013858530670404, 0.19637301564216614], [-0.0585215799510479, 0.41947701573371887, 0.9035670757293701, -0.06465830653905869], [0.8091387152671814, 0.023733116686344147, -0.031984444707632065, -0.5862663984298706], [0.6425890922546387, -0.013631755486130714, -0.0750691294670105, 0.7624027729034424], [0.9831764101982117, -0.0019546544644981623, 0.010847956873476505, 0.18232569098472595], [0.9923978447914124, -0.027903828769922256, 0.010464390739798546, 0.11940797418355942], [0.9903867840766907, -0.05528237298130989, 0.019626004621386528, 0.12527017295360565], [0.9913362264633179, -0.0577673465013504, 0.022445814684033394, 0.11580910533666611], [0.9918040037155151, -0.023116428405046463, 0.1247463971376419, 0.015126955695450306], [0.99045729637146, 0.029671216383576393, -0.041528504341840744, -0.1280207335948944], [-0.015909507870674133, -0.6413934230804443, -0.02191534824669361, -0.7667340040206909], [0.8859035968780518, 0.08454035222530365, 0.3060542345046997, -0.33816954493522644], [0.8154854774475098, -0.032988324761390686, -0.08991535753011703, -0.5707980990409851], [0.9852799773216248, 0.11938465386629105, -0.12031678110361099, -0.022241421043872833], [0.012825612910091877, 0.5964599847793579, -0.029974060133099556, -0.8019803166389465], [0.8824930191040039, -0.18632705509662628, -0.39819514751434326, -0.1671193689107895], [0.959931492805481, 0.0093684745952487, 0.057921767234802246, -0.27402353286743164], [0.9431673288345337, -0.31874725222587585, 0.043058086186647415, 0.08355546742677689]], "joint_names": ["Hips", "LeftUpLeg", "LeftLeg", "LeftFoot", "LeftToe", "RightUpLeg", "RightLeg", "RightFoot", "RightToe", "Spine", "Spine1", "Spine2", "Neck", "Head", "LeftShoulder", "LeftArm", "LeftForeArm", "LeftHand", "RightShoulder", "RightArm", "RightForeArm", "RightHand"]}