{"root_pos": [-62.737586975097656, 75.4444580078125, -18.583484649658203], "local_quat": [[-0.035279519855976105, -0.7646239399909973, -0.6407834887504578, -0.05917849764227867], [0.013082483783364296, -0.21092623472213745, -0.9757941961288452, -0.05625583976507187], [0.635300874710083, 0.014607707038521767, 0.0644567459821701, -0.7694314122200012], [0.7514791488647461, -0.03423769772052765, -0.058871932327747345, 0.6562322974205017], [0.9788789749145508, -0.01130199246108532, -0.004739439580589533, 0.2040729522705078], [-0.05276970937848091, 0.24784061312675476, 0.9650964140892029, -0.06617628782987595], [0.8589297533035278, 0.005757096689194441, 0.002237479668110609, -0.5120562314987183], [0.6163895726203918, -0.029881414026021957, -0.05468892678618431, 0.7849713563919067], [0.9837114810943604, -0.002496203640475869, 0.01763797178864479, 0.17886982858181], [0.9890439510345459, -0.008900929242372513, 0.024165594950318336, 0.1453576683998108], [0.9871816039085388, -0.010428372770547867, 0.030469564720988274, 0.15631821751594543], [0.9894367456436157, -0.00490055326372385, 0.026421111077070236, 0.14245277643203735], [0.9958507418632507, -0.03859751299023628, 0.08215194940567017, -0.0065339189022779465], [0.9856004118919373, 0.006398358847945929, -0.03523848578333855, -0.1652545928955078], [0.001111514400690794, -0.6285831928253174, -0.009922107681632042, -0.7776783108711243], [0.8539860248565674, 0.2236892729997635, 0.3933330774307251, -0.2568269371986389], [0.8873072862625122, -0.03761381655931473, -0.09782156348228455, -0.44911253452301025], [0.9916278123855591, 0.07958720624446869, -0.101487897336483, -0.006365540903061628], [-0.019768493250012398, 0.6157732009887695, 0.0006616688333451748, -0.787675142288208], [0.8819270133972168, -0.008327392861247063, -0.33802345395088196, -0.3284439444541931], [0.8801488280296326, 0.01095324195921421, 0.04117271676659584, -0.47278207540512085], [0.9359887838363647, -0.3372020721435547, 0.0923442393541336, 0.04113912582397461]], "joint_names": ["Hips", "LeftUpLeg", "LeftLeg", "LeftFoot", "LeftToe", "RightUpLeg", "RightLeg", "RightFoot", "RightToe", "Spine", "Spine1", "Spine2", "Neck", "Head", "LeftShoulder", "LeftArm", "LeftForeArm", "LeftHand", "RightShoulder", "RightArm", "RightForeArm", "RightHand"]}