{"root_pos": [-99.60623931884766, 72.97528839111328, -25.499792098999023], "local_quat": [[0.011334207840263844, -0.7400574088096619, -0.6715419888496399, -0.03490064665675163], [0.037078361958265305, 0.16602417826652527, -0.982053816318512, -0.08143363893032074], [0.958442211151123, -0.0010651543270796537, 0.02346010133624077, -0.28431856632232666], [0.677393913269043, -0.04202521964907646, -0.073881134390831, 0.730693519115448], [0.9807911515235901, -0.005937283392995596, -0.0029623170848935843, 0.1949480175971985], [-0.05295155942440033, 0.41861605644226074, 0.9032541513442993, -0.0780295878648758], [0.8215924501419067, 0.026557274162769318, -0.033879052847623825, -0.5684477090835571], [0.6529034376144409, -0.013284611515700817, -0.07748913019895554, 0.7533499002456665], [0.9830808043479919, -0.0018983478657901287, 0.009416423738002777, 0.1829204559326172], [0.9930976033210754, -0.02613384649157524, 0.0066243624314665794, 0.11415005475282669], [0.9915879368782043, -0.05298927426338196, 0.0133677301928401, 0.11733189970254898], [0.9923886656761169, -0.05622236058115959, 0.016113437712192535, 0.1083703562617302], [0.9916197657585144, -0.027716094627976418, 0.12470810115337372, 0.019237086176872253], [0.99241703748703, 0.02348988875746727, -0.033572036772966385, -0.11588604748249054], [-0.01675611361861229, -0.6405026912689209, -0.02075324021279812, -0.7674925327301025], [0.8848974704742432, 0.09196661412715912, 0.29969680309295654, -0.3445001542568207], [0.8171665668487549, -0.03280697017908096, -0.0909348651766777, -0.5682370066642761], [0.9854673147201538, 0.118975430727005, -0.119588203728199, -0.019944719970226288], [0.014803662896156311, 0.5961849093437195, -0.03204698860645294, -0.8020707368850708], [0.8759582042694092, -0.19769641757011414, -0.4089878499507904, -0.16230323910713196], [0.9639938473701477, 0.008783731609582901, 0.05767595022916794, -0.2594457268714905], [0.9436312913894653, -0.317069411277771, 0.03719547390937805, 0.08742724359035492]], "joint_names": ["Hips", "LeftUpLeg", "LeftLeg", "LeftFoot", "LeftToe", "RightUpLeg", "RightLeg", "RightFoot", "RightToe", "Spine", "Spine1", "Spine2", "Neck", "Head", "LeftShoulder", "LeftArm", "LeftForeArm", "LeftHand", "RightShoulder", "RightArm", "RightForeArm", "RightHand"]}