{"root_pos": [-86.83552551269531, 71.46355438232422, -24.597806930541992], "local_quat": [[0.01073374692350626, -0.7462243437767029, -0.6651650071144104, -0.02428152784705162], [0.0492340549826622, 0.12328986078500748, -0.9880257248878479, -0.07861749082803726], [0.8958492875099182, 0.011766812764108181, 0.03158177435398102, -0.4430781900882721], [0.7281983494758606, -0.027140099555253983, -0.06270820647478104, 0.6819518208503723], [0.9801966547966003, -0.007773601915687323, -0.003792018862441182, 0.19783784449100494], [-0.06259600073099136, 0.4187571406364441, 0.9044191837310791, -0.052439577877521515], [0.8006362318992615, 0.02045249566435814, -0.029025722295045853, -0.5980976819992065], [0.6356872916221619, -0.013926418498158455, -0.07078476995229721, 0.7685682773590088], [0.9832943081855774, -0.0020966522861272097, 0.012272325344383717, 0.18159666657447815], [0.9916852116584778, -0.02849464863538742, 0.014525487087666988, 0.12464945018291473], [0.9892852902412415, -0.05473722517490387, 0.025408636778593063, 0.13293947279453278], [0.9904162883758545, -0.05603671818971634, 0.027739832177758217, 0.1231500506401062], [0.9922471642494202, -0.02130936086177826, 0.12186513841152191, 0.011846838518977165], [0.988469660282135, 0.032148972153663635, -0.0468575619161129, -0.1403515785932541], [-0.01445058174431324, -0.6403254866600037, -0.022311314940452576, -0.7676435112953186], [0.8856427669525146, 0.08695552498102188, 0.31388506293296814, -0.3309861123561859], [0.81866455078125, -0.03349585086107254, -0.0897197350859642, -0.5662303566932678], [0.98575359582901, 0.11843518912792206, -0.11721140891313553, -0.022902794182300568], [0.009328366257250309, 0.5973768830299377, -0.026577450335025787, -0.8014658689498901], [0.8882184028625488, -0.16940319538116455, -0.386867880821228, -0.1808422952890396], [0.9546926617622375, 0.009858710691332817, 0.057657670229673386, -0.2917880713939667], [0.9428111910820007, -0.31985828280448914, 0.05009784922003746, 0.07929577678442001]], "joint_names": ["Hips", "LeftUpLeg", "LeftLeg", "LeftFoot", "LeftToe", "RightUpLeg", "RightLeg", "RightFoot", "RightToe", "Spine", "Spine1", "Spine2", "Neck", "Head", "LeftShoulder", "LeftArm", "LeftForeArm", "LeftHand", "RightShoulder", "RightArm", "RightForeArm", "RightHand"]}