{"root_pos": [-69.76539611816406, 73.61746215820312, -20.37091827392578], "local_quat": [[-0.02472267858684063, -0.7585160136222839, -0.6494750380516052, -0.0471649095416069], [0.02516746334731579, -0.11205187439918518, -0.9911016225814819, -0.06729529052972794], [0.6738178730010986, 0.01590193249285221, 0.06435781717300415, -0.7359175682067871], [0.756159782409668, -0.04147091135382652, -0.06926906853914261, 0.6493876576423645], [0.9792415499687195, -0.010162685997784138, -0.004697466269135475, 0.2023874819278717], [-0.05269625410437584, 0.3115467131137848, 0.9467602372169495, -0.06169936805963516], [0.828368067741394, 0.008515818044543266, -0.008413593284785748, -0.560056209564209], [0.6007962226867676, -0.032349735498428345, -0.06866961717605591, 0.7957901358604431], [0.9836108684539795, -0.002273240126669407, 0.016097744926810265, 0.1795697957277298], [0.9893841743469238, -0.016582025215029716, 0.02385566011071205, 0.14238978922367096], [0.9870688915252686, -0.026181776076555252, 0.03321067616343498, 0.15461784601211548], [0.9891588091850281, -0.022033844143152237, 0.030888093635439873, 0.14186395704746246], [0.9951249957084656, -0.031373653560876846, 0.0934944599866867, -0.0008857076172716916], [0.9852892756462097, 0.017087457701563835, -0.04394838958978653, -0.1642606407403946], [-0.0029096289072185755, -0.6315404176712036, -0.01400996744632721, -0.7752108573913574], [0.8641054034233093, 0.18760626018047333, 0.374257892370224, -0.27938634157180786], [0.8698242902755737, -0.036372337490320206, -0.09536490589380264, -0.4826885163784027], [0.9905354976654053, 0.09163045138120651, -0.10162156820297241, -0.010784708894789219], [-0.011812040582299232, 0.6079035997390747, -0.006275522988289595, -0.7938981056213379], [0.8908705115318298, -0.04848126322031021, -0.34755730628967285, -0.2884497344493866], [0.90707927942276, 0.01136394590139389, 0.048278458416461945, -0.4180276691913605], [0.9382769465446472, -0.331685334444046, 0.08262558281421661, 0.05285967141389847]], "joint_names": ["Hips", "LeftUpLeg", "LeftLeg", "LeftFoot", "LeftToe", "RightUpLeg", "RightLeg", "RightFoot", "RightToe", "Spine", "Spine1", "Spine2", "Neck", "Head", "LeftShoulder", "LeftArm", "LeftForeArm", "LeftHand", "RightShoulder", "RightArm", "RightForeArm", "RightHand"]}