{"root_pos": [-45.839866638183594, 79.24108123779297, -13.229281425476074], "local_quat": [[-0.034374531358480453, -0.7771572470664978, -0.6240169405937195, -0.07380864769220352], [-0.003699328750371933, -0.3895454406738281, -0.920036792755127, -0.04210783541202545], [0.6440184116363525, 0.004611131269484758, 0.06218453496694565, -0.7624645233154297], [0.7449639439582825, -0.025556141510605812, -0.04142143577337265, 0.6653269529342651], [0.978129506111145, -0.014165162108838558, -0.004761660937219858, 0.20745918154716492], [-0.05279327556490898, 0.11705056577920914, 0.9897745847702026, -0.06211483106017113], [0.9115962386131287, 0.005581003148108721, 0.017079349607229233, -0.4106937050819397], [0.6846738457679749, -0.003393293358385563, -0.006282934918999672, 0.7288146018981934], [0.9839010238647461, -0.0030091367661952972, 0.021290091797709465, 0.17741607129573822], [0.9891093969345093, 0.005105308257043362, 0.01900685764849186, 0.14586058259010315], [0.9881666302680969, 0.017638633027672768, 0.013989582657814026, 0.15172308683395386], [0.9902361035346985, 0.02493087761104107, 0.0081337196752429, 0.13691139221191406], [0.9966500401496887, -0.05688893049955368, 0.05833304673433304, -0.00704065291211009], [0.9869597554206848, -0.02114882320165634, -0.007313612382858992, -0.15940426290035248], [0.007835015654563904, -0.6264715790748596, -0.00449070381000638, -0.7793919444084167], [0.8434107303619385, 0.2904791235923767, 0.40475064516067505, -0.20113983750343323], [0.9026339054107666, -0.03928779065608978, -0.09949561208486557, -0.41690418124198914], [0.9926175475120544, 0.06193938106298447, -0.10412371158599854, -0.005675925873219967], [-0.031207216903567314, 0.6343653202056885, 0.011053599417209625, -0.7723240852355957], [0.8643231987953186, 0.056278638541698456, -0.3350808918476105, -0.370808482170105], [0.7979453206062317, 0.0055779097601771355, 0.0189565010368824, -0.602405846118927], [0.9320650696754456, -0.34565845131874084, 0.10765629261732101, 0.013607376255095005]], "joint_names": ["Hips", "LeftUpLeg", "LeftLeg", "LeftFoot", "LeftToe", "RightUpLeg", "RightLeg", "RightFoot", "RightToe", "Spine", "Spine1", "Spine2", "Neck", "Head", "LeftShoulder", "LeftArm", "LeftForeArm", "LeftHand", "RightShoulder", "RightArm", "RightForeArm", "RightHand"]}