{"root_pos": [-0.6741170883178711, 83.39341735839844, -1.6628142595291138], "local_quat": [[-0.026567446067929268, -0.8007975816726685, -0.5917808413505554, -0.08839013427495956], [-0.03556491807103157, -0.509025514125824, -0.8597151637077332, -0.02275814674794674], [0.8981564044952393, -0.01909068413078785, 0.026716802269220352, -0.4384482800960541], [0.7579563856124878, -0.02322171814739704, -0.04880213737487793, 0.6500624418258667], [0.9764023423194885, -0.021298686042428017, -0.006260013673454523, 0.21481560170650482], [-0.03257429972290993, -0.07585863023996353, 0.9954591393470764, -0.0473858080804348], [0.9501203298568726, 0.021032489836215973, -0.000790874648373574, -0.3111724853515625], [0.8252250552177429, 0.06368858367204666, 0.05414537340402603, 0.5585837364196777], [0.9840938448905945, -0.0037606856785714626, 0.03133333474397659, 0.1748238354921341], [0.9925958514213562, 0.019832761958241463, 0.007912279106676579, 0.11957284808158875], [0.99247145652771, 0.04970585182309151, -0.018825480714440346, 0.11034243553876877], [0.9931124448776245, 0.05544915050268173, -0.02407032437622547, 0.10036735981702805], [0.9949191212654114, -0.1004667729139328, 0.0016810994129627943, 0.006296860985457897], [0.9842308759689331, -0.08788899332284927, 0.06953377276659012, -0.13685789704322815], [0.03209970146417618, -0.6321983337402344, 0.011003020219504833, -0.7740631699562073], [0.8321112990379333, 0.39691296219825745, 0.3872901499271393, 0.007569803390651941], [0.8591017723083496, -0.03608134761452675, -0.08392246067523956, -0.5035862922668457], [0.9935977458953857, 0.07349968701601028, -0.08051208406686783, -0.029648510739207268], [-0.033863555639982224, 0.6560326814651489, 0.01618034578859806, -0.75379878282547], [0.8706045150756836, 0.021585309877991676, -0.3916019797325134, -0.2970348298549652], [0.6151975393295288, -0.01741858758032322, -0.034729428589344025, -0.787415087223053], [0.9271699786186218, -0.361966073513031, 0.09243527799844742, -0.028143690899014473]], "joint_names": ["Hips", "LeftUpLeg", "LeftLeg", "LeftFoot", "LeftToe", "RightUpLeg", "RightLeg", "RightFoot", "RightToe", "Spine", "Spine1", "Spine2", "Neck", "Head", "LeftShoulder", "LeftArm", "LeftForeArm", "LeftHand", "RightShoulder", "RightArm", "RightForeArm", "RightHand"]}