{"root_pos": [26.12137222290039, 78.12330627441406, 4.188083171844482], "local_quat": [[-0.022022001445293427, -0.7855721712112427, -0.6123490929603577, -0.08613885939121246], [-0.04182867705821991, -0.41437381505966187, -0.9081015586853027, -0.04354456812143326], [0.8755777478218079, -0.004864916671067476, 0.018335172906517982, -0.48270463943481445], [0.6907691955566406, 0.02743515931069851, 0.0045721204951405525, 0.7225401401519775], [0.9757032990455627, -0.023529622703790665, -0.007521520834416151, 0.217698872089386], [-0.009264294989407063, 0.010109126567840576, 0.9994192123413086, -0.031193794682621956], [0.7074905037879944, 0.016475217416882515, -0.04921847954392433, -0.7048143744468689], [0.803317666053772, 0.05247194692492485, 0.01086030900478363, 0.5931352972984314], [0.9841016530990601, -0.00459534116089344, 0.035321399569511414, 0.17399778962135315], [0.9936748147010803, 0.007488256320357323, -0.002850676653906703, 0.11200958490371704], [0.993194580078125, 0.02478872798383236, -0.0359102226793766, 0.10798293352127075], [0.9935266971588135, 0.028854763135313988, -0.038906216621398926, 0.10275406390428543], [0.9965482950210571, -0.08244764059782028, 0.006958761252462864, 0.0067343078553676605], [0.9836236834526062, -0.07229570299386978, 0.07533197849988937, -0.1469116061925888], [0.030302921310067177, -0.6231234669685364, 0.005786607973277569, -0.7815147042274475], [0.8774556517601013, 0.27250710129737854, 0.3857363164424896, -0.08377932012081146], [0.834509015083313, -0.03539169207215309, -0.08224986493587494, -0.5436699986457825], [0.9880107641220093, 0.09422217309474945, -0.11300774663686752, -0.04675767943263054], [-0.02028823085129261, 0.6371878981590271, 0.006692236289381981, -0.7704124450683594], [0.8743219375610352, -0.09177811443805695, -0.42732906341552734, -0.21101629734039307], [0.7124956250190735, -0.010277857072651386, -0.02340823970735073, -0.701210618019104], [0.9299041032791138, -0.3576439917087555, 0.08485585451126099, -0.01298866793513298]], "joint_names": ["Hips", "LeftUpLeg", "LeftLeg", "LeftFoot", "LeftToe", "RightUpLeg", "RightLeg", "RightFoot", "RightToe", "Spine", "Spine1", "Spine2", "Neck", "Head", "LeftShoulder", "LeftArm", "LeftForeArm", "LeftHand", "RightShoulder", "RightArm", "RightForeArm", "RightHand"]}