{"root_pos": [34.82232666015625, 77.28390502929688, 6.856655597686768], "local_quat": [[-0.019069138914346695, -0.7799889445304871, -0.6195921897888184, -0.08578597754240036], [-0.04900094494223595, -0.3680170476436615, -0.9270167350769043, -0.05293650180101395], [0.8542286157608032, -0.0012107042130082846, 0.023300543427467346, -0.519373893737793], [0.650118350982666, 0.03928234055638313, 0.021515419706702232, 0.7585118412971497], [0.975574791431427, -0.023856962099671364, -0.007720551453530788, 0.21823157370090485], [-0.011014415882527828, 0.09157002717256546, 0.9952840209007263, -0.030055662617087364], [0.5907872915267944, 0.013807053677737713, -0.06307590752840042, -0.8042395114898682], [0.7904528975486755, 0.0363430418074131, -0.021823758259415627, 0.6110541224479675], [0.9840805530548096, -0.004921570885926485, 0.035962849855422974, 0.17397664487361908], [0.9935899376869202, 0.003256669035181403, -0.004315095487982035, 0.1129155158996582], [0.99297696352005, 0.01511327549815178, -0.035861387848854065, 0.11172476410865784], [0.9933075904846191, 0.018454067409038544, -0.03834258019924164, 0.10737437009811401], [0.9967945218086243, -0.07860300689935684, 0.014695699326694012, -0.0024852347560226917], [0.9834192395210266, -0.06734378635883331, 0.07450319826602936, -0.15099896490573883], [0.02731439843773842, -0.6207647323608398, 0.0019817755091935396, -0.7835184335708618], [0.8846850991249084, 0.2195950299501419, 0.3903791308403015, -0.1292840838432312], [0.8204278349876404, -0.03403712809085846, -0.07877189666032791, -0.5652739405632019], [0.9846183061599731, 0.10745270550251007, -0.12597693502902985, -0.055772051215171814], [-0.016877230256795883, 0.6297576427459717, 0.004990879911929369, -0.7765923142433167], [0.8743172287940979, -0.12308712303638458, -0.42948025465011597, -0.18964606523513794], [0.7500232458114624, -0.006935436278581619, -0.018391722813248634, -0.6611193418502808], [0.934700071811676, -0.3452742397785187, 0.0842290148139, -0.00518142431974411]], "joint_names": ["Hips", "LeftUpLeg", "LeftLeg", "LeftFoot", "LeftToe", "RightUpLeg", "RightLeg", "RightFoot", "RightToe", "Spine", "Spine1", "Spine2", "Neck", "Head", "LeftShoulder", "LeftArm", "LeftForeArm", "LeftHand", "RightShoulder", "RightArm", "RightForeArm", "RightHand"]}