{"root_pos": [8.982033729553223, 81.87279510498047, -0.01125478744506836], "local_quat": [[-0.02494131028652191, -0.7955693602561951, -0.5984158515930176, -0.09135547280311584], [-0.043463826179504395, -0.5030721426010132, -0.8627780079841614, -0.025363171473145485], [0.8996706008911133, -0.013593212701380253, 0.019109446555376053, -0.43593913316726685], [0.7535224556922913, -0.009300014935433865, -0.040060482919216156, 0.6561344861984253], [0.976081371307373, -0.022544631734490395, -0.006801669951528311, 0.21612653136253357], [-0.021626431494951248, -0.07610702514648438, 0.9959734678268433, -0.04215284436941147], [0.9116722941398621, 0.016627237200737, -0.009164746850728989, -0.41047921776771545], [0.8333519697189331, 0.06413855403661728, 0.05595557391643524, 0.5461498498916626], [0.984114408493042, -0.0040535577572882175, 0.03326563537120819, 0.17434410750865936], [0.9933151006698608, 0.015055027790367603, 0.005221956875175238, 0.1143292635679245], [0.9932613968849182, 0.041523516178131104, -0.024519115686416626, 0.10538675636053085], [0.9937195181846619, 0.04685055837035179, -0.029050026088953018, 0.09737905114889145], [0.9952468872070312, -0.0964750126004219, -0.0004934020107612014, 0.013262107037007809], [0.9840372204780579, -0.08563776314258575, 0.07266343384981155, -0.13804727792739868], [0.03353453427553177, -0.6294776201248169, 0.01113083679229021, -0.7762148380279541], [0.8423312306404114, 0.3727151155471802, 0.3893011510372162, -0.0025014313869178295], [0.8501332402229309, -0.035433780401945114, -0.082363061606884, -0.5188780426979065], [0.9925472140312195, 0.07588087022304535, -0.08890166878700256, -0.03447512164711952], [-0.027948124334216118, 0.6501332521438599, 0.011178260669112206, -0.7592238187789917], [0.8734498023986816, -0.02321605011820793, -0.4133722186088562, -0.25626131892204285], [0.6376453638076782, -0.01728065125644207, -0.03405584767460823, -0.7693828344345093], [0.9285496473312378, -0.35927268862724304, 0.09007236361503601, -0.024608053267002106]], "joint_names": ["Hips", "LeftUpLeg", "LeftLeg", "LeftFoot", "LeftToe", "RightUpLeg", "RightLeg", "RightFoot", "RightToe", "Spine", "Spine1", "Spine2", "Neck", "Head", "LeftShoulder", "LeftArm", "LeftForeArm", "LeftHand", "RightShoulder", "RightArm", "RightForeArm", "RightHand"]}