{"root_pos": [50.923484802246094, 78.42328643798828, 13.3782958984375], "local_quat": [[-0.006313547492027283, -0.778692901134491, -0.6225233674049377, -0.07786120474338531], [-0.0268813818693161, -0.23689310252666473, -0.9706725478172302, -0.030885376036167145], [0.884068489074707, 0.0035779105965048075, 0.013346940279006958, -0.4671529531478882], [0.6648752093315125, 0.051037564873695374, 0.027088694274425507, 0.7447163462638855], [0.9752774834632874, -0.02486598864197731, -0.00829637423157692, 0.21942347288131714], [-0.006456116680055857, 0.26584339141845703, 0.9638432264328003, -0.017081893980503082], [0.5241883397102356, 0.016752997413277626, -0.0759269967675209, -0.8480454087257385], [0.7774732708930969, 0.02361750788986683, -0.056926384568214417, 0.6258889436721802], [0.9839887619018555, -0.004668509121984243, 0.03732113540172577, 0.1742168515920639], [0.9937041401863098, -0.008198508992791176, -0.004830152727663517, 0.11163149029016495], [0.9933066964149475, -0.009603888727724552, -0.030243832617998123, 0.11106249690055847], [0.9936218857765198, -0.007656672969460487, -0.030390558764338493, 0.10832035541534424], [0.9970503449440002, -0.06717254221439362, 0.03530576825141907, -0.0114899268373847], [0.9848063588142395, -0.050326839089393616, 0.06139549985527992, -0.15444841980934143], [0.02067103609442711, -0.6233254671096802, -0.007078935857862234, -0.7816572189331055], [0.884091317653656, 0.12894032895565033, 0.4084228575229645, -0.1869431585073471], [0.7676168084144592, -0.026974961161613464, -0.06273818761110306, -0.6372602581977844], [0.9766863584518433, 0.13036449253559113, -0.15135575830936432, -0.07861524075269699], [-0.007093784399330616, 0.6184539198875427, -0.0019256321247667074, -0.7857866287231445], [0.8721905946731567, -0.19353146851062775, -0.434867799282074, -0.11277899891138077], [0.7944032549858093, -0.0028716190718114376, -0.012461323291063309, -0.6072559952735901], [0.9441503882408142, -0.3161827325820923, 0.09261594712734222, 0.005549461580812931]], "joint_names": ["Hips", "LeftUpLeg", "LeftLeg", "LeftFoot", "LeftToe", "RightUpLeg", "RightLeg", "RightFoot", "RightToe", "Spine", "Spine1", "Spine2", "Neck", "Head", "LeftShoulder", "LeftArm", "LeftForeArm", "LeftHand", "RightShoulder", "RightArm", "RightForeArm", "RightHand"]}