{"root_pos": [42.626190185546875, 77.10660552978516, 10.504860877990723], "local_quat": [[-0.015590026043355465, -0.7769127488136292, -0.623741865158081, -0.08431825786828995], [-0.043378785252571106, -0.30976107716560364, -0.948638379573822, -0.047452159225940704], [0.8585188984870911, 0.003380543552339077, 0.019582083448767662, -0.5123968124389648], [0.645160436630249, 0.047654833644628525, 0.026587259024381638, 0.7620959281921387], [0.9754775762557983, -0.024176454171538353, -0.007999868132174015, 0.21862086653709412], [-0.011392838321626186, 0.17747913300991058, 0.9837646484375, -0.024052204564213753], [0.5195534229278564, 0.012159091420471668, -0.0708736851811409, -0.8514066338539124], [0.7831045985221863, 0.024003885686397552, -0.046245772391557693, 0.6197034120559692], [0.9840322732925415, -0.004888353403657675, 0.03650016337633133, 0.17413879930973053], [0.9937436580657959, -0.002480016089975834, -0.004217430017888546, 0.11157764494419098], [0.9932389855384827, 0.0029923052061349154, -0.03281572088599205, 0.11131291836500168], [0.9935257434844971, 0.005589772947132587, -0.034367792308330536, 0.1081397607922554], [0.9969424605369568, -0.07378954440355301, 0.02430182881653309, -0.008378753438591957], [0.9838399887084961, -0.06000320985913277, 0.06909514218568802, -0.15389689803123474], [0.024253085255622864, -0.6205007433891296, -0.0018581012263894081, -0.7838284969329834], [0.8849860429763794, 0.16693581640720367, 0.4041190445423126, -0.16006241738796234], [0.7973513007164001, -0.030923131853342056, -0.0718512237071991, -0.5984246730804443], [0.9806367754936218, 0.1182050034403801, -0.14120638370513916, -0.06663211435079575], [-0.011950550600886345, 0.6232255697250366, 0.0014598916750401258, -0.7819494605064392], [0.8745739459991455, -0.1576528251171112, -0.43136298656463623, -0.15553711354732513], [0.7800422310829163, -0.004269874654710293, -0.014064672403037548, -0.6255542039871216], [0.9397116899490356, -0.3305368721485138, 0.087655209004879, 0.0019758569542318583]], "joint_names": ["Hips", "LeftUpLeg", "LeftLeg", "LeftFoot", "LeftToe", "RightUpLeg", "RightLeg", "RightFoot", "RightToe", "Spine", "Spine1", "Spine2", "Neck", "Head", "LeftShoulder", "LeftArm", "LeftForeArm", "LeftHand", "RightShoulder", "RightArm", "RightForeArm", "RightHand"]}