{"root_pos": [18.20696258544922, 79.55782318115234, 2.0965728759765625], "local_quat": [[-0.024307318031787872, -0.7919133901596069, -0.6034795045852661, -0.08997102081775665], [-0.045453496277332306, -0.45486724376678467, -0.8888168334960938, -0.03216191753745079], [0.897262692451477, -0.011198906227946281, 0.018080908805131912, -0.4409842789173126], [0.7318446040153503, 0.005690030287951231, -0.020882081240415573, 0.681127667427063], [0.9758349061012268, -0.02320840395987034, -0.007296972908079624, 0.2171505093574524], [-0.011679627932608128, -0.059187255799770355, 0.9975652694702148, -0.03498810902237892], [0.8315831422805786, 0.016131360083818436, -0.02615882270038128, -0.5545493364334106], [0.8170864582061768, 0.05776394531130791, 0.03686349466443062, 0.5724282264709473], [0.9841081500053406, -0.004240948241204023, 0.03466085344552994, 0.17410263419151306], [0.9935876727104187, 0.0114905359223485, 0.0012559149181470275, 0.11247214674949646], [0.9933425188064575, 0.03406773880124092, -0.030862608924508095, 0.10562954843044281], [0.9937295317649841, 0.0387079231441021, -0.03460798040032387, 0.09902335703372955], [0.9959281086921692, -0.08897873014211655, 0.0011795241152867675, 0.014447459019720554], [0.9838883876800537, -0.07909545302391052, 0.07464712113142014, -0.14189916849136353], [0.03324614092707634, -0.6274445056915283, 0.009655063971877098, -0.7778912782669067], [0.8627039790153503, 0.3272980749607086, 0.3838740587234497, -0.035475052893161774], [0.8434777855873108, -0.03563908487558365, -0.08286882936954498, -0.5295355916023254], [0.9906492233276367, 0.08318677544593811, -0.10061691701412201, -0.039626654237508774], [-0.02410595677793026, 0.6449273228645325, 0.009004219435155392, -0.7638106346130371], [0.8751428127288818, -0.056567978113889694, -0.421417772769928, -0.2309378683567047], [0.6717609167098999, -0.014365257695317268, -0.02932518720626831, -0.7400479316711426], [0.928817868232727, -0.3590293824672699, 0.08946336805820465, -0.019790438935160637]], "joint_names": ["Hips", "LeftUpLeg", "LeftLeg", "LeftFoot", "LeftToe", "RightUpLeg", "RightLeg", "RightFoot", "RightToe", "Spine", "Spine1", "Spine2", "Neck", "Head", "LeftShoulder", "LeftArm", "LeftForeArm", "LeftHand", "RightShoulder", "RightArm", "RightForeArm", "RightHand"]}