{"root_pos": [-20.024959564208984, 84.14885711669922, -4.767678260803223], "local_quat": [[-0.026028919965028763, -0.800090491771698, -0.5935044288635254, -0.08324774354696274], [-0.022198129445314407, -0.5253654718399048, -0.8501838445663452, -0.026187755167484283], [0.8403831720352173, -0.020231137052178383, 0.04743227735161781, -0.5395341515541077], [0.7680084705352783, -0.0400424562394619, -0.05422825366258621, 0.6368820667266846], [0.9771119356155396, -0.01828686334192753, -0.005624457728117704, 0.21186396479606628], [-0.043410852551460266, -0.030377352610230446, 0.9971263408660889, -0.05414603278040886], [0.9616550207138062, 0.018852239474654198, 0.012320841662585735, -0.2733355462551117], [0.789607584476471, 0.040631864219903946, 0.03341636806726456, 0.6113528609275818], [0.9840583801269531, -0.003089647740125656, 0.02701966091990471, 0.17575421929359436], [0.9907275438308716, 0.019029341638088226, 0.01132144220173359, 0.1340472549200058], [0.9905340075492859, 0.04622335359454155, -0.008355743251740932, 0.12898044288158417], [0.9917491674423218, 0.053336553275585175, -0.013728270307183266, 0.11576047539710999], [0.9956597089767456, -0.09081464260816574, 0.02027175761759281, 0.0018673285376280546], [0.9859475493431091, -0.07066354155540466, 0.04646224156022072, -0.14406655728816986], [0.021796569228172302, -0.6315829753875732, 0.004484949633479118, -0.7749888300895691], [0.8376508355140686, 0.37296196818351746, 0.3946077823638916, -0.05937337502837181], [0.8865790367126465, -0.037240125238895416, -0.09119240939617157, -0.451967716217041], [0.9943069815635681, 0.0606461800634861, -0.08624324947595596, -0.015420760028064251], [-0.03830743953585625, 0.6538537740707397, 0.019282208755612373, -0.7554044723510742], [0.8609299659729004, 0.06627118587493896, -0.36241742968559265, -0.3508009612560272], [0.6566839218139648, -0.009818495251238346, -0.019384710118174553, -0.7538528442382812], [0.9278564453125, -0.35595938563346863, 0.10928083211183548, -0.02081228233873844]], "joint_names": ["Hips", "LeftUpLeg", "LeftLeg", "LeftFoot", "LeftToe", "RightUpLeg", "RightLeg", "RightFoot", "RightToe", "Spine", "Spine1", "Spine2", "Neck", "Head", "LeftShoulder", "LeftArm", "LeftForeArm", "LeftHand", "RightShoulder", "RightArm", "RightForeArm", "RightHand"]}