{"root_pos": [-10.416996955871582, 84.3692398071289, -2.844754695892334], "local_quat": [[-0.026901962235569954, -0.8030452728271484, -0.589180052280426, -0.085213802754879], [-0.029420385137200356, -0.5161621570587158, -0.8556867837905884, -0.02260902337729931], [0.8814627528190613, -0.022190170362591743, 0.037700630724430084, -0.47022292017936707], [0.767290472984314, -0.03742312639951706, -0.057237133383750916, 0.6376430988311768], [0.976749062538147, -0.01976059190928936, -0.00599820027127862, 0.21338880062103271], [-0.039466168731451035, -0.05874180793762207, 0.9962091445922852, -0.050589192658662796], [0.9638966917991638, 0.022675951942801476, 0.006182518322020769, -0.2652369439601898], [0.8072327375411987, 0.054225921630859375, 0.04333164170384407, 0.586137592792511], [0.984078049659729, -0.0032871351577341557, 0.029193859547376633, 0.1752922087907791], [0.991633951663971, 0.02067927084863186, 0.009469153359532356, 0.12706217169761658], [0.9915096759796143, 0.05023186653852463, -0.01388790924102068, 0.11913235485553741], [0.9924197196960449, 0.05674738436937332, -0.019231710582971573, 0.10729958862066269], [0.9951438903808594, -0.09791023284196854, 0.00966725405305624, 0.00296914204955101], [0.9850713610649109, -0.08201621472835541, 0.06031385436654091, -0.13881634175777435], [0.0275838915258646, -0.6327582001686096, 0.008196745067834854, -0.7738145589828491], [0.8333254456520081, 0.39134976267814636, 0.39003315567970276, -0.016979984939098358], [0.8719552755355835, -0.03662577643990517, -0.08722158521413803, -0.48035910725593567], [0.9941330552101135, 0.06747200340032578, -0.08138356357812881, -0.02288217656314373], [-0.03720337525010109, 0.6568695902824402, 0.018924973905086517, -0.7528479695320129], [0.8661038875579834, 0.049300290644168854, -0.37473660707473755, -0.3271177113056183], [0.6258057355880737, -0.014268865808844566, -0.028764404356479645, -0.7793177366256714], [0.9273690581321716, -0.35944658517837524, 0.10042396187782288, -0.026455197483301163]], "joint_names": ["Hips", "LeftUpLeg", "LeftLeg", "LeftFoot", "LeftToe", "RightUpLeg", "RightLeg", "RightFoot", "RightToe", "Spine", "Spine1", "Spine2", "Neck", "Head", "LeftShoulder", "LeftArm", "LeftForeArm", "LeftHand", "RightShoulder", "RightArm", "RightForeArm", "RightHand"]}