{"root_pos": [-28.631454467773438, 82.94959259033203, -7.593796730041504], "local_quat": [[-0.02472335658967495, -0.7933346629142761, -0.6030139923095703, -0.0798930749297142], [-0.013503257185220718, -0.5164265036582947, -0.855629026889801, -0.03194174915552139], [0.7751902937889099, -0.012067434377968311, 0.053598254919052124, -0.6293343305587769], [0.7582635283470154, -0.034028805792331696, -0.04782601818442345, 0.6493005156517029], [0.9774302244186401, -0.0170096755027771, -0.005204800050705671, 0.21050818264484406], [-0.04681579768657684, 0.007069528568536043, 0.9972165822982788, -0.05759693682193756], [0.9512014985084534, 0.014066153205931187, 0.016253691166639328, -0.3078209161758423], [0.7652891874313354, 0.026387130841612816, 0.02299259416759014, 0.6427344083786011], [0.9840348958969116, -0.003123469417914748, 0.025123167783021927, 0.17616577446460724], [0.9899057745933533, 0.015660379081964493, 0.013834712095558643, 0.14017784595489502], [0.9895403385162354, 0.039176713675260544, -0.0017144200392067432, 0.1388244926929474], [0.991075336933136, 0.046765461564064026, -0.00747027900069952, 0.12460752576589584], [0.9962280988693237, -0.08072072267532349, 0.031818293035030365, -0.0012078845174983144], [0.9866825342178345, -0.055885445326566696, 0.029764322564005852, -0.1498280018568039], [0.01641959697008133, -0.6287726163864136, 0.0009952152613550425, -0.7774152159690857], [0.8402075171470642, 0.34908631443977356, 0.4003748595714569, -0.10904192179441452], [0.897722065448761, -0.03829910233616829, -0.09522204101085663, -0.4284403920173645], [0.9938932061195374, 0.056614115834236145, -0.09417103230953217, -0.010153192095458508], [-0.037837397307157516, 0.6486288905143738, 0.018011856824159622, -0.7599502801895142], [0.8580031394958496, 0.0738140195608139, -0.3515586256980896, -0.3671356737613678], [0.7012162804603577, -0.004637838341295719, -0.007472936995327473, -0.7128943800926208], [0.9292912483215332, -0.35122859477996826, 0.11371666193008423, -0.011171234771609306]], "joint_names": ["Hips", "LeftUpLeg", "LeftLeg", "LeftFoot", "LeftToe", "RightUpLeg", "RightLeg", "RightFoot", "RightToe", "Spine", "Spine1", "Spine2", "Neck", "Head", "LeftShoulder", "LeftArm", "LeftForeArm", "LeftHand", "RightShoulder", "RightArm", "RightForeArm", "RightHand"]}