{"root_pos": [68.89729309082031, 83.3898696899414, 19.821853637695312], "local_quat": [[-0.0035305824130773544, -0.7826865911483765, -0.6181405186653137, -0.07274244725704193], [-0.004312208388000727, -0.06768406927585602, -0.9976878762245178, 0.004373854026198387], [0.9414992332458496, -0.0006131736445240676, 0.0014550730120390654, -0.33701133728027344], [0.7633388638496399, 0.02393845096230507, -0.017936870455741882, 0.645305335521698], [0.9747445583343506, -0.027030128985643387, -0.00914436299353838, 0.22149230539798737], [-0.0022125353571027517, 0.4104650020599365, 0.911766529083252, -0.01397690735757351], [0.6442206501960754, 0.028298869729042053, -0.07213781028985977, -0.76090407371521], [0.7889617681503296, 0.03647362068295479, -0.045453768223524094, 0.6116722822189331], [0.98389732837677, -0.0043151057325303555, 0.03970452770590782, 0.17421524226665497], [0.994381308555603, -0.022243890911340714, -0.0013807144714519382, 0.1034855991601944], [0.994493305683136, -0.03740096464753151, -0.017317110672593117, 0.09635600447654724], [0.9946128129959106, -0.03645825758576393, -0.015477340668439865, 0.09579537808895111], [0.9966080784797668, -0.05350309982895851, 0.06126783415675163, -0.012485785409808159], [0.988832414150238, -0.026681069284677505, 0.03637972101569176, -0.1420389711856842], [0.015836648643016815, -0.6335075497627258, -0.01727011799812317, -0.7733815908432007], [0.8734105229377747, 0.09142711013555527, 0.4241631329059601, -0.22108982503414154], [0.68306565284729, -0.01606462337076664, -0.03797396644949913, -0.7291921973228455], [0.9715270400047302, 0.15176865458488464, -0.15157543122768402, -0.10063017904758453], [0.003656916320323944, 0.6162011623382568, -0.009227363392710686, -0.7875263094902039], [0.8611326217651367, -0.2686867117881775, -0.43073081970214844, -0.027000412344932556], [0.7907513380050659, -0.0032392339780926704, -0.014954427257180214, -0.6119462251663208], [0.9505648612976074, -0.29665613174438477, 0.09165670722723007, 0.00454293517395854]], "joint_names": ["Hips", "LeftUpLeg", "LeftLeg", "LeftFoot", "LeftToe", "RightUpLeg", "RightLeg", "RightFoot", "RightToe", "Spine", "Spine1", "Spine2", "Neck", "Head", "LeftShoulder", "LeftArm", "LeftForeArm", "LeftHand", "RightShoulder", "RightArm", "RightForeArm", "RightHand"]}