{"root_pos": [60.388282775878906, 80.88383483886719, 16.401521682739258], "local_quat": [[-0.0026533736381679773, -0.77825528383255, -0.6235077381134033, -0.0744977742433548], [-0.019338959828019142, -0.1499345898628235, -0.9883191585540771, -0.01925859972834587], [0.9159750938415527, 0.0008266122895292938, 0.008710307069122791, -0.40113961696624756], [0.7064392566680908, 0.03667295724153519, 0.00440065236762166, 0.7068092226982117], [0.9750190377235413, -0.025901902467012405, -0.00874950923025608, 0.22043217718601227], [-0.0018669100245460868, 0.34296584129333496, 0.9393024444580078, -0.009056082926690578], [0.5675113201141357, 0.023624692112207413, -0.07765529304742813, -0.8193548917770386], [0.7788041830062866, 0.03191666677594185, -0.053216177970170975, 0.6241902709007263], [0.9839404225349426, -0.004499093629419804, 0.0385131798684597, 0.1742347627878189], [0.9939702749252319, -0.01581690087914467, -0.0037202835083007812, 0.10843964666128159], [0.9938513040542603, -0.024905437603592873, -0.024487124755978584, 0.10507072508335114], [0.9940891265869141, -0.02349040098488331, -0.023610804229974747, 0.10333269089460373], [0.9968550801277161, -0.059997785836458206, 0.04931125417351723, -0.015765760093927383], [0.9869407415390015, -0.03819189593195915, 0.04866236075758934, -0.14873190224170685], [0.017521003261208534, -0.6277008056640625, -0.013213835656642914, -0.7781452536582947], [0.8766104578971863, 0.11064893007278442, 0.41871678829193115, -0.20973125100135803], [0.7274457812309265, -0.02196234092116356, -0.05095929652452469, -0.6839176416397095], [0.9736175537109375, 0.14268554747104645, -0.1533077359199524, -0.09059008210897446], [-0.0013547531561926007, 0.6165923476219177, -0.005996564403176308, -0.7872585654258728], [0.8683516383171082, -0.23191948235034943, -0.43294084072113037, -0.06885527074337006], [0.794305682182312, -0.0024329626467078924, -0.012947043403983116, -0.60737544298172], [0.9471506476402283, -0.3070527911186218, 0.09273004531860352, 0.005031220614910126]], "joint_names": ["Hips", "LeftUpLeg", "LeftLeg", "LeftFoot", "LeftToe", "RightUpLeg", "RightLeg", "RightFoot", "RightToe", "Spine", "Spine1", "Spine2", "Neck", "Head", "LeftShoulder", "LeftArm", "LeftForeArm", "LeftHand", "RightShoulder", "RightArm", "RightForeArm", "RightHand"]}