{"root_pos": [129.9980010986328, 85.01829528808594, 36.07654571533203], "local_quat": [[-0.05023033171892166, -0.7737887501716614, -0.6250948905944824, -0.0893552377820015], [0.013330304995179176, 0.1482030302286148, -0.988815188407898, -0.010139581747353077], [0.8600597381591797, -0.018172813579440117, 0.02031903713941574, -0.5094645619392395], [0.8338126540184021, -0.022590186446905136, -0.051908984780311584, 0.5491372346878052], [0.9721776247024536, -0.03623209521174431, -0.011596189811825752, 0.23113518953323364], [-0.0154596958309412, 0.42902663350105286, 0.9016215205192566, -0.052686817944049835], [0.9215839505195618, 0.03168126568198204, -0.0170651413500309, -0.3865075707435608], [0.7838658690452576, 0.03894911706447601, -0.004217784386128187, 0.6196931004524231], [0.9837724566459656, -0.005345361307263374, 0.0518743097782135, 0.1716746687889099], [0.9948062300682068, -0.04024041071534157, 0.01714407466351986, 0.0919099897146225], [0.994864821434021, -0.06404630839824677, 0.015844421461224556, 0.07675287872552872], [0.9946622848510742, -0.06332286447286606, 0.016675233840942383, 0.07974408566951752], [0.9959769248962402, -0.031598251312971115, 0.08357448875904083, -0.006842613685876131], [0.9905146360397339, 0.012310662306845188, -0.016090627759695053, -0.1359061300754547], [0.027516813948750496, -0.6571977734565735, -0.020938189700245857, -0.7529246807098389], [0.8582232594490051, 0.1894051432609558, 0.44512298703193665, -0.17159265279769897], [0.625552237033844, -0.0064689116552472115, -0.013128899969160557, -0.7800450921058655], [0.9756019711494446, 0.1643853783607483, -0.09754178673028946, -0.10799942910671234], [0.01866872049868107, 0.6072077751159668, -0.018371092155575752, -0.7941111922264099], [0.8781383633613586, -0.2530516982078552, -0.39094388484954834, 0.10954802483320236], [0.6630527973175049, -0.011375396512448788, -0.03969186171889305, -0.747433066368103], [0.958591639995575, -0.2667394280433655, 0.09465982019901276, -0.031490981578826904]], "joint_names": ["Hips", "LeftUpLeg", "LeftLeg", "LeftFoot", "LeftToe", "RightUpLeg", "RightLeg", "RightFoot", "RightToe", "Spine", "Spine1", "Spine2", "Neck", "Head", "LeftShoulder", "LeftArm", "LeftForeArm", "LeftHand", "RightShoulder", "RightArm", "RightForeArm", "RightHand"]}