{"root_pos": [97.19805908203125, 88.26844787597656, 27.975339889526367], "local_quat": [[-0.02021215111017227, -0.7863003611564636, -0.6130415797233582, -0.0741824135184288], [0.012683458626270294, 0.10709540545940399, -0.9937810897827148, 0.027726290747523308], [0.9564260244369507, -0.017300523817539215, 0.0028496356680989265, -0.29144781827926636], [0.8309788703918457, -0.013233676552772522, -0.052521005272865295, 0.5536611080169678], [0.9736893177032471, -0.031550176441669464, -0.01041447278112173, 0.22544459998607635], [-0.004380248486995697, 0.4749937057495117, 0.8792434930801392, -0.0359538309276104], [0.8649548888206482, 0.03639467433094978, -0.04129733145236969, -0.4988216161727905], [0.8093897700309753, 0.05410315841436386, -0.005506445653736591, 0.584748387336731], [0.9837857484817505, -0.004421783145517111, 0.04492776840925217, 0.173572838306427], [0.9947144389152527, -0.038588378578424454, 0.007215674966573715, 0.09487928450107574], [0.9946454763412476, -0.06617986410856247, 0.0005387497367337346, 0.07937563210725784], [0.9945575594902039, -0.06610764563083649, 0.00302781886421144, 0.08047362416982651], [0.9952689409255981, -0.03438246250152588, 0.09006698429584503, -0.012067499570548534], [0.991606593132019, 0.006691172253340483, -0.0009763248381204903, -0.12911508977413177], [0.01342487707734108, -0.6527775526046753, -0.028229454532265663, -0.7569044828414917], [0.8737974762916565, 0.09548771381378174, 0.4183099567890167, -0.22885996103286743], [0.5878115296363831, -0.003285587765276432, -0.009778200648725033, -0.8089322447776794], [0.9704951047897339, 0.17118386924266815, -0.12195881456136703, -0.11815846711397171], [0.01549898274242878, 0.6205130219459534, -0.017811071127653122, -0.783840537071228], [0.8623237013816833, -0.2995348870754242, -0.4001326262950897, 0.08105893433094025], [0.7249781489372253, -0.008068793453276157, -0.029061757028102875, -0.6881111860275269], [0.9561494588851929, -0.2782801687717438, 0.09026112407445908, -0.013828975148499012]], "joint_names": ["Hips", "LeftUpLeg", "LeftLeg", "LeftFoot", "LeftToe", "RightUpLeg", "RightLeg", "RightFoot", "RightToe", "Spine", "Spine1", "Spine2", "Neck", "Head", "LeftShoulder", "LeftArm", "LeftForeArm", "LeftHand", "RightShoulder", "RightArm", "RightForeArm", "RightHand"]}