{"root_pos": [142.18394470214844, 82.4782485961914, 39.12152099609375], "local_quat": [[-0.06044548377394676, -0.7680996060371399, -0.6304274797439575, -0.09450137615203857], [0.020135128870606422, 0.1183762326836586, -0.9924810528755188, -0.02372896298766136], [0.7716554403305054, -0.013220669701695442, 0.03027619794011116, -0.63518226146698], [0.8212841153144836, -0.023372765630483627, -0.049640871584415436, 0.5678747296333313], [0.9716016054153442, -0.03757660463452339, -0.01187683641910553, 0.23331831395626068], [-0.014961275272071362, 0.41339701414108276, 0.9088125824928284, -0.0542105957865715], [0.905082643032074, 0.03153180330991745, -0.017157070338726044, -0.42371776700019836], [0.7558273077011108, 0.030842766165733337, -0.013999758288264275, 0.6538943648338318], [0.9838013648986816, -0.005876782815903425, 0.05434081703424454, 0.1707259863615036], [0.9948290586471558, -0.03694019839167595, 0.01877397671341896, 0.0927257239818573], [0.9950796961784363, -0.056483786553144455, 0.018279794603586197, 0.0793212354183197], [0.9948241710662842, -0.055079396814107895, 0.018367240205407143, 0.0833880603313446], [0.9965190291404724, -0.035776287317276, 0.07509494572877884, -0.005537049379199743], [0.9896065592765808, 0.005748274736106396, -0.01164361834526062, -0.14321354031562805], [0.03292696177959442, -0.6558957099914551, -0.016859030351042747, -0.7539445757865906], [0.8564261198043823, 0.19904272258281708, 0.44665729999542236, -0.16557054221630096], [0.6561855673789978, -0.01147372741252184, -0.02107631415128708, -0.7542179226875305], [0.9765723943710327, 0.16321179270744324, -0.09575163573026657, -0.1024690568447113], [0.015482300892472267, 0.6001259088516235, -0.014131683856248856, -0.7996308207511902], [0.8876172304153442, -0.22695009410381317, -0.39338114857673645, 0.07668469846248627], [0.6664010882377625, -0.01047336682677269, -0.03871005028486252, -0.7445141673088074], [0.9600589275360107, -0.2612149715423584, 0.09543745219707489, -0.03074505925178528]], "joint_names": ["Hips", "LeftUpLeg", "LeftLeg", "LeftFoot", "LeftToe", "RightUpLeg", "RightLeg", "RightFoot", "RightToe", "Spine", "Spine1", "Spine2", "Neck", "Head", "LeftShoulder", "LeftArm", "LeftForeArm", "LeftHand", "RightShoulder", "RightArm", "RightForeArm", "RightHand"]}