{"root_pos": [118.02837371826172, 87.44009399414062, 33.40877914428711], "local_quat": [[-0.03725871071219444, -0.7789268493652344, -0.6207007169723511, -0.08133489638566971], [0.013900321908295155, 0.15154841542243958, -0.9883418083190918, 0.004505237564444542], [0.9188734292984009, -0.019911469891667366, 0.011364000849425793, -0.39388591051101685], [0.8368989825248718, -0.022639507427811623, -0.05683440342545509, 0.5439277291297913], [0.9727585911750793, -0.03462924435734749, -0.011236942373216152, 0.22894379496574402], [-0.01202241238206625, 0.45066091418266296, 0.8913528323173523, -0.047435980290174484], [0.920723557472229, 0.03506816551089287, -0.023221271112561226, -0.38794219493865967], [0.8008536100387573, 0.0448266863822937, -0.0049331579357385635, 0.5971596837043762], [0.9837616086006165, -0.004829243756830692, 0.04924607649445534, 0.17252416908740997], [0.994696855545044, -0.04195548593997955, 0.013608762994408607, 0.09291278570890427], [0.9945956468582153, -0.06932970136404037, 0.010723919607698917, 0.07653621584177017], [0.9944480061531067, -0.06900621205568314, 0.01207455899566412, 0.07852010428905487], [0.9954437613487244, -0.030315568670630455, 0.0899912565946579, -0.00861317291855812], [0.9913278222084045, 0.014428417198359966, -0.014886796474456787, -0.1297663003206253], [0.020698487758636475, -0.6577937602996826, -0.025914378464221954, -0.7524673938751221], [0.8643918037414551, 0.159658282995224, 0.43428847193717957, -0.19679860770702362], [0.5996859669685364, -0.0033409902825951576, -0.008299178443849087, -0.8001854419708252], [0.9736887812614441, 0.16896982491016388, -0.10234282165765762, -0.11360204219818115], [0.01908315345644951, 0.6137475967407227, -0.019707215949892998, -0.789025604724884], [0.8715420961380005, -0.273965448141098, -0.39001455903053284, 0.11509090662002563], [0.6743698716163635, -0.010886020958423615, -0.03800443932414055, -0.737334668636322], [0.9571102857589722, -0.2726646661758423, 0.09370781481266022, -0.02850683033466339]], "joint_names": ["Hips", "LeftUpLeg", "LeftLeg", "LeftFoot", "LeftToe", "RightUpLeg", "RightLeg", "RightFoot", "RightToe", "Spine", "Spine1", "Spine2", "Neck", "Head", "LeftShoulder", "LeftArm", "LeftForeArm", "LeftHand", "RightShoulder", "RightArm", "RightForeArm", "RightHand"]}