{"root_pos": [106.6926040649414, 88.43585205078125, 30.42105484008789], "local_quat": [[-0.027510475367307663, -0.7837736010551453, -0.615567684173584, -0.07757887989282608], [0.016601115465164185, 0.1369898021221161, -0.9902299642562866, 0.020066842436790466], [0.9474236369132996, -0.018318021669983864, 0.004179298412054777, -0.3194301128387451], [0.8373057842254639, -0.020127279683947563, -0.06063999608159065, 0.542988657951355], [0.9732723236083984, -0.033060505986213684, -0.01082591898739338, 0.2270040065050125], [-0.007018418051302433, 0.46909961104393005, 0.8820356130599976, -0.04369638115167618], [0.9035840630531311, 0.03482615947723389, -0.02954206056892872, -0.42596980929374695], [0.8111779689788818, 0.050385285168886185, -0.0014137325342744589, 0.5826231241226196], [0.9837667942047119, -0.004530961625277996, 0.04688477888703346, 0.1731594055891037], [0.9946592450141907, -0.041494134813547134, 0.010406953282654285, 0.09393060207366943], [0.9944929480552673, -0.0702596977353096, 0.005879567004740238, 0.07754164934158325], [0.9943723678588867, -0.070212721824646, 0.007946312427520752, 0.07893437892198563], [0.9952352643013, -0.03137084096670151, 0.09187915921211243, -0.008992825634777546], [0.9917250871658325, 0.012212864123284817, -0.00911656953394413, -0.12747244536876678], [0.015943190082907677, -0.6570427417755127, -0.028216104954481125, -0.7531563639640808], [0.8715733885765076, 0.12336551398038864, 0.422798752784729, -0.21536493301391602], [0.5839751362800598, -0.0018896213732659817, -0.0064207823015749454, -0.8117439150810242], [0.9719316959381104, 0.17209064960479736, -0.10958336293697357, -0.11715398728847504], [0.01792319491505623, 0.6188564300537109, -0.019278593361377716, -0.7850629091262817], [0.8652294874191284, -0.29295769333839417, -0.39260801672935486, 0.10682990401983261], [0.6961175203323364, -0.009632715955376625, -0.034138064831495285, -0.7170510292053223], [0.9563344717025757, -0.2762249708175659, 0.09287645667791367, -0.022317806258797646]], "joint_names": ["Hips", "LeftUpLeg", "LeftLeg", "LeftFoot", "LeftToe", "RightUpLeg", "RightLeg", "RightFoot", "RightToe", "Spine", "Spine1", "Spine2", "Neck", "Head", "LeftShoulder", "LeftArm", "LeftForeArm", "LeftHand", "RightShoulder", "RightArm", "RightForeArm", "RightHand"]}