{"root_pos": [77.2149429321289, 85.37783813476562, 22.0194091796875], "local_quat": [[-0.006650650408118963, -0.7873809933662415, -0.6124822497367859, -0.06965851783752441], [0.010399420745670795, 0.007537071127444506, -0.999728798866272, 0.019427647814154625], [0.9548651576042175, -0.006674106232821941, -0.00011946460290346295, -0.29696452617645264], [0.8037034869194031, 0.010817673988640308, -0.030791940167546272, 0.5941342711448669], [0.9744271039962769, -0.028386835008859634, -0.009559287689626217, 0.22269847989082336], [-0.005020443815737963, 0.4544600248336792, 0.8904905319213867, -0.021619895473122597], [0.7332519888877869, 0.03365439549088478, -0.06500409543514252, -0.676005482673645], [0.7948132157325745, 0.04574686288833618, -0.03155054152011871, 0.6043043732643127], [0.9838680028915405, -0.004174107685685158, 0.04116402193903923, 0.1740456223487854], [0.9944716691970825, -0.028356129303574562, 0.0005627840873785317, 0.1011025458574295], [0.9945476055145264, -0.0490233488380909, -0.011966845951974392, 0.09126054495573044], [0.9946147203445435, -0.04843011870980263, -0.009405061602592468, 0.0911467969417572], [0.9961859583854675, -0.047814756631851196, 0.07193642109632492, -0.01234516128897667], [0.9898899793624878, -0.016225874423980713, 0.025137582793831825, -0.13864611089229584], [0.013353481888771057, -0.6411191821098328, -0.022732902318239212, -0.7669883966445923], [0.8756715059280396, 0.08156688511371613, 0.4180649220943451, -0.2275257110595703], [0.6439743041992188, -0.010806982405483723, -0.02640695869922638, -0.7645148634910583], [0.9706079959869385, 0.16038720309734344, -0.14304085075855255, -0.10832945257425308], [0.007437876425683498, 0.6176303029060364, -0.011693987995386124, -0.7863464951515198], [0.8600967526435852, -0.28587764501571655, -0.422427773475647, 0.00790304783731699], [0.7743915319442749, -0.004572548903524876, -0.018571840599179268, -0.6324175596237183], [0.9528824090957642, -0.2883458733558655, 0.09418997913599014, -0.0001018404436763376]], "joint_names": ["Hips", "LeftUpLeg", "LeftLeg", "LeftFoot", "LeftToe", "RightUpLeg", "RightLeg", "RightFoot", "RightToe", "Spine", "Spine1", "Spine2", "Neck", "Head", "LeftShoulder", "LeftArm", "LeftForeArm", "LeftHand", "RightShoulder", "RightArm", "RightForeArm", "RightHand"]}