{"root_pos": [87.06698608398438, 87.23390197753906, 25.08843231201172], "local_quat": [[-0.01217668317258358, -0.7881113290786743, -0.6116222739219666, -0.06819508224725723], [0.008791070431470871, 0.06444812566041946, -0.9975674152374268, 0.025067085400223732], [0.959804356098175, -0.014541979879140854, 0.0031280333641916513, -0.2802753150463104], [0.821804940700531, -0.004446944687515497, -0.04209372028708458, 0.5681944489479065], [0.9740777015686035, -0.029898833483457565, -0.010000970214605331, 0.22400584816932678], [-0.00550919258967042, 0.47339603304862976, 0.8803448677062988, -0.029306236654520035], [0.8114569783210754, 0.03623366728425026, -0.05364939570426941, -0.580815315246582], [0.8001266717910767, 0.04991505295038223, -0.019730594009160995, 0.5974249243736267], [0.9838282465934753, -0.004243629053235054, 0.04291465878486633, 0.17384561896324158], [0.9945022463798523, -0.03376154229044914, 0.003950437530875206, 0.09904441237449646], [0.9945470690727234, -0.058442264795303345, -0.005293209571391344, 0.08621340990066528], [0.9945579767227173, -0.058097463101148605, -0.002620828105136752, 0.08644120395183563], [0.9956201910972595, -0.040889009833335876, 0.08264658600091934, -0.01542914193123579], [0.9909361600875854, -0.004014682490378618, 0.011049006134271622, -0.13381829857826233], [0.012266886420547962, -0.6475777626037598, -0.026898453012108803, -0.7614256143569946], [0.8736502528190613, 0.08460091054439545, 0.4180087149143219, -0.23419363796710968], [0.6116900444030762, -0.006673854310065508, -0.017025161534547806, -0.7908861637115479], [0.9700096249580383, 0.16755403578281403, -0.13360385596752167, -0.1147046834230423], [0.010866187512874603, 0.6196979880332947, -0.014100219123065472, -0.784638524055481], [0.8643521666526794, -0.2900356352329254, -0.4085807800292969, 0.04285251349210739], [0.7499468922615051, -0.006339307874441147, -0.023676292970776558, -0.6610437631607056], [0.9545906782150269, -0.2826480567455292, 0.0938878133893013, -0.007192417047917843]], "joint_names": ["Hips", "LeftUpLeg", "LeftLeg", "LeftFoot", "LeftToe", "RightUpLeg", "RightLeg", "RightFoot", "RightToe", "Spine", "Spine1", "Spine2", "Neck", "Head", "LeftShoulder", "LeftArm", "LeftForeArm", "LeftHand", "RightShoulder", "RightArm", "RightForeArm", "RightHand"]}