{"root_pos": [153.36720275878906, 79.64966583251953, 42.725589752197266], "local_quat": [[-0.07333007454872131, -0.7619757056236267, -0.6347904801368713, -0.10515090078115463], [0.025974180549383163, 0.057584233582019806, -0.9973810911178589, -0.035216983407735825], [0.6629767417907715, -0.010197572410106659, 0.04249123856425285, -0.7473635077476501], [0.8074102997779846, -0.025392459705471992, -0.04351746290922165, 0.5878351330757141], [0.9710687398910522, -0.03851465880870819, -0.012174342758953571, 0.23535911738872528], [-0.013052542693912983, 0.3918628692626953, 0.9182485342025757, -0.05561148375272751], [0.8811437487602234, 0.03117520734667778, -0.017654670402407646, -0.4714892506599426], [0.7113098502159119, 0.019719140604138374, -0.02776520512998104, 0.7020531296730042], [0.9838373064994812, -0.006409713067114353, 0.05657652020454407, 0.16977083683013916], [0.994931697845459, -0.03181382268667221, 0.02023978903889656, 0.09321606904268265], [0.9954505562782288, -0.045187387615442276, 0.01985115557909012, 0.08150018751621246], [0.9951267242431641, -0.04286380857229233, 0.019001198932528496, 0.08674409985542297], [0.9970383644104004, -0.04221661016345024, 0.06420932710170746, -0.00305892969481647], [0.9882169365882874, -0.004283296875655651, -0.003920672461390495, -0.15294985473155975], [0.0393335297703743, -0.651293933391571, -0.011512963101267815, -0.7577179074287415], [0.8523567318916321, 0.2072378695011139, 0.4549870789051056, -0.15338581800460815], [0.6887836456298828, -0.016529114916920662, -0.029281476512551308, -0.7241867184638977], [0.9763457775115967, 0.1652020663022995, -0.09929738193750381, -0.09796545654535294], [0.011277574114501476, 0.5930205583572388, -0.008973009884357452, -0.8050583600997925], [0.8944312930107117, -0.20343366265296936, -0.3971036672592163, 0.03026663325726986], [0.6749017834663391, -0.009322448633611202, -0.03734717518091202, -0.7369028329849243], [0.9618384838104248, -0.25448647141456604, 0.09640230983495712, -0.028461197391152382]], "joint_names": ["Hips", "LeftUpLeg", "LeftLeg", "LeftFoot", "LeftToe", "RightUpLeg", "RightLeg", "RightFoot", "RightToe", "Spine", "Spine1", "Spine2", "Neck", "Head", "LeftShoulder", "LeftArm", "LeftForeArm", "LeftHand", "RightShoulder", "RightArm", "RightForeArm", "RightHand"]}