{"root_pos": [186.89013671875, 76.44133758544922, 53.57332229614258], "local_quat": [[-0.11400961130857468, -0.7449180483818054, -0.6398972868919373, -0.15043406188488007], [-0.0200607031583786, -0.3238318860530853, -0.9445130825042725, -0.05123961716890335], [0.4952101409435272, -0.03143151104450226, 0.07355687022209167, -0.8650829195976257], [0.7359879612922668, -0.02069728635251522, 0.02135509066283703, 0.6763410568237305], [0.9693262577056885, -0.04234261438250542, -0.012817752547562122, 0.24176326394081116], [-0.012284494005143642, 0.18922023475170135, 0.9793990850448608, -0.06944160163402557], [0.8508340716362, 0.0203577671200037, -0.0027783068362623453, -0.5250325798988342], [0.6240161061286926, -0.02545677125453949, -0.06268070638179779, 0.7784773707389832], [0.9839047789573669, -0.008016044273972511, 0.0641041100025177, 0.1666068732738495], [0.9946802258491516, -0.010556922294199467, 0.016441548243165016, 0.10114063322544098], [0.995885968208313, -0.001426435774192214, 0.004961605183780193, 0.09046946465969086], [0.9954264163970947, 0.004098563455045223, 0.0012730922317132354, 0.0954350084066391], [0.996822714805603, -0.07184667885303497, 0.03351309522986412, -0.0077045029029250145], [0.9803367853164673, -0.04655758664011955, 0.029688335955142975, -0.18944907188415527], [0.052183859050273895, -0.6381794214248657, -0.001392825273796916, -0.7681158781051636], [0.8533244729042053, 0.24596400558948517, 0.4531003534793854, -0.07771167159080505], [0.7643138766288757, -0.027449678629636765, -0.04775823652744293, -0.6424872875213623], [0.9740701913833618, 0.1708565652370453, -0.11551940441131592, -0.09300857782363892], [-0.0023037847131490707, 0.5924466848373413, 0.005726328585296869, -0.8055859804153442], [0.9229598045349121, -0.035950664430856705, -0.35531458258628845, -0.14354181289672852], [0.6240612864494324, -0.009415251202881336, -0.045018039643764496, -0.7800207138061523], [0.9607773423194885, -0.2485939860343933, 0.11626055836677551, -0.03989371284842491]], "joint_names": ["Hips", "LeftUpLeg", "LeftLeg", "LeftFoot", "LeftToe", "RightUpLeg", "RightLeg", "RightFoot", "RightToe", "Spine", "Spine1", "Spine2", "Neck", "Head", "LeftShoulder", "LeftArm", "LeftForeArm", "LeftHand", "RightShoulder", "RightArm", "RightForeArm", "RightHand"]}