{"root_pos": [246.79539489746094, 78.95030975341797, 71.58037567138672], "local_quat": [[-0.1011592298746109, -0.7519111633300781, -0.632789134979248, -0.15483593940734863], [-0.06764788180589676, -0.5177119374275208, -0.8514873385429382, -0.04865569993853569], [0.9100996851921082, -0.07526758313179016, 0.0434013195335865, -0.4051784873008728], [0.7316995859146118, -0.04621490091085434, -0.011284875683486462, 0.6799651384353638], [0.9666433930397034, -0.05121643841266632, -0.015475356951355934, 0.25047567486763], [0.003995455335825682, -0.10497815161943436, 0.9920029640197754, -0.06995522230863571], [0.8968110680580139, 0.022126231342554092, 0.01353522203862667, -0.44165268540382385], [0.8079434037208557, 0.02427116595208645, 0.022080259397625923, 0.5883458256721497], [0.9834398627281189, -0.008512038737535477, 0.07793527096509933, 0.16340021789073944], [0.996380627155304, 0.007140191271901131, -0.0025909566320478916, 0.08466409891843796], [0.9968092441558838, 0.03367383033037186, -0.03886113315820694, 0.06105031818151474], [0.9960666298866272, 0.03480801358819008, -0.04087739810347557, 0.07048927992582321], [0.9910999536514282, -0.1293216198682785, -0.030424628406763077, 0.008428896777331829], [0.9692443013191223, -0.13373419642448425, 0.12894907593727112, -0.161408931016922], [0.07175474613904953, -0.6316550374031067, 0.013039033859968185, -0.7718116641044617], [0.8792904019355774, 0.2543443739414215, 0.40053364634513855, 0.041593436151742935], [0.6692389845848083, -0.021241089329123497, -0.028348566964268684, -0.7422024011611938], [0.9703306555747986, 0.17116950452327728, -0.12279112637042999, -0.1186661422252655], [-0.006764644291251898, 0.6204254031181335, 0.01927381381392479, -0.7839994430541992], [0.9167833924293518, -0.09112093597650528, -0.3604850172996521, -0.14579369127750397], [0.49430814385414124, -0.025294525548815727, -0.07853619754314423, -0.8653621673583984], [0.9672622680664062, -0.2181919515132904, 0.10878635197877884, -0.07043829560279846]], "joint_names": ["Hips", "LeftUpLeg", "LeftLeg", "LeftFoot", "LeftToe", "RightUpLeg", "RightLeg", "RightFoot", "RightToe", "Spine", "Spine1", "Spine2", "Neck", "Head", "LeftShoulder", "LeftArm", "LeftForeArm", "LeftHand", "RightShoulder", "RightArm", "RightForeArm", "RightHand"]}