{"root_pos": [234.5319061279297, 78.85614776611328, 68.07975769042969], "local_quat": [[-0.11339663714170456, -0.7470349073410034, -0.6330298185348511, -0.1683848798274994], [-0.06223977729678154, -0.5211373567581177, -0.8498280048370361, -0.04831568896770477], [0.8447177410125732, -0.07069535553455353, 0.05540487915277481, -0.5276214480400085], [0.7136090993881226, -0.05310995504260063, -0.01677563041448593, 0.6983265280723572], [0.9672042727470398, -0.04966116324067116, -0.014845202676951885, 0.2486550360918045], [0.011222146451473236, -0.07880325615406036, 0.9951373338699341, -0.058014173060655594], [0.9123543500900269, 0.022892620414495468, 0.014308732934296131, -0.40851038694381714], [0.7901918888092041, 0.008794315159320831, -0.001498344005085528, 0.6127945184707642], [0.9835445880889893, -0.008388330228626728, 0.0752691850066185, 0.1640251725912094], [0.9958828687667847, 0.005929330363869667, 0.0002057595265796408, 0.09045467525720596], [0.9965566396713257, 0.031159576028585434, -0.033009111881256104, 0.06938529759645462], [0.9958221912384033, 0.033016886562108994, -0.036033324897289276, 0.07713482528924942], [0.9920773506164551, -0.12429216504096985, -0.017901139333844185, 0.0036694505251944065], [0.9711230397224426, -0.12365172803401947, 0.11302731186151505, -0.1698676198720932], [0.0666939839720726, -0.6338421702384949, 0.008710633032023907, -0.7705324292182922], [0.8661937117576599, 0.2802857756614685, 0.4113975465297699, 0.04359337314963341], [0.6933233737945557, -0.02301039919257164, -0.03247283771634102, -0.7195266485214233], [0.97096848487854, 0.175718292593956, -0.11659662425518036, -0.11290891468524933], [-0.008211213164031506, 0.6138389706611633, 0.01831689104437828, -0.7891759872436523], [0.9141720533370972, -0.050077568739652634, -0.36198318004608154, -0.17535586655139923], [0.4941540062427521, -0.024900512769818306, -0.07714862376451492, -0.8655864000320435], [0.9642468690872192, -0.23259446024894714, 0.10671980679035187, -0.0688382014632225]], "joint_names": ["Hips", "LeftUpLeg", "LeftLeg", "LeftFoot", "LeftToe", "RightUpLeg", "RightLeg", "RightFoot", "RightToe", "Spine", "Spine1", "Spine2", "Neck", "Head", "LeftShoulder", "LeftArm", "LeftForeArm", "LeftHand", "RightShoulder", "RightArm", "RightForeArm", "RightHand"]}