{"root_pos": [174.72171020507812, 76.72908020019531, 50.97892761230469], "local_quat": [[-0.10079186409711838, -0.7474600076675415, -0.6428982019424438, -0.13351581990718842], [0.007793349213898182, -0.19210952520370483, -0.9803665280342102, -0.043757081031799316], [0.5003034472465515, -0.019880447536706924, 0.06566575169563293, -0.8631275296211243], [0.7633063793182373, -0.021131547167897224, -0.00014359837223310024, 0.64569091796875], [0.9699752330780029, -0.040415238589048386, -0.01257108524441719, 0.23949244618415833], [-0.0161863062530756, 0.28462737798690796, 0.9562225341796875, -0.06605793535709381], [0.8359168767929077, 0.022324351593852043, -0.009904291480779648, -0.5483123064041138], [0.6278234720230103, -0.01849810965359211, -0.06167278811335564, 0.775688111782074], [0.9839191436767578, -0.007409330457448959, 0.060920268297195435, 0.16774070262908936], [0.9945735335350037, -0.017890332266688347, 0.019148560240864754, 0.10068167001008987], [0.9956038594245911, -0.016475407406687737, 0.013695087283849716, 0.0911806970834732], [0.9952232837677002, -0.011353624053299427, 0.010828912258148193, 0.09635572880506516], [0.9972704648971558, -0.05845707654953003, 0.044447485357522964, -0.007669859565794468], [0.983232319355011, -0.028064703568816185, 0.014213761314749718, -0.17962346971035004], [0.047292016446590424, -0.6416879892349243, -0.004910432733595371, -0.7654906511306763], [0.8525421023368835, 0.21731486916542053, 0.45931586623191833, -0.12237294763326645], [0.7498724460601807, -0.025468675419688225, -0.04488217085599899, -0.6595667004585266], [0.9742662310600281, 0.1700473427772522, -0.11545386165380478, -0.09251794219017029], [0.0007489426643587649, 0.5894100666046143, 0.0024456700775772333, -0.8078299164772034], [0.920307457447052, -0.09460604935884476, -0.36818814277648926, -0.09231141209602356], [0.6591944694519043, -0.007466693874448538, -0.038799677044153214, -0.7509337663650513], [0.961685061454773, -0.24871161580085754, 0.11069609969854355, -0.03241642937064171]], "joint_names": ["Hips", "LeftUpLeg", "LeftLeg", "LeftFoot", "LeftToe", "RightUpLeg", "RightLeg", "RightFoot", "RightToe", "Spine", "Spine1", "Spine2", "Neck", "Head", "LeftShoulder", "LeftArm", "LeftForeArm", "LeftHand", "RightShoulder", "RightArm", "RightForeArm", "RightHand"]}