{"root_pos": [257.6148986816406, 78.40644836425781, 74.59649658203125], "local_quat": [[-0.09690439701080322, -0.7547330260276794, -0.6331022381782532, -0.14201807975769043], [-0.07388332486152649, -0.501581609249115, -0.8603781461715698, -0.052025262266397476], [0.9442105889320374, -0.07559192180633545, 0.03069680742919445, -0.3190765380859375], [0.7501401305198669, -0.027273347601294518, 0.008317886851727962, 0.6606639623641968], [0.9661399126052856, -0.05258885398507118, -0.016138114035129547, 0.2520867884159088], [0.0014697005972266197, -0.11938004195690155, 0.9898939728736877, -0.07652630656957626], [0.8799446225166321, 0.021464841440320015, 0.010622438043355942, -0.4744722843170166], [0.8199052214622498, 0.042267803102731705, 0.0472518727183342, 0.5689780116081238], [0.9833468198776245, -0.008613337762653828, 0.08038051426410675, 0.16276970505714417], [0.9968068599700928, 0.00999067910015583, -0.0035790062975138426, 0.07914191484451294], [0.996880292892456, 0.039541199803352356, -0.04202282056212425, 0.053854137659072876], [0.9961436986923218, 0.04004720225930214, -0.04369603842496872, 0.06468792259693146], [0.9899852275848389, -0.1340416818857193, -0.04295054450631142, 0.01083840150386095], [0.9667791724205017, -0.14289246499538422, 0.14254780113697052, -0.15684358775615692], [0.07702608406543732, -0.6283042430877686, 0.017967281863093376, -0.7739366888999939], [0.8847471475601196, 0.2420114278793335, 0.3960053324699402, 0.04281036928296089], [0.6579203605651855, -0.01967873051762581, -0.02539549395442009, -0.7524018287658691], [0.9701898694038391, 0.16171269118785858, -0.13275758922100067, -0.12229494750499725], [-0.007343951612710953, 0.6259425282478333, 0.02201840840280056, -0.7795236706733704], [0.9184527397155762, -0.12188184261322021, -0.3545830249786377, -0.1259373277425766], [0.4954749345779419, -0.02554146945476532, -0.0795798972249031, -0.8645919561386108], [0.9694691896438599, -0.2043152004480362, 0.11528533697128296, -0.07137288898229599]], "joint_names": ["Hips", "LeftUpLeg", "LeftLeg", "LeftFoot", "LeftToe", "RightUpLeg", "RightLeg", "RightFoot", "RightToe", "Spine", "Spine1", "Spine2", "Neck", "Head", "LeftShoulder", "LeftArm", "LeftForeArm", "LeftHand", "RightShoulder", "RightArm", "RightForeArm", "RightHand"]}