{"root_pos": [208.74237060546875, 77.51801300048828, 60.48973083496094], "local_quat": [[-0.1283135712146759, -0.7431178092956543, -0.6328502297401428, -0.1755337119102478], [-0.048610422760248184, -0.4874454736709595, -0.869961678981781, -0.05657408386468887], [0.640478253364563, -0.050931546837091446, 0.07122578471899033, -0.7629681825637817], [0.7040624618530273, -0.03228291869163513, 0.014559466391801834, 0.7092544436454773], [0.9683775305747986, -0.045961108058691025, -0.013695910573005676, 0.24483653903007507], [0.007015557494014502, 0.012230903841555119, 0.9985864758491516, -0.05124785006046295], [0.899297297000885, 0.020824328064918518, 0.008873801678419113, -0.4367516040802002], [0.7151474952697754, -0.013066444545984268, -0.03615919128060341, 0.6979153156280518], [0.9837567806243896, -0.008270373567938805, 0.06949272751808167, 0.1653028428554535], [0.9951465725898743, 0.0014450724702328444, 0.007829239591956139, 0.09808086603879929], [0.9961739182472229, 0.0221761092543602, -0.016276396811008453, 0.08295054733753204], [0.9955397248268127, 0.025843914598226547, -0.020290369167923927, 0.08843746781349182], [0.9945631623268127, -0.10379057377576828, 0.0070528085343539715, -0.004675312899053097], [0.975007951259613, -0.09176474809646606, 0.074175164103508, -0.18824663758277893], [0.05918818712234497, -0.6321706175804138, 0.003602157346904278, -0.7725569009780884], [0.8519066572189331, 0.2870941162109375, 0.4379715621471405, 0.003595203161239624], [0.745875358581543, -0.02608295902609825, -0.042288266122341156, -0.6642299294471741], [0.9737083911895752, 0.17092439532279968, -0.11311862617731094, -0.0994032546877861], [-0.0077261775732040405, 0.5982316732406616, 0.013820135965943336, -0.8011667728424072], [0.9089360237121582, -0.014668522402644157, -0.36978161334991455, -0.19204570353031158], [0.5476512312889099, -0.019365934655070305, -0.06527846306562424, -0.8339316248893738], [0.9618850350379944, -0.24366141855716705, 0.11140059679746628, -0.0547366738319397]], "joint_names": ["Hips", "LeftUpLeg", "LeftLeg", "LeftFoot", "LeftToe", "RightUpLeg", "RightLeg", "RightFoot", "RightToe", "Spine", "Spine1", "Spine2", "Neck", "Head", "LeftShoulder", "LeftArm", "LeftForeArm", "LeftHand", "RightShoulder", "RightArm", "RightForeArm", "RightHand"]}