{"root_pos": [198.6670379638672, 76.62625122070312, 57.1142578125], "local_quat": [[-0.12714269757270813, -0.7443036437034607, -0.6339388489723206, -0.1672373265028], [-0.03822605684399605, -0.42019104957580566, -0.9049401879310608, -0.05533088371157646], [0.5415062308311462, -0.0410274937748909, 0.07571521401405334, -0.8362744450569153], [0.7140413522720337, -0.024807238951325417, 0.02500794269144535, 0.6992167830467224], [0.968795895576477, -0.04426898434758186, -0.013164747506380081, 0.2435189038515091], [-0.003485201857984066, 0.08764208108186722, 0.994083821773529, -0.06406416743993759], [0.8752974271774292, 0.01888006553053856, 0.005648677237331867, -0.4831832945346832], [0.6577854752540588, -0.022928230464458466, -0.050257306545972824, 0.7511768937110901], [0.9838405251502991, -0.008308695629239082, 0.06703026592731476, 0.16581855714321136], [0.9948768615722656, -0.0025677578523755074, 0.011797490529716015, 0.10037029534578323], [0.996006190776825, 0.014026478864252567, -0.006788579281419516, 0.08791401982307434], [0.9954299330711365, 0.018719755113124847, -0.010828780941665173, 0.09301380813121796], [0.9959433078765869, -0.08733607083559036, 0.020086612552404404, -0.008116580545902252], [0.9775927662849426, -0.06875308603048325, 0.0519351102411747, -0.1920631229877472], [0.05694511905312538, -0.6333692073822021, 0.002581837819889188, -0.7717472910881042], [0.8497212529182434, 0.2729988098144531, 0.44959697127342224, -0.036166831851005554], [0.7634937763214111, -0.027318865060806274, -0.04637822508811951, -0.6435680985450745], [0.9741765856742859, 0.16875115036964417, -0.11613885313272476, -0.0949460044503212], [-0.005326197016984224, 0.5947428941726685, 0.010015066713094711, -0.803835928440094], [0.9145172834396362, -0.014209384098649025, -0.3661535084247589, -0.171428382396698], [0.5861653089523315, -0.014471449889242649, -0.05576355755329132, -0.8081406354904175], [0.961698591709137, -0.24456563591957092, 0.1145305335521698, -0.0469699464738369]], "joint_names": ["Hips", "LeftUpLeg", "LeftLeg", "LeftFoot", "LeftToe", "RightUpLeg", "RightLeg", "RightFoot", "RightToe", "Spine", "Spine1", "Spine2", "Neck", "Head", "LeftShoulder", "LeftArm", "LeftForeArm", "LeftHand", "RightShoulder", "RightArm", "RightForeArm", "RightHand"]}