{"root_pos": [221.17918395996094, 78.5511703491211, 64.41973876953125], "local_quat": [[-0.12382552027702332, -0.7459118962287903, -0.6305875778198242, -0.17504847049713135], [-0.054982833564281464, -0.518667459487915, -0.8515996932983398, -0.05233435332775116], [0.7521923184394836, -0.062160566449165344, 0.06424127519130707, -0.6528521180152893], [0.7068125009536743, -0.044881463050842285, -0.0033481870777904987, 0.705967903137207], [0.9678168892860413, -0.047848545014858246, -0.014277574606239796, 0.2466520369052887], [0.014847592450678349, -0.04375486820936203, 0.997778058052063, -0.04799995198845863], [0.9139403104782104, 0.021567679941654205, 0.013277465477585793, -0.4050575792789459], [0.7650947570800781, -0.0064652846194803715, -0.023804396390914917, 0.6434450149536133], [0.9836633801460266, -0.008240996859967709, 0.07231646031141281, 0.16464750468730927], [0.9954584836959839, 0.004272736608982086, 0.005035755690187216, 0.09496703743934631], [0.9963693022727966, 0.028137817978858948, -0.02353060245513916, 0.07682855427265167], [0.9956737160682678, 0.030920667573809624, -0.027404282242059708, 0.08322738856077194], [0.9931108355522156, -0.11705508828163147, -0.0053769676014781, 6.513043899758486e-06], [0.972798764705658, -0.11079736799001694, 0.0943789854645729, -0.1802193969488144], [0.062483981251716614, -0.6324297189712524, 0.005728865973651409, -0.7720723152160645], [0.8547627925872803, 0.2906613051891327, 0.4290063977241516, 0.029155489057302475], [0.7203497886657715, -0.024402493610978127, -0.036928217858076096, -0.6921972632408142], [0.9721891283988953, 0.17427769303321838, -0.11490783840417862, -0.10616929829120636], [-0.009344358928501606, 0.6055119633674622, 0.01709955930709839, -0.7955976724624634], [0.9094232320785522, -0.023770013824105263, -0.36681339144706726, -0.19450503587722778], [0.5128588676452637, -0.023211613297462463, -0.07309139519929886, -0.8550406694412231], [0.9620077610015869, -0.24221715331077576, 0.10887116938829422, -0.06339536607265472]], "joint_names": ["Hips", "LeftUpLeg", "LeftLeg", "LeftFoot", "LeftToe", "RightUpLeg", "RightLeg", "RightFoot", "RightToe", "Spine", "Spine1", "Spine2", "Neck", "Head", "LeftShoulder", "LeftArm", "LeftForeArm", "LeftHand", "RightShoulder", "RightArm", "RightForeArm", "RightHand"]}