{"root_pos": [163.5037078857422, 77.66004180908203, 47.07008361816406], "local_quat": [[-0.08746915310621262, -0.7542241215705872, -0.6394586563110352, -0.12077976018190384], [0.028231747448444366, -0.07022669911384583, -0.9963078498840332, -0.04052046313881874], [0.5560761094093323, -0.010312309488654137, 0.05352172628045082, -0.8293421268463135], [0.7877436280250549, -0.023355841636657715, -0.027682440355420113, 0.614937424659729], [0.9705585241317749, -0.039317525923252106, -0.012363957241177559, 0.23731306195259094], [-0.013538221828639507, 0.35847872495651245, 0.9315134286880493, -0.059936270117759705], [0.8523167371749878, 0.026847727596759796, -0.015474085696041584, -0.5221071839332581], [0.6700504422187805, 0.000109605367470067, -0.046595729887485504, 0.7408517599105835], [0.9838948845863342, -0.0069368151016533375, 0.05856863036751747, 0.16873784363269806], [0.9948425889015198, -0.02541879378259182, 0.020337572321295738, 0.09606499969959259], [0.9956408739089966, -0.03160615265369415, 0.0181489959359169, 0.08585396409034729], [0.9952661991119385, -0.027849547564983368, 0.016278758645057678, 0.09167609363794327], [0.997227132320404, -0.05029236897826195, 0.05468210205435753, -0.004302774555981159], [0.9859347939491272, -0.015710100531578064, 0.0041711642406880856, -0.16633836925029755], [0.04364660009741783, -0.6447784304618835, -0.007865119725465775, -0.7630818486213684], [0.8492799997329712, 0.21148177981376648, 0.4635099470615387, -0.13841034471988678], [0.7223461866378784, -0.02132263593375683, -0.0376935750246048, -0.6901741623878479], [0.97578364610672, 0.16548947989940643, -0.10776860266923904, -0.09405012428760529], [0.006295427680015564, 0.5884919762611389, -0.003723133821040392, -0.8084700107574463], [0.906490683555603, -0.1580256074666977, -0.39057332277297974, -0.027477433905005455], [0.6742445826530457, -0.00818596687167883, -0.03725716471672058, -0.737522304058075], [0.9622853398323059, -0.2511347830295563, 0.10069912672042847, -0.028247825801372528]], "joint_names": ["Hips", "LeftUpLeg", "LeftLeg", "LeftFoot", "LeftToe", "RightUpLeg", "RightLeg", "RightFoot", "RightToe", "Spine", "Spine1", "Spine2", "Neck", "Head", "LeftShoulder", "LeftArm", "LeftForeArm", "LeftHand", "RightShoulder", "RightArm", "RightForeArm", "RightHand"]}