{"root_pos": [-148.5855712890625, 87.89875030517578, -18.750398635864258], "local_quat": [[0.048279259353876114, -0.7170149087905884, -0.695296049118042, -0.011049531400203705], [-0.008304743096232414, 0.0026933313347399235, -0.9928737878799438, -0.11885040253400803], [0.977087140083313, -0.045890726149082184, 0.05385603383183479, -0.20073427259922028], [0.7082580327987671, -0.11042483150959015, -0.08827625215053558, 0.6916532516479492], [0.9825242757797241, -4.875308604823658e-06, 2.6672345484257676e-05, 0.1861344426870346], [0.018714338541030884, 0.30608049035072327, 0.9457722306251526, -0.10714171081781387], [0.7732445597648621, 0.012947618030011654, -0.04556642472743988, -0.6323360800743103], [0.7960972785949707, -0.015616544522345066, -0.06478243321180344, 0.6014885306358337], [0.9825242757797241, 5.0534722504380625e-06, -2.6487601644475944e-05, 0.18613436818122864], [0.9973351955413818, -0.0031812461093068123, -0.013487371616065502, 0.07162684947252274], [0.9980480074882507, -0.007521305698901415, -0.026660233736038208, 0.05597184598445892], [0.9981995224952698, -0.00743423867970705, -0.026685774326324463, 0.05320095643401146], [0.9896515607833862, -0.07008872926235199, 0.09929198026657104, 0.07627856731414795], [0.9986935257911682, -0.0303485244512558, 0.019288718700408936, -0.03630593419075012], [-0.01334990095347166, -0.6246733069419861, 0.0031735755037516356, -0.7807655930519104], [0.8510811924934387, 0.36087295413017273, 0.298963725566864, -0.23675332963466644], [0.9367564916610718, -0.026086430996656418, -0.10707814991474152, -0.3321761190891266], [0.9929404854774475, 0.10275964438915253, -0.03385781869292259, 0.048613160848617554], [0.006491809617727995, 0.6001304984092712, -0.025958169251680374, -0.7994544506072998], [0.8604713082313538, -0.20014850795269012, -0.4200200140476227, -0.20763631165027618], [0.981235146522522, 0.006234585307538509, 0.060183051973581314, -0.1830757111310959], [0.9430575966835022, -0.30991432070732117, 0.04146186634898186, 0.11347393691539764]], "joint_names": ["Hips", "LeftUpLeg", "LeftLeg", "LeftFoot", "LeftToe", "RightUpLeg", "RightLeg", "RightFoot", "RightToe", "Spine", "Spine1", "Spine2", "Neck", "Head", "LeftShoulder", "LeftArm", "LeftForeArm", "LeftHand", "RightShoulder", "RightArm", "RightForeArm", "RightHand"]}