{"root_pos": [257.00262451171875, 78.78346252441406, 74.03870391845703], "local_quat": [[-0.09815791249275208, -0.7577787041664124, -0.6324378252029419, -0.1271173059940338], [-0.0729149654507637, -0.4891464114189148, -0.8679845333099365, -0.04496685415506363], [0.9304461479187012, -0.04505335912108421, 0.07645907998085022, -0.3555195927619934], [0.7474793195724487, -0.06793055683374405, -0.014008784666657448, 0.6606540679931641], [0.9825242757797241, -4.890833224635571e-06, 2.6660522053134628e-05, 0.1861344575881958], [0.014360010623931885, -0.1440371572971344, 0.9887006282806396, -0.03896241635084152], [0.8560076355934143, -0.06953468173742294, 0.015901725739240646, -0.5120185613632202], [0.8686820864677429, -0.019592346623539925, 0.0486379899084568, 0.4925869107246399], [0.9825242757797241, 5.048599177825963e-06, -2.6461879315320402e-05, 0.18613435328006744], [0.9962260127067566, 0.029860157519578934, -0.00955114234238863, 0.08093713968992233], [0.9952443242073059, 0.058766696602106094, -0.02164456434547901, 0.07460995763540268], [0.99544757604599, 0.058837100863456726, -0.02145385928452015, 0.07184692472219467], [0.9922618865966797, -0.08591974526643753, 0.0010253200307488441, -0.0896274596452713], [0.9706969261169434, -0.11174234002828598, 0.12433082610368729, -0.1726352572441101], [0.02611691877245903, -0.6381750106811523, 0.051096927374601364, -0.7677497267723083], [0.906014621257782, 0.23609212040901184, 0.34951046109199524, -0.0352201871573925], [0.6470374464988708, 0.008702962659299374, -0.025149589404463768, -0.7619935870170593], [0.9763187170028687, 0.15438109636306763, -0.14328791201114655, -0.04936421290040016], [-0.019040396437048912, 0.6856014728546143, 0.0008688501548022032, -0.7277275323867798], [0.9151946902275085, -0.1882847249507904, -0.3468491733074188, -0.08162791281938553], [0.4636041522026062, -0.014784964732825756, 0.02969014085829258, -0.8854213953018188], [0.9639816880226135, -0.2343679815530777, 0.12209099531173706, 0.030078435316681862]], "joint_names": ["Hips", "LeftUpLeg", "LeftLeg", "LeftFoot", "LeftToe", "RightUpLeg", "RightLeg", "RightFoot", "RightToe", "Spine", "Spine1", "Spine2", "Neck", "Head", "LeftShoulder", "LeftArm", "LeftForeArm", "LeftHand", "RightShoulder", "RightArm", "RightForeArm", "RightHand"]}