{"root_pos": [2.5869667530059814, 81.69847106933594, -6.175522327423096], "local_quat": [[-0.024873889982700348, 0.6217949986457825, 0.7827849388122559, 4.136314237257466e-05], [0.07118663191795349, -0.09583283215761185, -0.991258442401886, -0.056171808391809464], [0.7365062832832336, 0.09467532485723495, 0.06628934293985367, -0.6664839386940002], [0.8086654543876648, -0.015563015826046467, -0.09657836705446243, 0.5800780653953552], [0.9804129600524902, -0.007572400849312544, -0.0017830205615609884, 0.19679920375347137], [-0.053959596902132034, 0.1508348137140274, 0.986879289150238, -0.02016337402164936], [0.9373608827590942, 0.015599568374454975, 0.009484747424721718, -0.34788110852241516], [0.7723429203033447, -0.04741547629237175, -0.04648178070783615, 0.6317259073257446], [0.9835490584373474, -0.0005797946359962225, 0.009771814569830894, 0.18037548661231995], [0.9965803027153015, -0.011777309700846672, 0.014392643235623837, 0.08050976693630219], [0.9977209568023682, -0.017444578930735588, 0.019685709848999977, 0.062136758118867874], [0.9980013966560364, -0.011140052229166031, 0.014990770258009434, 0.060369089245796204], [0.9948723912239075, -0.03049938939511776, -0.09319919347763062, 0.024752359837293625], [0.9940178394317627, -0.07996752858161926, 0.07317955046892166, -0.013360846787691116], [0.01416759379208088, -0.5720319747924805, 0.0235418863594532, -0.8197709918022156], [0.87061607837677, 0.19998127222061157, 0.38095822930336, -0.23854988813400269], [0.9515054225921631, -0.04731018468737602, -0.13656824827194214, -0.2715662121772766], [0.9632874131202698, 0.24187934398651123, -0.034076474606990814, 0.11140242218971252], [0.02286485582590103, 0.5902458429336548, -0.0490168035030365, -0.8054094910621643], [0.8717148900032043, -0.21524742245674133, -0.3997608423233032, -0.18431754410266876], [0.9188796877861023, 0.02979370765388012, 0.12412109971046448, -0.37331801652908325], [0.9905592203140259, -0.11572355777025223, 0.04132360219955444, 0.06076931208372116]], "joint_names": ["Hips", "LeftUpLeg", "LeftLeg", "LeftFoot", "LeftToe", "RightUpLeg", "RightLeg", "RightFoot", "RightToe", "Spine", "Spine1", "Spine2", "Neck", "Head", "LeftShoulder", "LeftArm", "LeftForeArm", "LeftHand", "RightShoulder", "RightArm", "RightForeArm", "RightHand"]}