{"root_pos": [-16.78803825378418, 82.64825439453125, -4.002017021179199], "local_quat": [[-0.15507125854492188, 0.6566574573516846, 0.7318536043167114, -0.09562563896179199], [-0.0004755495465360582, 0.1480109840631485, -0.9857075214385986, -0.08045601844787598], [0.935641348361969, 0.08503944426774979, 0.03151122108101845, -0.34110215306282043], [0.7104455828666687, 0.005330571439117193, -0.0807008296251297, 0.6990894079208374], [0.9817676544189453, -0.003214337397366762, -0.0007477806648239493, 0.19005636870861053], [0.0035854193847626448, 0.2881670892238617, 0.9574568271636963, -0.014942502602934837], [0.9807935953140259, 0.06911125034093857, -0.03807619586586952, -0.17837496101856232], [0.7925477623939514, 0.014792367815971375, -0.05511109158396721, 0.6071342825889587], [0.9828685522079468, -0.000585152767598629, 0.00405076052993536, 0.18426257371902466], [0.9979655742645264, -0.018791252747178078, 0.005881506018340588, 0.06063807010650635], [0.9987501502037048, -0.03598031401634216, 0.011514393612742424, 0.032725363969802856], [0.9988250732421875, -0.03537403792142868, 0.010427767410874367, 0.03144069015979767], [0.9969282746315002, -0.007242097984999418, -0.07777757197618484, -0.0056762006133794785], [0.9971075654029846, -0.0530085489153862, 0.05367382615804672, 0.009259667247533798], [0.0040339636616408825, -0.5863634943962097, 0.016008853912353516, -0.8098797798156738], [0.8944875001907349, 0.09003987163305283, 0.34671536087989807, -0.2675323188304901], [0.9062901139259338, -0.04547228664159775, -0.13074681162834167, -0.39934414625167847], [0.953639030456543, 0.2820567190647125, -0.06096455454826355, 0.0854395180940628], [0.03168410807847977, 0.5950946807861328, -0.05628562346100807, -0.8010558485984802], [0.8586072325706482, -0.28319382667541504, -0.4120013117790222, -0.11335697025060654], [0.9381444454193115, 0.02723606675863266, 0.1233372762799263, -0.3223836123943329], [0.9918884634971619, -0.10378620773553848, 0.02154836803674698, 0.07015307992696762]], "joint_names": ["Hips", "LeftUpLeg", "LeftLeg", "LeftFoot", "LeftToe", "RightUpLeg", "RightLeg", "RightFoot", "RightToe", "Spine", "Spine1", "Spine2", "Neck", "Head", "LeftShoulder", "LeftArm", "LeftForeArm", "LeftHand", "RightShoulder", "RightArm", "RightForeArm", "RightHand"]}