{"root_pos": [-0.7274990081787109, 81.69116973876953, -5.459629535675049], "local_quat": [[-0.061259910464286804, 0.6271764636039734, 0.7757063508033752, -0.034301675856113434], [0.07331021875143051, -0.03286592289805412, -0.995094358921051, -0.05772913992404938], [0.7594585418701172, 0.09829412400722504, 0.06001488119363785, -0.640280544757843], [0.8096382021903992, -0.016647085547447205, -0.10717353969812393, 0.5768212080001831], [0.980659008026123, -0.006928765214979649, -0.0015601478517055511, 0.19559501111507416], [-0.04964149370789528, 0.17425057291984558, 0.9834273457527161, -0.006571085192263126], [0.9475804567337036, 0.023715781047940254, 0.005785223096609116, -0.31858330965042114], [0.7746139764785767, -0.040977079421281815, -0.04817267134785652, 0.6292641162872314], [0.98341965675354, -0.0005821852828375995, 0.008913474157452583, 0.18112415075302124], [0.996959924697876, -0.014055907726287842, 0.013767161406576633, 0.07539060711860657], [0.9980419874191284, -0.022731918841600418, 0.020049860700964928, 0.05471261590719223], [0.9982731938362122, -0.01762557402253151, 0.016193250194191933, 0.05364508181810379], [0.9954706430435181, -0.02694064937531948, -0.08782712370157242, 0.024471284821629524], [0.9948888421058655, -0.0743217021226883, 0.06779501587152481, -0.008741170167922974], [0.012545238249003887, -0.5722444653511047, 0.02245239168405533, -0.8196796774864197], [0.8772124648094177, 0.178930401802063, 0.37441861629486084, -0.24143929779529572], [0.9447851777076721, -0.047324392944574356, -0.1360054463148117, -0.2943531274795532], [0.9620264172554016, 0.2473514974117279, -0.0432913601398468, 0.10699661076068878], [0.02663533017039299, 0.5899312496185303, -0.052719153463840485, -0.8052902221679688], [0.8682999014854431, -0.23817630112171173, -0.4060054421424866, -0.15648317337036133], [0.929095447063446, 0.028527356684207916, 0.12408605962991714, -0.3472326397895813], [0.9908543825149536, -0.11189986020326614, 0.03720580413937569, 0.06558746099472046]], "joint_names": ["Hips", "LeftUpLeg", "LeftLeg", "LeftFoot", "LeftToe", "RightUpLeg", "RightLeg", "RightFoot", "RightToe", "Spine", "Spine1", "Spine2", "Neck", "Head", "LeftShoulder", "LeftArm", "LeftForeArm", "LeftHand", "RightShoulder", "RightArm", "RightForeArm", "RightHand"]}