{"root_pos": [-13.278066635131836, 82.30435943603516, -4.165355205535889], "local_quat": [[-0.14212672412395477, 0.6498863101005554, 0.7411839962005615, -0.0899667963385582], [0.013668365776538849, 0.10125995427370071, -0.9913875460624695, -0.08191688358783722], [0.9015827775001526, 0.09414176642894745, 0.03767099231481552, -0.42055511474609375], [0.7498615384101868, -0.009166548028588295, -0.108610600233078, 0.6525545716285706], [0.981515645980835, -0.004163133446127176, -0.0011339671909809113, 0.19133339822292328], [-0.012615973129868507, 0.26660510897636414, 0.9636844396591187, -0.008654755540192127], [0.9812540411949158, 0.05603891983628273, -0.020954303443431854, -0.18319657444953918], [0.7795255184173584, -0.00842896569520235, -0.059281934052705765, 0.6235017776489258], [0.9830056428909302, -0.00046617756015621126, 0.00529878307133913, 0.18349817395210266], [0.9976605176925659, -0.018149495124816895, 0.008585578761994839, 0.06534785777330399], [0.9985412955284119, -0.0337909534573555, 0.01564890705049038, 0.03909799084067345], [0.9986608028411865, -0.03241651877760887, 0.013909876346588135, 0.03784561529755592], [0.9968782663345337, -0.011907203122973442, -0.07805061340332031, -0.0002604135370347649], [0.9969244599342346, -0.05680788680911064, 0.053785618394613266, 0.004648794885724783], [0.006433661095798016, -0.58254474401474, 0.017148815095424652, -0.8125922679901123], [0.8909193277359009, 0.11602475494146347, 0.3550763428211212, -0.2583058178424835], [0.9167811274528503, -0.045858003199100494, -0.13182970881462097, -0.3742062747478485], [0.9560410976409912, 0.2728238105773926, -0.05610720068216324, 0.09167619049549103], [0.030642259865999222, 0.594649612903595, -0.0555821917951107, -0.8014758229255676], [0.8614324927330017, -0.2710663974285126, -0.4125692546367645, -0.1193472295999527], [0.934502899646759, 0.026912322267889977, 0.12255043536424637, -0.33310893177986145], [0.9915643334388733, -0.10795845836400986, 0.02255138009786606, 0.06809298694133759]], "joint_names": ["Hips", "LeftUpLeg", "LeftLeg", "LeftFoot", "LeftToe", "RightUpLeg", "RightLeg", "RightFoot", "RightToe", "Spine", "Spine1", "Spine2", "Neck", "Head", "LeftShoulder", "LeftArm", "LeftForeArm", "LeftHand", "RightShoulder", "RightArm", "RightForeArm", "RightHand"]}