{"root_pos": [-26.91602897644043, 84.07003784179688, -1.8716466426849365], "local_quat": [[-0.17223772406578064, 0.6712104082107544, 0.7134371995925903, -0.10401026904582977], [-0.013728386722505093, 0.16005271673202515, -0.9838506579399109, -0.0789460763335228], [0.9660990238189697, 0.0713881328701973, 0.025061804801225662, -0.2468363344669342], [0.6592345237731934, 0.027598058804869652, -0.03377009928226471, 0.7506715655326843], [0.982295572757721, -0.000950767018366605, -2.6495968995732255e-05, 0.18733501434326172], [0.02070765756070614, 0.30278483033180237, 0.9526863098144531, -0.016774022951722145], [0.9784166812896729, 0.08002880960702896, -0.05776657536625862, -0.1815466433763504], [0.8170792460441589, 0.04635049030184746, -0.037983182817697525, 0.5734025239944458], [0.9826200604438782, -0.0004389436508063227, 0.0011597127886489034, 0.1856239289045334], [0.998317539691925, -0.015861669555306435, 0.00030596464057452977, 0.05577133968472481], [0.9991642236709595, -0.03141995891928673, 0.0015861277934163809, 0.026100631803274155], [0.9992110729217529, -0.031244758516550064, 0.0012015453539788723, 0.02448650263249874], [0.996447741985321, -0.003776735160499811, -0.08383295685052872, -0.007049780339002609], [0.9966071844100952, -0.053293053060770035, 0.06114162877202034, 0.013989634811878204], [1.804936255211942e-05, -0.5890607833862305, 0.016030840575695038, -0.8079296350479126], [0.9010128378868103, 0.052637580782175064, 0.3273867070674896, -0.2796838879585266], [0.897171676158905, -0.04480729624629021, -0.13076098263263702, -0.4194960594177246], [0.9517050385475159, 0.28807532787323, -0.06898188591003418, 0.08069466054439545], [0.02946733683347702, 0.595863401889801, -0.05327971652150154, -0.8007744550704956], [0.8556075096130371, -0.29724210500717163, -0.4090941250324249, -0.11056599020957947], [0.9460038542747498, 0.02747972495853901, 0.12443450838327408, -0.2980564832687378], [0.99239581823349, -0.09531472623348236, 0.025640718638896942, 0.07353974878787994]], "joint_names": ["Hips", "LeftUpLeg", "LeftLeg", "LeftFoot", "LeftToe", "RightUpLeg", "RightLeg", "RightFoot", "RightToe", "Spine", "Spine1", "Spine2", "Neck", "Head", "LeftShoulder", "LeftArm", "LeftForeArm", "LeftHand", "RightShoulder", "RightArm", "RightForeArm", "RightHand"]}