{"root_pos": [-8.556425094604492, 82.2770004272461, -4.880370140075684], "local_quat": [[-0.12396005541086197, 0.6449555158615112, 0.7498345971107483, -0.0800897553563118], [0.03363405540585518, 0.06764684617519379, -0.9940054416656494, -0.07903103530406952], [0.8603413701057434, 0.09862928092479706, 0.04531499370932579, -0.4980276823043823], [0.7804828882217407, -0.017687389627099037, -0.12060920149087906, 0.6131778359413147], [0.9812122583389282, -0.005194434430450201, -0.0013388325460255146, 0.19285666942596436], [-0.02816355973482132, 0.23530054092407227, 0.9715132713317871, -0.0015679834177717566], [0.9755178093910217, 0.044744234532117844, -0.009374717250466347, -0.21511656045913696], [0.7711870074272156, -0.02211698517203331, -0.05626802146434784, 0.6337312459945679], [0.9831507802009583, -0.0004969572182744741, 0.006673555821180344, 0.18267402052879333], [0.9974479079246521, -0.017055699601769447, 0.01113886572420597, 0.0684296041727066], [0.998393714427948, -0.03068452887237072, 0.019018476828932762, 0.04366535320878029], [0.9985576272010803, -0.028264883905649185, 0.016431506723165512, 0.042589347809553146], [0.9966260194778442, -0.016293464228510857, -0.07994038611650467, 0.00897878035902977], [0.9965530037879944, -0.061144668608903885, 0.05605245381593704, 0.0012407948961481452], [0.009011289104819298, -0.5777362585067749, 0.01902364194393158, -0.8159520030021667], [0.8853579759597778, 0.14263008534908295, 0.3630310595035553, -0.2529946267604828], [0.927737832069397, -0.0466742105782032, -0.1335611492395401, -0.3453772962093353], [0.957838773727417, 0.26528823375701904, -0.05226774886250496, 0.09713442623615265], [0.029654957354068756, 0.5927522778511047, -0.055037520825862885, -0.8029546141624451], [0.8632675409317017, -0.2611904740333557, -0.4130723774433136, -0.12617447972297668], [0.9321748614311218, 0.02710682898759842, 0.12236157059669495, -0.33962157368659973], [0.9910700917243958, -0.11275851726531982, 0.025909826159477234, 0.06628891080617905]], "joint_names": ["Hips", "LeftUpLeg", "LeftLeg", "LeftFoot", "LeftToe", "RightUpLeg", "RightLeg", "RightFoot", "RightToe", "Spine", "Spine1", "Spine2", "Neck", "Head", "LeftShoulder", "LeftArm", "LeftForeArm", "LeftHand", "RightShoulder", "RightArm", "RightForeArm", "RightHand"]}