{"root_pos": [-20.9532527923584, 83.39493560791016, -3.211752414703369], "local_quat": [[-0.16412803530693054, 0.6652137041091919, 0.7216213345527649, -0.09907225519418716], [-0.00781360361725092, 0.1590866893529892, -0.9840493202209473, -0.0792292058467865], [0.9561643600463867, 0.07695478945970535, 0.027388930320739746, -0.2812073528766632], [0.6781265735626221, 0.018330393359065056, -0.05367463082075119, 0.732753336429596], [0.9820195436477661, -0.0021494522225111723, -0.00030424288706853986, 0.18876640498638153], [0.014279396273195744, 0.3003670573234558, 0.9535523653030396, -0.01771087944507599], [0.979419469833374, 0.07763231545686722, -0.05124322697520256, -0.1791224330663681], [0.8050491809844971, 0.03472072258591652, -0.04693622142076492, 0.5903280377388], [0.9827409982681274, -0.0006613720906898379, 0.0026827503461390734, 0.18496620655059814], [0.998238742351532, -0.01775803044438362, 0.002921421779319644, 0.05652943253517151], [0.9990096092224121, -0.03468722477555275, 0.0064358520321547985, 0.02711094543337822], [0.9990541338920593, -0.03440651670098305, 0.005778354126960039, 0.025954369455575943], [0.996703028678894, -0.004628653172403574, -0.0806918516755104, -0.0071112969890236855], [0.9969136714935303, -0.0523037426173687, 0.05702054873108864, 0.013274368830025196], [0.0020786994136869907, -0.587956964969635, 0.015997670590877533, -0.8087314367294312], [0.8976210951805115, 0.06881029158830643, 0.3375645577907562, -0.27493947744369507], [0.8995497226715088, -0.04509098082780838, -0.13040341436862946, -0.41445398330688477], [0.9521748423576355, 0.2870427072048187, -0.06595166772603989, 0.08136246353387833], [0.031107958406209946, 0.5950644016265869, -0.05537458136677742, -0.8011642694473267], [0.8557765483856201, -0.2935446500778198, -0.41136953234672546, -0.11069367825984955], [0.942679762840271, 0.02728681080043316, 0.12379763275384903, -0.30868175625801086], [0.9922376871109009, -0.0987471416592598, 0.022405916824936867, 0.07218904048204422]], "joint_names": ["Hips", "LeftUpLeg", "LeftLeg", "LeftFoot", "LeftToe", "RightUpLeg", "RightLeg", "RightFoot", "RightToe", "Spine", "Spine1", "Spine2", "Neck", "Head", "LeftShoulder", "LeftArm", "LeftForeArm", "LeftHand", "RightShoulder", "RightArm", "RightForeArm", "RightHand"]}