{"root_pos": [-4.271233558654785, 82.03363800048828, -5.011869430541992], "local_quat": [[-0.0952502116560936, 0.6350395083427429, 0.7644261121749878, -0.057488758116960526], [0.05828400328755379, 0.0207366906106472, -0.99571692943573, -0.06870847195386887], [0.8072853088378906, 0.10059870034456253, 0.05216871201992035, -0.5791794061660767], [0.8001009225845337, -0.016911888495087624, -0.11628187447786331, 0.5882440209388733], [0.9809288382530212, -0.006135044619441032, -0.0014599703717976809, 0.19426487386226654], [-0.040151432156562805, 0.20230858027935028, 0.9784930944442749, 0.003217690624296665], [0.9620447158813477, 0.03480514511466026, -0.002075388329103589, -0.2706550657749176], [0.7738857865333557, -0.03148378059267998, -0.05242830514907837, 0.6303656697273254], [0.9832929372787476, -0.0005376423941925168, 0.007907397113740444, 0.18185734748840332], [0.9972248673439026, -0.01566176675260067, 0.013165714219212532, 0.07158118486404419], [0.9982397556304932, -0.0268222875893116, 0.020704446360468864, 0.048676081001758575], [0.9984388947486877, -0.023033766075968742, 0.01740742288529873, 0.047814104706048965], [0.9961137771606445, -0.022081607952713966, -0.08324070274829865, 0.018460173159837723], [0.9958024024963379, -0.0677918940782547, 0.061404455453157425, -0.003365131327882409], [0.01089908555150032, -0.5737701058387756, 0.020993661135435104, -0.8186748027801514], [0.8815667033195496, 0.16124305129051208, 0.36888474225997925, -0.2465052753686905], [0.9367568492889404, -0.0471465177834034, -0.13498981297016144, -0.31943944096565247], [0.9598841071128845, 0.25649118423461914, -0.049239397048950195, 0.10203107446432114], [0.028626220300793648, 0.5911341309547424, -0.054415322840213776, -0.8042263388633728], [0.8648256659507751, -0.2548292279243469, -0.41021528840065, -0.13733890652656555], [0.9331079125404358, 0.027594320476055145, 0.12330207973718643, -0.3366670608520508], [0.9909189939498901, -0.11240870505571365, 0.030161641538143158, 0.06733658909797668]], "joint_names": ["Hips", "LeftUpLeg", "LeftLeg", "LeftFoot", "LeftToe", "RightUpLeg", "RightLeg", "RightFoot", "RightToe", "Spine", "Spine1", "Spine2", "Neck", "Head", "LeftShoulder", "LeftArm", "LeftForeArm", "LeftHand", "RightShoulder", "RightArm", "RightForeArm", "RightHand"]}