{"root_pos": [9.605659484863281, 82.58952331542969, -6.989673614501953], "local_quat": [[0.04892786964774132, 0.6207156777381897, 0.7795138359069824, 0.06838348507881165], [0.0621480830013752, -0.21870258450508118, -0.9729133248329163, -0.04179036244750023], [0.7578409910202026, 0.0895075723528862, 0.066604383289814, -0.642829179763794], [0.802408754825592, -0.004283430054783821, -0.07142908871173859, 0.5924692749977112], [0.979972243309021, -0.008626960217952728, -0.0023720604367554188, 0.1989329308271408], [-0.04536215215921402, 0.11239482462406158, 0.9921645522117615, -0.030318519100546837], [0.9291850924491882, 0.0012326365103945136, 0.01778571866452694, -0.3691844642162323], [0.7760392427444458, -0.05469068884849548, -0.03658232465386391, 0.6272429823875427], [0.983742356300354, -0.00031091185519471765, 0.01127323042601347, 0.17923107743263245], [0.9962275624275208, -0.0065361009910702705, 0.012317766435444355, 0.08565126359462738], [0.9974924325942993, -0.006317291408777237, 0.014842173084616661, 0.06890960782766342], [0.9977744817733765, 0.0012216776376590133, 0.008696532808244228, 0.06609819084405899], [0.993854820728302, -0.035484444350004196, -0.10230357944965363, 0.022962799295783043], [0.9923179745674133, -0.08923780918121338, 0.0842096358537674, -0.015830012038350105], [0.017978718504309654, -0.5741220712661743, 0.02665773220360279, -0.818138062953949], [0.8586421012878418, 0.23461169004440308, 0.39295101165771484, -0.23082563281059265], [0.9604946970939636, -0.04683789610862732, -0.13668395578861237, -0.23785212635993958], [0.9643353819847107, 0.23590640723705292, -0.016559280455112457, 0.11887475848197937], [0.017235461622476578, 0.595806896686554, -0.04429774358868599, -0.8017198443412781], [0.8733046054840088, -0.17935974895954132, -0.38931381702423096, -0.23152530193328857], [0.883124053478241, 0.031894464045763016, 0.12009687721729279, -0.4523841440677643], [0.9888920783996582, -0.1340339630842209, 0.04685823246836662, 0.04395072162151337]], "joint_names": ["Hips", "LeftUpLeg", "LeftLeg", "LeftFoot", "LeftToe", "RightUpLeg", "RightLeg", "RightFoot", "RightToe", "Spine", "Spine1", "Spine2", "Neck", "Head", "LeftShoulder", "LeftArm", "LeftForeArm", "LeftHand", "RightShoulder", "RightArm", "RightForeArm", "RightHand"]}