{"root_pos": [6.1502580642700195, 82.13489532470703, -6.702165603637695], "local_quat": [[0.0127554414793849, 0.6202266812324524, 0.7835342884063721, 0.03507450968027115], [0.06668035686016083, -0.16145125031471252, -0.9833683371543884, -0.04973892495036125], [0.7383690476417542, 0.09197430312633514, 0.06788863986730576, -0.6646376252174377], [0.8054965138435364, -0.011336907744407654, -0.08529374748468399, 0.5863206386566162], [0.9801792502403259, -0.008176938630640507, -0.0020450418815016747, 0.197933167219162], [-0.052000708878040314, 0.1326564997434616, 0.9893957376480103, -0.028183499351143837], [0.932257354259491, 0.007690547965466976, 0.01379223633557558, -0.36145102977752686], [0.7742894887924194, -0.05176796764135361, -0.04167855903506279, 0.6293319463729858], [0.9836602210998535, -0.0004902532673440874, 0.010567877441644669, 0.17972412705421448], [0.996313750743866, -0.00936561357229948, 0.013686558231711388, 0.08416581898927689], [0.9975122213363647, -0.012214420363307, 0.017687473446130753, 0.0671360194683075], [0.9978150725364685, -0.005102698691189289, 0.01217456255108118, 0.06473745405673981], [0.9943840503692627, -0.03324130177497864, -0.09767933934926987, 0.023539595305919647], [0.993171215057373, -0.08484120666980743, 0.0785975307226181, -0.015338962897658348], [0.015746865421533585, -0.5729053616523743, 0.024712976068258286, -0.8190974593162537], [0.8631324768066406, 0.21941836178302765, 0.38862717151641846, -0.23627707362174988], [0.9569348692893982, -0.04703556001186371, -0.13666556775569916, -0.251765638589859], [0.9641455411911011, 0.23749974370002747, -0.024919405579566956, 0.11574263125658035], [0.01987355574965477, 0.5921326875686646, -0.046398233622312546, -0.8042580485343933], [0.8726696968078613, -0.19586525857448578, -0.39562925696372986, -0.20871508121490479], [0.9032444953918457, 0.03091781958937645, 0.12259075790643692, -0.41007912158966064], [0.9899550676345825, -0.12342752516269684, 0.0436992272734642, 0.05333756282925606]], "joint_names": ["Hips", "LeftUpLeg", "LeftLeg", "LeftFoot", "LeftToe", "RightUpLeg", "RightLeg", "RightFoot", "RightToe", "Spine", "Spine1", "Spine2", "Neck", "Head", "LeftShoulder", "LeftArm", "LeftForeArm", "LeftHand", "RightShoulder", "RightArm", "RightForeArm", "RightHand"]}