{"root_pos": [19.806753158569336, 83.38297271728516, -7.991056442260742], "local_quat": [[0.14203107357025146, 0.6093478202819824, 0.7638115882873535, 0.15847450494766235], [0.046371184289455414, -0.2553776204586029, -0.9657183289527893, -0.004483737982809544], [0.8773342967033386, 0.08497368544340134, 0.045684151351451874, -0.4700818657875061], [0.8058975338935852, 0.008157334290444851, -0.05656750127673149, 0.5892900824546814], [0.9794208407402039, -0.009706533513963223, -0.003598402952775359, 0.2015630602836609], [-0.022225232794880867, 0.08636416494846344, 0.9958456754684448, -0.01840326376259327], [0.9123368263244629, -0.024963421747088432, 0.036581236869096756, -0.4070383906364441], [0.7645245790481567, -0.06497913599014282, -0.011942243203520775, 0.6411999464035034], [0.9838728308677673, 0.0006553511484526098, 0.013406012207269669, 0.17836472392082214], [0.9963958263397217, 0.0007969849393703043, 0.004900375381112099, 0.08467943966388702], [0.9976729154586792, 0.007140213157981634, 0.0022224599961191416, 0.06776963919401169], [0.9978346824645996, 0.013953093439340591, -0.004839911591261625, 0.06409060955047607], [0.9929745197296143, -0.04090473800897598, -0.10883944481611252, 0.02196677029132843], [0.9896700382232666, -0.09936966747045517, 0.09986504912376404, -0.026567960157990456], [0.026534833014011383, -0.5739890336990356, 0.03235236182808876, -0.8177933096885681], [0.8580913543701172, 0.2600852847099304, 0.39352816343307495, -0.20290517807006836], [0.9602579474449158, -0.04673129320144653, -0.13486739993095398, -0.23985791206359863], [0.9634910821914673, 0.24036282300949097, -0.0015964502235874534, 0.11793272942304611], [0.012218703515827656, 0.6082619428634644, -0.04056062921881676, -0.7926052212715149], [0.8685222864151001, -0.1376696079969406, -0.37746238708496094, -0.2902382016181946], [0.818425714969635, 0.035876598209142685, 0.11425216495990753, -0.561995267868042], [0.9813193678855896, -0.1751604676246643, 0.0785241648554802, 0.012849164195358753]], "joint_names": ["Hips", "LeftUpLeg", "LeftLeg", "LeftFoot", "LeftToe", "RightUpLeg", "RightLeg", "RightFoot", "RightToe", "Spine", "Spine1", "Spine2", "Neck", "Head", "LeftShoulder", "LeftArm", "LeftForeArm", "LeftHand", "RightShoulder", "RightArm", "RightForeArm", "RightHand"]}