{"root_pos": [24.859058380126953, 82.224609375, -8.720624923706055], "local_quat": [[0.20772412419319153, 0.5864285230636597, 0.7481397986412048, 0.23073606193065643], [0.04718358814716339, -0.24376998841762543, -0.9685941338539124, 0.01323937252163887], [0.9377135634422302, 0.08856116235256195, 0.01762799732387066, -0.33546897768974304], [0.8124142289161682, 0.010428359732031822, -0.07499480247497559, 0.5781435966491699], [0.9792025685310364, -0.010152988135814667, -0.004769910126924515, 0.2025744467973709], [0.004108630120754242, 0.11393903195858002, 0.9932582378387451, -0.02095523476600647], [0.8797507882118225, -0.04175471514463425, 0.04069087281823158, -0.47184672951698303], [0.7560771107673645, -0.057767413556575775, 0.01667996682226658, 0.6517147421836853], [0.9839500188827515, 0.001555771566927433, 0.014559020288288593, 0.1778426319360733], [0.996304988861084, 0.0031232312321662903, 0.0017454482149332762, 0.08581092953681946], [0.9973794221878052, 0.011142569594085217, -0.0034412371460348368, 0.0714026391506195], [0.9975178837776184, 0.01658928394317627, -0.010084093548357487, 0.06768526881933212], [0.992362916469574, -0.039789486676454544, -0.11402232944965363, 0.02513238973915577], [0.9882712960243225, -0.10113321989774704, 0.10549314320087433, -0.044307321310043335], [0.03097650222480297, -0.5756946802139282, 0.033755071461200714, -0.8163803219795227], [0.86192786693573, 0.262224942445755, 0.390703409910202, -0.1888626664876938], [0.955664873123169, -0.0476527102291584, -0.1338292956352234, -0.25792166590690613], [0.9635879993438721, 0.2409476339817047, 0.00510123185813427, 0.11582975834608078], [0.011192422360181808, 0.6158746480941772, -0.0395047701895237, -0.7867735028266907], [0.8618248105049133, -0.12358904629945755, -0.38530072569847107, -0.30582189559936523], [0.7875562906265259, 0.03754514828324318, 0.11239324510097504, -0.6047422885894775], [0.9762110114097595, -0.1979576200246811, 0.08845335245132446, 0.0009074092376977205]], "joint_names": ["Hips", "LeftUpLeg", "LeftLeg", "LeftFoot", "LeftToe", "RightUpLeg", "RightLeg", "RightFoot", "RightToe", "Spine", "Spine1", "Spine2", "Neck", "Head", "LeftShoulder", "LeftArm", "LeftForeArm", "LeftHand", "RightShoulder", "RightArm", "RightForeArm", "RightHand"]}