{"root_pos": [29.186819076538086, 79.55819702148438, -9.544601440429688], "local_quat": [[0.2622528672218323, 0.5655385255813599, 0.7249174118041992, 0.2930604815483093], [0.05129358917474747, -0.2208750993013382, -0.9738238453865051, 0.01582067273557186], [0.9437779188156128, 0.09963783621788025, -0.0024608320090919733, -0.31519755721092224], [0.792173445224762, 0.02160065993666649, -0.08488350361585617, 0.6039780974388123], [0.9790757894515991, -0.010485655628144741, -0.005571258720010519, 0.20314908027648926], [0.029912030324339867, 0.15213190019130707, 0.9873594045639038, -0.03290160745382309], [0.8150686621665955, -0.05584251135587692, 0.03650235757231712, -0.5755105018615723], [0.7414101362228394, -0.04185844585299492, 0.05238861218094826, 0.6676932573318481], [0.9840187430381775, 0.001939163077622652, 0.015285111963748932, 0.17739708721637726], [0.9959396123886108, 0.004050217103213072, -0.0025529833510518074, 0.08989657461643219], [0.9966365694999695, 0.012383366003632545, -0.01132426131516695, 0.08021288365125656], [0.9967514276504517, 0.016726411879062653, -0.01698991470038891, 0.07693037390708923], [0.991314172744751, -0.038649413734674454, -0.12325381487607956, 0.02471592277288437], [0.9859616160392761, -0.10508076846599579, 0.11635935306549072, -0.057430464774370193], [0.03380396589636803, -0.5775936245918274, 0.03433815389871597, -0.8149010539054871], [0.8736560940742493, 0.232671320438385, 0.382233202457428, -0.19101548194885254], [0.9483646750450134, -0.04891716316342354, -0.13400211930274963, -0.2832929790019989], [0.9642833471298218, 0.2401299774646759, 0.0022581173107028008, 0.11175931990146637], [0.011372443288564682, 0.6206862330436707, -0.03831171616911888, -0.7830398678779602], [0.857406735420227, -0.13826915621757507, -0.3994203209877014, -0.2935960292816162], [0.7997211217880249, 0.039178453385829926, 0.115571528673172, -0.5878387093544006], [0.9757581353187561, -0.20331703126430511, 0.0808083787560463, 0.0053171999752521515]], "joint_names": ["Hips", "LeftUpLeg", "LeftLeg", "LeftFoot", "LeftToe", "RightUpLeg", "RightLeg", "RightFoot", "RightToe", "Spine", "Spine1", "Spine2", "Neck", "Head", "LeftShoulder", "LeftArm", "LeftForeArm", "LeftHand", "RightShoulder", "RightArm", "RightForeArm", "RightHand"]}