{"root_pos": [16.618999481201172, 83.3791275024414, -7.604148864746094], "local_quat": [[0.11253006011247635, 0.6158646941184998, 0.7692570686340332, 0.1276373565196991], [0.0497823990881443, -0.25819265842437744, -0.9646509289741516, -0.017518503591418266], [0.8328261971473694, 0.08546945452690125, 0.05664614588022232, -0.5439547896385193], [0.8022143840789795, 0.005039673298597336, -0.05630918964743614, 0.594353437423706], [0.9795839786529541, -0.009377401322126389, -0.0031226198188960552, 0.20079247653484344], [-0.03178720921278, 0.08492155373096466, 0.9956253170967102, -0.022542525082826614], [0.9199032187461853, -0.01588030718266964, 0.03084384649991989, -0.390608012676239], [0.7701740860939026, -0.06328286975622177, -0.02220178209245205, 0.6342982053756714], [0.9838393926620483, 0.0002485453151166439, 0.01268229354172945, 0.17860332131385803], [0.9962946772575378, -0.0015306697459891438, 0.007840030826628208, 0.08563342690467834], [0.9976152181625366, 0.003174182027578354, 0.007179242093116045, 0.06857304275035858], [0.9978259801864624, 0.010573353618383408, 0.00024202019267249852, 0.06504901498556137], [0.9932379126548767, -0.039264701306819916, -0.10722243785858154, 0.02097693644464016], [0.9906420111656189, -0.09624388068914413, 0.09463409334421158, -0.0202480535954237], [0.023603364825248718, -0.5744230151176453, 0.030701786279678345, -0.8176419138908386], [0.8566494584083557, 0.2538161873817444, 0.3948437571525574, -0.21407344937324524], [0.9616060853004456, -0.046603891998529434, -0.13559193909168243, -0.2340012639760971], [0.9636719226837158, 0.23890742659568787, -0.005266702268272638, 0.11929808557033539], [0.013447233475744724, 0.6042366027832031, -0.04142874851822853, -0.7956136465072632], [0.8725442886352539, -0.15058402717113495, -0.377193421125412, -0.271507203578949], [0.8401783108711243, 0.03439338505268097, 0.11584126949310303, -0.5286759734153748], [0.9846509099006653, -0.15999019145965576, 0.06579727679491043, 0.023158619180321693]], "joint_names": ["Hips", "LeftUpLeg", "LeftLeg", "LeftFoot", "LeftToe", "RightUpLeg", "RightLeg", "RightFoot", "RightToe", "Spine", "Spine1", "Spine2", "Neck", "Head", "LeftShoulder", "LeftArm", "LeftForeArm", "LeftHand", "RightShoulder", "RightArm", "RightForeArm", "RightHand"]}