{"root_pos": [33.18049240112305, 77.91191101074219, -9.819141387939453], "local_quat": [[0.3084903359413147, 0.5457497239112854, 0.6993982195854187, 0.34326815605163574], [0.04917732998728752, -0.22214727103710175, -0.9737629294395447, -0.004236464388668537], [0.9245336055755615, 0.10290852189064026, 0.003412205260246992, -0.3669276535511017], [0.7556338906288147, 0.018042976036667824, -0.08831365406513214, 0.6487623453140259], [0.979049801826477, -0.010559105314314365, -0.005859820172190666, 0.20326250791549683], [0.05309539660811424, 0.19710613787174225, 0.9780120253562927, -0.04269225522875786], [0.7193321585655212, -0.05869856849312782, 0.01911604031920433, -0.691917896270752], [0.7245205640792847, -0.02943851239979267, 0.06424438208341599, 0.6856208443641663], [0.9840538501739502, 0.00168389652390033, 0.015240410342812538, 0.17720875144004822], [0.9956920146942139, 0.0028700404800474644, -0.007337293121963739, 0.092386893928051], [0.9959050416946411, 0.008653993718326092, -0.019192172214388847, 0.08792055398225784], [0.995922327041626, 0.012376376427710056, -0.023336969316005707, 0.08626104891300201], [0.9907016754150391, -0.03949199989438057, -0.12899282574653625, 0.017644109204411507], [0.9837222695350647, -0.10983725637197495, 0.12672773003578186, -0.06454743444919586], [0.03292231634259224, -0.5755592584609985, 0.03152051940560341, -0.8164889216423035], [0.8813630938529968, 0.20215092599391937, 0.37650999426841736, -0.20143042504787445], [0.9450481534004211, -0.05044010281562805, -0.13603132963180542, -0.29297637939453125], [0.9641561508178711, 0.24166160821914673, -0.010559694841504097, 0.1090465784072876], [0.01317072194069624, 0.617672860622406, -0.037940047681331635, -0.7854090929031372], [0.8518545627593994, -0.17308656871318817, -0.41226211190223694, -0.2728089392185211], [0.8382514715194702, 0.041163161396980286, 0.12210006266832352, -0.5298411250114441], [0.9771609902381897, -0.19845201075077057, 0.0741162896156311, 0.016733093187212944]], "joint_names": ["Hips", "LeftUpLeg", "LeftLeg", "LeftFoot", "LeftToe", "RightUpLeg", "RightLeg", "RightFoot", "RightToe", "Spine", "Spine1", "Spine2", "Neck", "Head", "LeftShoulder", "LeftArm", "LeftForeArm", "LeftHand", "RightShoulder", "RightArm", "RightForeArm", "RightHand"]}