{"root_pos": [27.010032653808594, 81.08040618896484, -9.205233573913574], "local_quat": [[0.23584118485450745, 0.5753759145736694, 0.7376786470413208, 0.26296716928482056], [0.04986840859055519, -0.23264047503471375, -0.9711232781410217, 0.017638379707932472], [0.9469980597496033, 0.09463325887918472, 0.0037983220536261797, -0.3069605529308319], [0.8066242933273315, 0.01703512854874134, -0.08163749426603317, 0.585151731967926], [0.9791306853294373, -0.01032239105552435, -0.005232189316302538, 0.2029018998146057], [0.01643698289990425, 0.13485869765281677, 0.990368127822876, -0.02672032080590725], [0.8508492708206177, -0.049861278384923935, 0.039788734167814255, -0.5215229392051697], [0.7504682540893555, -0.04947682470083237, 0.03636644408106804, 0.6580477952957153], [0.9839874505996704, 0.001834680326282978, 0.014979253523051739, 0.17759796977043152], [0.9961510300636292, 0.003878906602039933, -6.160409975564107e-05, 0.08756701648235321], [0.9970678091049194, 0.01231195405125618, -0.006704670377075672, 0.07522741705179214], [0.997200071811676, 0.017109133303165436, -0.012927413918077946, 0.07163887470960617], [0.9918323159217834, -0.03899424150586128, -0.11868979781866074, 0.025708364322781563], [0.9872280955314636, -0.10276901721954346, 0.11033369600772858, -0.05143610015511513], [0.032640501856803894, -0.5769569873809814, 0.03425341844558716, -0.8154028654098511], [0.8671674728393555, 0.25051048398017883, 0.38645410537719727, -0.18952105939388275], [0.9516647458076477, -0.048355165868997574, -0.13369080424308777, -0.27225494384765625], [0.9637617468833923, 0.24135833978652954, 0.004855955019593239, 0.11351600289344788], [0.011137453839182854, 0.6188581585884094, -0.03889301046729088, -0.7844602465629578], [0.8590772747993469, -0.1287481039762497, -0.39325031638145447, -0.3012710213661194], [0.7892510890960693, 0.038005467504262924, 0.1130981594324112, -0.6023678779602051], [0.9757306575775146, -0.20187260210514069, 0.0848156064748764, 0.0018751007737591863]], "joint_names": ["Hips", "LeftUpLeg", "LeftLeg", "LeftFoot", "LeftToe", "RightUpLeg", "RightLeg", "RightFoot", "RightToe", "Spine", "Spine1", "Spine2", "Neck", "Head", "LeftShoulder", "LeftArm", "LeftForeArm", "LeftHand", "RightShoulder", "RightArm", "RightForeArm", "RightHand"]}