{"root_pos": [31.40566635131836, 78.33079528808594, -9.86418342590332], "local_quat": [[0.28682833909988403, 0.5552473068237305, 0.7121279835700989, 0.3198494613170624], [0.051323793828487396, -0.22062169015407562, -0.9739951491355896, 0.005029372870922089], [0.9328235983848572, 0.102947898209095, -0.0011343808146193624, -0.34531232714653015], [0.7722178101539612, 0.021881839260458946, -0.08697935938835144, 0.6289955377578735], [0.9790394902229309, -0.010617348365485668, -0.005767180118709803, 0.2033117115497589], [0.0434708446264267, 0.16788505017757416, 0.984102189540863, -0.03831153362989426], [0.769454300403595, -0.05907267704606056, 0.029732000082731247, -0.6352688074111938], [0.730413019657135, -0.03675523400306702, 0.06026100367307663, 0.6793485283851624], [0.98404461145401, 0.0018531732494011521, 0.01541898399591446, 0.1772427260875702], [0.9957197308540344, 0.0036107345949858427, -0.004853867460042238, 0.09222585707902908], [0.9961497187614441, 0.011062385514378548, -0.01546043623238802, 0.08558318018913269], [0.9962316155433655, 0.015130363404750824, -0.020466025918722153, 0.08291394263505936], [0.990903377532959, -0.0387515164911747, -0.12718310952186584, 0.020812612026929855], [0.9847810864448547, -0.10754237323999405, 0.12192345410585403, -0.061444904655218124], [0.033762965351343155, -0.5771922469139099, 0.03327533230185509, -0.8152311444282532], [0.8786275386810303, 0.21528999507427216, 0.3784985840320587, -0.19596612453460693], [0.9469414353370667, -0.04958586394786835, -0.13497121632099152, -0.2874473035335541], [0.9645630717277527, 0.23929351568222046, -0.002346346154808998, 0.11113618314266205], [0.011627336964011192, 0.6203041076660156, -0.037524789571762085, -0.7833769917488098], [0.8560823798179626, -0.15278495848178864, -0.4038220942020416, -0.2840905785560608], [0.8179728984832764, 0.04047626256942749, 0.11902977526187897, -0.5613501667976379], [0.9762581586837769, -0.20215219259262085, 0.07707156240940094, 0.01069540437310934]], "joint_names": ["Hips", "LeftUpLeg", "LeftLeg", "LeftFoot", "LeftToe", "RightUpLeg", "RightLeg", "RightFoot", "RightToe", "Spine", "Spine1", "Spine2", "Neck", "Head", "LeftShoulder", "LeftArm", "LeftForeArm", "LeftHand", "RightShoulder", "RightArm", "RightForeArm", "RightHand"]}