{"root_pos": [33.7446403503418, 78.15467834472656, -8.909812927246094], "local_quat": [[0.32628434896469116, 0.5394629240036011, 0.6865467429161072, 0.3621762990951538], [0.04271908104419708, -0.18706388771533966, -0.9814108610153198, -0.0038434555754065514], [0.9259212017059326, 0.09638537466526031, 0.010505837388336658, -0.36506080627441406], [0.7467896342277527, 0.009302358143031597, -0.08740579336881638, 0.6592260599136353], [0.9791494607925415, -0.010155255906283855, -0.006015416234731674, 0.20279784500598907], [0.055383507162332535, 0.23277747631072998, 0.9700312614440918, -0.042269621044397354], [0.6851003170013428, -0.053212203085422516, 0.006771765183657408, -0.726470947265625], [0.7241358757019043, -0.019376618787646294, 0.06353460252285004, 0.6864510178565979], [0.9840109348297119, 0.0017189589561894536, 0.014587766490876675, 0.17750157415866852], [0.995891809463501, 0.001940117683261633, -0.01076025702059269, 0.08988833427429199], [0.9960144758224487, 0.005286881700158119, -0.02326725795865059, 0.08594172447919846], [0.995984673500061, 0.008282197639346123, -0.026261787861585617, 0.08518322557210922], [0.9908167123794556, -0.04098162055015564, -0.12789693474769592, 0.015651486814022064], [0.9827312231063843, -0.11196782439947128, 0.13126669824123383, -0.06687051057815552], [0.03187887743115425, -0.5750759840011597, 0.029659578576683998, -0.8169403672218323], [0.883785605430603, 0.19246798753738403, 0.3736364245414734, -0.20560865104198456], [0.9415931105613708, -0.051098234951496124, -0.13654562830924988, -0.3035567104816437], [0.9632954597473145, 0.2459588646888733, -0.018663931638002396, 0.10591397434473038], [0.016462335363030434, 0.6150827407836914, -0.04016125202178955, -0.7872669696807861], [0.844666600227356, -0.19453753530979156, -0.4252093732357025, -0.2605580687522888], [0.8520656228065491, 0.04124000668525696, 0.123684823513031, -0.5069373846054077], [0.977908730506897, -0.19473348557949066, 0.0730648934841156, 0.020856784656643867]], "joint_names": ["Hips", "LeftUpLeg", "LeftLeg", "LeftFoot", "LeftToe", "RightUpLeg", "RightLeg", "RightFoot", "RightToe", "Spine", "Spine1", "Spine2", "Neck", "Head", "LeftShoulder", "LeftArm", "LeftForeArm", "LeftHand", "RightShoulder", "RightArm", "RightForeArm", "RightHand"]}