{"root_pos": [13.133649826049805, 83.02703857421875, -7.232489585876465], "local_quat": [[0.08264032751321793, 0.6195507049560547, 0.7742885947227478, 0.09901893138885498], [0.057071853429079056, -0.24982117116451263, -0.9661202430725098, -0.030721517279744148], [0.7906984686851501, 0.0871676504611969, 0.06341131776571274, -0.6026415228843689], [0.8003686666488647, 0.000858027022331953, -0.06166203320026398, 0.5963280200958252], [0.9797764420509338, -0.00899932999163866, -0.0027292314916849136, 0.1998741179704666], [-0.03837841376662254, 0.09571703523397446, 0.994307816028595, -0.026782291010022163], [0.9252076148986816, -0.006774581503123045, 0.023891296237707138, -0.37864795327186584], [0.7747981548309326, -0.059867873787879944, -0.03145499899983406, 0.628581166267395], [0.983797550201416, -6.526200013468042e-05, 0.011948726139962673, 0.17888450622558594], [0.9962392449378967, -0.003927558660507202, 0.010495210066437721, 0.0859168991446495], [0.997546374797821, -0.0011672594118863344, 0.011653507128357887, 0.06902199238538742], [0.9977947473526001, 0.006449295207858086, 0.005022366531193256, 0.06587090343236923], [0.9934931993484497, -0.037337400019168854, -0.10534389317035675, 0.021906567737460136], [0.9915366172790527, -0.09277351200580597, 0.08925231546163559, -0.016800716519355774], [0.020800068974494934, -0.574541449546814, 0.028907878324389458, -0.8177002668380737], [0.8560482859611511, 0.2464485764503479, 0.39603009819984436, -0.222720667719841], [0.9622074365615845, -0.046632975339889526, -0.13628004491329193, -0.2311059981584549], [0.9640905261039734, 0.2365388572216034, -0.009866896085441113, 0.12033850699663162], [0.015157949179410934, 0.5997846722602844, -0.04274497553706169, -0.7988751530647278], [0.8737879991531372, -0.16432498395442963, -0.38213351368904114, -0.2519242465496063], [0.8615870475769043, 0.03297257423400879, 0.11768020689487457, -0.4926784038543701], [0.9871753454208374, -0.14631247520446777, 0.05430080369114876, 0.03360038623213768]], "joint_names": ["Hips", "LeftUpLeg", "LeftLeg", "LeftFoot", "LeftToe", "RightUpLeg", "RightLeg", "RightFoot", "RightToe", "Spine", "Spine1", "Spine2", "Neck", "Head", "LeftShoulder", "LeftArm", "LeftForeArm", "LeftHand", "RightShoulder", "RightArm", "RightForeArm", "RightHand"]}