{"root_pos": [22.565946578979492, 83.00365447998047, -8.369011878967285], "local_quat": [[0.17502637207508087, 0.5991489291191101, 0.7566815614700317, 0.19447208940982819], [0.045870423316955566, -0.2515923082828522, -0.9667312502861023, 0.005277750547975302], [0.9144997596740723, 0.08525029569864273, 0.032591965049505234, -0.3941577970981598], [0.8109340667724609, 0.008103563450276852, -0.06472097337245941, 0.5814908146858215], [0.9792935252189636, -0.009970435872673988, -0.0041888318955898285, 0.20215651392936707], [-0.009031199850142002, 0.0982428714632988, 0.9949641823768616, -0.017695795744657516], [0.9002063274383545, -0.03342190757393837, 0.03974303975701332, -0.4323563277721405], [0.7605171203613281, -0.0633574053645134, 0.00024308331194333732, 0.6462193131446838], [0.9839110374450684, 0.0011302381753921509, 0.014045546762645245, 0.17810264229774475], [0.9963988065719604, 0.0021796044893562794, 0.002837951760739088, 0.08471454679965973], [0.997587263584137, 0.009473320096731186, -0.0013901389902457595, 0.06876066327095032], [0.9977262616157532, 0.015605784021317959, -0.008308111689984798, 0.06503574550151825], [0.9927593469619751, -0.0406455397605896, -0.11050651967525482, 0.02377256564795971], [0.9890088438987732, -0.10028566420078278, 0.1026364266872406, -0.03563794493675232], [0.028889739885926247, -0.5743595361709595, 0.03309156000614166, -0.8174237012863159], [0.8592028617858887, 0.2649375796318054, 0.3928864896297455, -0.19292151927947998], [0.9586802124977112, -0.04706519842147827, -0.13427592813968658, -0.246347576379776], [0.9635404944419861, 0.2404872626066208, 0.0023776902817189693, 0.11725986748933792], [0.011551076546311378, 0.6120311617851257, -0.040053222328424454, -0.7897342443466187], [0.8646479249000549, -0.1271483451128006, -0.38026782870292664, -0.30267760157585144], [0.7984658479690552, 0.03700945898890495, 0.11300691217184067, -0.5901796221733093], [0.9781047105789185, -0.18879415094852448, 0.08744917809963226, 0.004529487807303667]], "joint_names": ["Hips", "LeftUpLeg", "LeftLeg", "LeftFoot", "LeftToe", "RightUpLeg", "RightLeg", "RightFoot", "RightToe", "Spine", "Spine1", "Spine2", "Neck", "Head", "LeftShoulder", "LeftArm", "LeftForeArm", "LeftHand", "RightShoulder", "RightArm", "RightForeArm", "RightHand"]}