{"root_pos": [33.83794403076172, 80.89999389648438, -7.9271087646484375], "local_quat": [[0.35282936692237854, 0.5335411429405212, 0.6640526056289673, 0.3871425986289978], [0.04237045347690582, -0.12826135754585266, -0.990814208984375, -0.006405890453606844], [0.9455147385597229, 0.08203581720590591, 0.020452238619327545, -0.31441017985343933], [0.7605987191200256, -0.0073862383142113686, -0.08673200011253357, 0.6433603763580322], [0.9793969988822937, -0.00932588241994381, -0.006473448593169451, 0.20162498950958252], [0.0580301508307457, 0.2891598641872406, 0.9543350338935852, -0.04757893085479736], [0.6742343902587891, -0.030529433861374855, -0.025267546996474266, -0.7374534010887146], [0.739356517791748, 0.011770370416343212, 0.05463886260986328, 0.6709903478622437], [0.9838983416557312, 0.00222847075201571, 0.013027857057750225, 0.17823968827724457], [0.9961177706718445, -0.002333744429051876, -0.01439753919839859, 0.08681365102529526], [0.9963175654411316, -0.0058013577945530415, -0.025418350473046303, 0.08168142288923264], [0.9963297843933105, -0.0036424598656594753, -0.02582639269530773, 0.08152654021978378], [0.9916023015975952, -0.0441654734313488, -0.12151309847831726, 0.0029410114511847496], [0.982144296169281, -0.11396617442369461, 0.1343764215707779, -0.06593600660562515], [0.026386123150587082, -0.5797789096832275, 0.0224439837038517, -0.8140371441841125], [0.8857448697090149, 0.17525619268417358, 0.36646291613578796, -0.2246021181344986], [0.9253358244895935, -0.05236213654279709, -0.13553841412067413, -0.35020148754119873], [0.9604885578155518, 0.2600622773170471, -0.016899628564715385, 0.09769240766763687], [0.02223234623670578, 0.6123849749565125, -0.044397156685590744, -0.7889988422393799], [0.8373678922653198, -0.24013611674308777, -0.435207337141037, -0.22747373580932617], [0.8761193752288818, 0.040612172335386276, 0.12676051259040833, -0.46335431933403015], [0.981685996055603, -0.17515000700950623, 0.06790245324373245, 0.031692538410425186]], "joint_names": ["Hips", "LeftUpLeg", "LeftLeg", "LeftFoot", "LeftToe", "RightUpLeg", "RightLeg", "RightFoot", "RightToe", "Spine", "Spine1", "Spine2", "Neck", "Head", "LeftShoulder", "LeftArm", "LeftForeArm", "LeftHand", "RightShoulder", "RightArm", "RightForeArm", "RightHand"]}