{"root_pos": [28.401824951171875, 83.8006362915039, -2.7016372680664062], "local_quat": [[0.4579448699951172, 0.4840480387210846, 0.5691445469856262, 0.48172447085380554], [0.1158018410205841, 0.02293054573237896, -0.9929654598236084, 0.009150044061243534], [0.9868917465209961, 0.050841763615608215, 0.02892875485122204, -0.1504090279340744], [0.7907244563102722, -0.053766049444675446, -0.1084287017583847, 0.6000893712043762], [0.9801895022392273, -0.006695559248328209, -0.008624942973256111, 0.19776062667369843], [0.08885680139064789, 0.28169798851013184, 0.954777717590332, -0.033912453800439835], [0.8534455299377441, 0.005993342958390713, -0.04864495247602463, -0.5188723206520081], [0.7687228918075562, 0.03222022205591202, 0.020600026473402977, 0.6384376287460327], [0.9834415316581726, 0.005263982340693474, 0.008803902193903923, 0.1809350848197937], [0.9969772696495056, -0.01175569836050272, -0.007419069763273001, 0.07644028961658478], [0.9975937008857727, -0.026281161233782768, -0.006688092369586229, 0.06380749493837357], [0.9976412653923035, -0.026245852932333946, -0.001165074878372252, 0.06341566890478134], [0.9950792789459229, -0.029836591333150864, -0.08697832375764847, -0.03690207377076149], [0.9884482026100159, -0.08632884174585342, 0.10226933658123016, -0.0711231380701065], [0.019218003377318382, -0.5896416306495667, 0.011867141351103783, -0.8073491454124451], [0.894729733467102, 0.12855958938598633, 0.3556492030620575, -0.23758122324943542], [0.8504027128219604, -0.0529794916510582, -0.1246161088347435, -0.5084084272384644], [0.9510038495063782, 0.30088189244270325, -0.007174912374466658, 0.07078377157449722], [0.0389329232275486, 0.610270082950592, -0.058476366102695465, -0.7890723943710327], [0.8479782342910767, -0.2651020288467407, -0.418143093585968, -0.18923568725585938], [0.8983768224716187, 0.03391101956367493, 0.12729084491729736, -0.41900619864463806], [0.9866182208061218, -0.15016943216323853, 0.0428290069103241, 0.04689701646566391]], "joint_names": ["Hips", "LeftUpLeg", "LeftLeg", "LeftFoot", "LeftToe", "RightUpLeg", "RightLeg", "RightFoot", "RightToe", "Spine", "Spine1", "Spine2", "Neck", "Head", "LeftShoulder", "LeftArm", "LeftForeArm", "LeftHand", "RightShoulder", "RightArm", "RightForeArm", "RightHand"]}