{"root_pos": [32.43853759765625, 83.19189453125, -6.0902791023254395], "local_quat": [[0.40163448452949524, 0.5171560049057007, 0.6189343929290771, 0.43377378582954407], [0.07019105553627014, -0.03230661153793335, -0.9970004558563232, 0.004426336847245693], [0.9778354167938232, 0.06024235486984253, 0.025478191673755646, -0.1988956332206726], [0.785962700843811, -0.03092636913061142, -0.09015563130378723, 0.6108831167221069], [0.9797777533531189, -0.008173603564500809, -0.007593069691210985, 0.19977761805057526], [0.07184281200170517, 0.3124825656414032, 0.9460409283638, -0.046902135014534], [0.7332741618156433, -0.004980842582881451, -0.05288318917155266, -0.6778551340103149], [0.769200325012207, 0.03486675024032593, 0.03374538943171501, 0.6371628046035767], [0.983684241771698, 0.003689707024022937, 0.010972626507282257, 0.17953075468540192], [0.9964714050292969, -0.010724273510277271, -0.0143181337043643, 0.08200430124998093], [0.9967799186706543, -0.024215273559093475, -0.020468948408961296, 0.07365122437477112], [0.996873676776886, -0.023491086438298225, -0.017205458134412766, 0.07345031946897507], [0.9938333630561829, -0.039801597595214844, -0.10200966149568558, -0.017468472942709923], [0.9847776889801025, -0.10296478122472763, 0.12262633442878723, -0.06763170659542084], [0.017964864149689674, -0.5920374393463135, 0.011323463171720505, -0.805630624294281], [0.8905781507492065, 0.14749571681022644, 0.3506779670715332, -0.24928024411201477], [0.8869336247444153, -0.05412053316831589, -0.13156594336032867, -0.4394427537918091], [0.9539106488227844, 0.28843435645103455, -0.012006022967398167, 0.08195005357265472], [0.032396696507930756, 0.6096783876419067, -0.05279995873570442, -0.790224552154541], [0.8362501859664917, -0.275106817483902, -0.4304810166358948, -0.1992184966802597], [0.8961107134819031, 0.03811461478471756, 0.13002340495586395, -0.42264261841773987], [0.9855905175209045, -0.1539456844329834, 0.05405623838305473, 0.044607654213905334]], "joint_names": ["Hips", "LeftUpLeg", "LeftLeg", "LeftFoot", "LeftToe", "RightUpLeg", "RightLeg", "RightFoot", "RightToe", "Spine", "Spine1", "Spine2", "Neck", "Head", "LeftShoulder", "LeftArm", "LeftForeArm", "LeftHand", "RightShoulder", "RightArm", "RightForeArm", "RightHand"]}