{"root_pos": [24.256683349609375, 83.15061950683594, 1.9520299434661865], "local_quat": [[0.487892746925354, 0.46944084763526917, 0.5374323129653931, 0.5027449727058411], [0.13523072004318237, 0.03028515912592411, -0.9903050661087036, -0.00955955870449543], [0.9825893640518188, 0.05001353845000267, 0.03951985761523247, -0.17451375722885132], [0.7908084392547607, -0.05515167862176895, -0.1007564514875412, 0.601189136505127], [0.9805042147636414, -0.005344111938029528, -0.009632854722440243, 0.19618886709213257], [0.08286838978528976, 0.24201957881450653, 0.9661394357681274, -0.03367355093359947], [0.9065482020378113, 0.007757294457405806, -0.03798485919833183, -0.420318067073822], [0.7750244736671448, 0.030344802886247635, 0.025476686656475067, 0.6306878328323364], [0.9833007454872131, 0.00660711107775569, 0.007359810173511505, 0.18171869218349457], [0.996950089931488, -0.009757159277796745, -0.004354970064014196, 0.07730706036090851], [0.9977059364318848, -0.021598512306809425, -0.00041766767390072346, 0.06415750086307526], [0.997768759727478, -0.021376220509409904, 0.0072822896763682365, 0.06283032149076462], [0.995723307132721, -0.021273473277688026, -0.0779179036617279, -0.04484579712152481], [0.9904769062995911, -0.07421360164880753, 0.09028985351324081, -0.0727708637714386], [0.02221864089369774, -0.5904611349105835, 0.01577695459127426, -0.806605875492096], [0.9002444744110107, 0.10505063831806183, 0.3555985689163208, -0.22819672524929047], [0.822090744972229, -0.05167130380868912, -0.11922814697027206, -0.5543297529220581], [0.9498500823974609, 0.3062014877796173, -0.0021331170573830605, 0.06341004371643066], [0.04141024127602577, 0.6120643019676208, -0.05907832458615303, -0.7875101566314697], [0.8522728681564331, -0.26858943700790405, -0.41230109333992004, -0.17747768759727478], [0.9097118377685547, 0.03243248537182808, 0.12735868990421295, -0.393893837928772], [0.9880914092063904, -0.13996891677379608, 0.03488565981388092, 0.05354532226920128]], "joint_names": ["Hips", "LeftUpLeg", "LeftLeg", "LeftFoot", "LeftToe", "RightUpLeg", "RightLeg", "RightFoot", "RightToe", "Spine", "Spine1", "Spine2", "Neck", "Head", "LeftShoulder", "LeftArm", "LeftForeArm", "LeftHand", "RightShoulder", "RightArm", "RightForeArm", "RightHand"]}