{"root_pos": [32.758209228515625, 82.65425109863281, -7.0364227294921875], "local_quat": [[0.3901827931404114, 0.5223077535629272, 0.6307756900787354, 0.4208017587661743], [0.05706266313791275, -0.05822494998574257, -0.9966703653335571, -0.0014087423915043473], [0.9694019556045532, 0.06501847505569458, 0.02606753073632717, -0.2352718859910965], [0.7846788167953491, -0.021568283438682556, -0.08145588636398315, 0.6141488552093506], [0.9796589016914368, -0.008509723469614983, -0.007250371389091015, 0.2003585398197174], [0.06585118919610977, 0.31288063526153564, 0.9461944699287415, -0.04985323175787926], [0.706920862197876, -0.0130690336227417, -0.04544336348772049, -0.7057103514671326], [0.763583779335022, 0.02821335196495056, 0.03988872468471527, 0.6438576579093933], [0.9837596416473389, 0.003200533566996455, 0.011569337919354439, 0.17908897995948792], [0.996389627456665, -0.009644046425819397, -0.014310282655060291, 0.0831260085105896], [0.9966573119163513, -0.02125237137079239, -0.021693188697099686, 0.07584198564291], [0.9967430233955383, -0.019987687468528748, -0.0193050354719162, 0.07570488750934601], [0.9931764006614685, -0.04165159910917282, -0.10856889188289642, -0.008871122263371944], [0.9837840795516968, -0.10715973377227783, 0.127229243516922, -0.06707002967596054], [0.019362352788448334, -0.5898256897926331, 0.013549254275858402, -0.8071848154067993], [0.8916769027709961, 0.14454178512096405, 0.34932416677474976, -0.2489829808473587], [0.8978686928749084, -0.05398760735988617, -0.13332544267177582, -0.41610249876976013], [0.9554723501205444, 0.28180384635925293, -0.016711488366127014, 0.08590657263994217], [0.029413703829050064, 0.6103709936141968, -0.05032239854335785, -0.7899681329727173], [0.8354278802871704, -0.2751513421535492, -0.4310641288757324, -0.20133493840694427], [0.8960923552513123, 0.039128586649894714, 0.13049937784671783, -0.4224420487880707], [0.9850910305976868, -0.15584085881710052, 0.058212168514728546, 0.043826788663864136]], "joint_names": ["Hips", "LeftUpLeg", "LeftLeg", "LeftFoot", "LeftToe", "RightUpLeg", "RightLeg", "RightFoot", "RightToe", "Spine", "Spine1", "Spine2", "Neck", "Head", "LeftShoulder", "LeftArm", "LeftForeArm", "LeftHand", "RightShoulder", "RightArm", "RightForeArm", "RightHand"]}