{"root_pos": [33.604736328125, 81.8559341430664, -7.821985244750977], "local_quat": [[0.37173697352409363, 0.5275145173072815, 0.6477994918823242, 0.40484049916267395], [0.049816686660051346, -0.0912284404039383, -0.9945497512817383, -0.008149520494043827], [0.9587311148643494, 0.0732971802353859, 0.022499553859233856, -0.2737807631492615], [0.7716690897941589, -0.011141025461256504, -0.07880505919456482, 0.6310248374938965], [0.9795286655426025, -0.009022478014230728, -0.00686229020357132, 0.20098544657230377], [0.060041919350624084, 0.29431578516960144, 0.9526155591011047, -0.047923870384693146], [0.6857637763023376, -0.019394444301724434, -0.03894302621483803, -0.7265227437019348], [0.7566107511520386, 0.026220055297017097, 0.04958951100707054, 0.6514549255371094], [0.9838295578956604, 0.002680425066500902, 0.012361598201096058, 0.17866021394729614], [0.9963234663009644, -0.008120477199554443, -0.014507145620882511, 0.08404282480478287], [0.9965473413467407, -0.017411360517144203, -0.023771129548549652, 0.07762166857719421], [0.9966010451316833, -0.015590928494930267, -0.022690504789352417, 0.07764329016208649], [0.9926693439483643, -0.043373387306928635, -0.11279963701963425, -0.001611101208254695], [0.9831214547157288, -0.11040519922971725, 0.12982942163944244, -0.06653790175914764], [0.021496210247278214, -0.5841905474662781, 0.016254262998700142, -0.811168909072876], [0.8866162300109863, 0.16066724061965942, 0.36073487997055054, -0.24076567590236664], [0.9130146503448486, -0.05301647633314133, -0.13449998199939728, -0.3814488649368286], [0.9577286839485168, 0.2722010314464569, -0.016504531726241112, 0.0915963351726532], [0.02746826596558094, 0.6096341013908386, -0.04945380985736847, -0.7906618714332581], [0.8340561389923096, -0.26335611939430237, -0.436434805393219, -0.21099449694156647], [0.8873946070671082, 0.039936136454343796, 0.12898631393909454, -0.4407930076122284], [0.9838396906852722, -0.1629645973443985, 0.06329739093780518, 0.03867115452885628]], "joint_names": ["Hips", "LeftUpLeg", "LeftLeg", "LeftFoot", "LeftToe", "RightUpLeg", "RightLeg", "RightFoot", "RightToe", "Spine", "Spine1", "Spine2", "Neck", "Head", "LeftShoulder", "LeftArm", "LeftForeArm", "LeftHand", "RightShoulder", "RightArm", "RightForeArm", "RightHand"]}