{"root_pos": [31.917404174804688, 83.54371643066406, -5.17655086517334], "local_quat": [[0.4184463620185852, 0.5074387788772583, 0.6040070056915283, 0.45009347796440125], [0.08555280417203903, -0.012949117459356785, -0.9961980581283569, 0.01012199092656374], [0.9808123111724854, 0.056201912462711334, 0.02646259032189846, -0.18479277193546295], [0.789348840713501, -0.038436561822891235, -0.09466207772493362, 0.6053842902183533], [0.9798883199691772, -0.007902122102677822, -0.007875632494688034, 0.19923490285873413], [0.0792752280831337, 0.3008851706981659, 0.9494486451148987, -0.041605304926633835], [0.7806669473648071, -0.00041559649980627, -0.05235402286052704, -0.6227504014968872], [0.7706694006919861, 0.03257741034030914, 0.025277510285377502, 0.6358997821807861], [0.9836034774780273, 0.0041509284637868404, 0.01040069479495287, 0.17999638617038727], [0.9965957403182983, -0.012754488736391068, -0.011303880251944065, 0.08066287636756897], [0.9969688653945923, -0.028009511530399323, -0.014500043354928493, 0.07112237066030502], [0.9970565438270569, -0.027487851679325104, -0.01064724288880825, 0.07077620178461075], [0.9945201873779297, -0.0367373488843441, -0.09484574943780899, -0.024170832708477974], [0.9862428307533264, -0.09691153466701508, 0.1139296218752861, -0.07038057595491409], [0.01670880801975727, -0.5920895934104919, 0.009436771273612976, -0.8056436777114868], [0.8892072439193726, 0.14452891051769257, 0.35421451926231384, -0.25090646743774414], [0.8767778277397156, -0.05396658927202225, -0.1294638067483902, -0.45998626947402954], [0.9526505470275879, 0.2936796247959137, -0.011366785503923893, 0.07797466963529587], [0.035283178091049194, 0.608012855052948, -0.05552143231034279, -0.7911970019340515], [0.8376006484031677, -0.2718484699726105, -0.4301984906196594, -0.19862720370292664], [0.8964599370956421, 0.03664196655154228, 0.1290929764509201, -0.4223174452781677], [0.9857733249664307, -0.15317809581756592, 0.052573010325431824, 0.04498465359210968]], "joint_names": ["Hips", "LeftUpLeg", "LeftLeg", "LeftFoot", "LeftToe", "RightUpLeg", "RightLeg", "RightFoot", "RightToe", "Spine", "Spine1", "Spine2", "Neck", "Head", "LeftShoulder", "LeftArm", "LeftForeArm", "LeftHand", "RightShoulder", "RightArm", "RightForeArm", "RightHand"]}