{"root_pos": [26.329498291015625, 83.63418579101562, -0.03630828857421875], "local_quat": [[0.47278738021850586, 0.4759049713611603, 0.5538291335105896, 0.4932137131690979], [0.1256903111934662, 0.02695576474070549, -0.9917032122612, 0.0002959922421723604], [0.9861934781074524, 0.050198595970869064, 0.033340826630592346, -0.15424306690692902], [0.7915247678756714, -0.058340318500995636, -0.1111401617527008, 0.5981076955795288], [0.9803581237792969, -0.005977437365800142, -0.009106388315558434, 0.1969245821237564], [0.08693772554397583, 0.2584349811077118, 0.9615638256072998, -0.032374780625104904], [0.8849911093711853, 0.008051073178648949, -0.043704330921173096, -0.4634823203086853], [0.7690496444702148, 0.031516920775175095, 0.02175137773156166, 0.6380409598350525], [0.9833641648292542, 0.005935308523476124, 0.008006038144230843, 0.18137143552303314], [0.9969690442085266, -0.009701615199446678, -0.005827573128044605, 0.07697129994630814], [0.9977123141288757, -0.022088205441832542, -0.003590632928535342, 0.06379076093435287], [0.9977695345878601, -0.022021982818841934, 0.0028998993802815676, 0.06294897198677063], [0.9952203631401062, -0.026310335844755173, -0.08364720642566681, -0.04298007860779762], [0.9893201589584351, -0.08131593465805054, 0.09722473472356796, -0.07197624444961548], [0.021210545673966408, -0.5893464088439941, 0.014393618330359459, -0.8074737191200256], [0.8974764943122864, 0.118756502866745, 0.3570338487625122, -0.23012962937355042], [0.8354359269142151, -0.05189787223935127, -0.12131772935390472, -0.5335121750831604], [0.9505268335342407, 0.3033113181591034, -0.003866716753691435, 0.06697867065668106], [0.039427630603313446, 0.6124561429023743, -0.05788210406899452, -0.7873960733413696], [0.8526796102523804, -0.26311272382736206, -0.4114021956920624, -0.18562757968902588], [0.9015377759933472, 0.03291383758187294, 0.12668177485466003, -0.41242945194244385], [0.9874107241630554, -0.145271435379982, 0.039258070290088654, 0.04873703047633171]], "joint_names": ["Hips", "LeftUpLeg", "LeftLeg", "LeftFoot", "LeftToe", "RightUpLeg", "RightLeg", "RightFoot", "RightToe", "Spine", "Spine1", "Spine2", "Neck", "Head", "LeftShoulder", "LeftArm", "LeftForeArm", "LeftHand", "RightShoulder", "RightArm", "RightForeArm", "RightHand"]}