{"root_pos": [33.38228988647461, 79.31466674804688, -8.044881820678711], "local_quat": [[0.34021562337875366, 0.5358394980430603, 0.6747202277183533, 0.37667226791381836], [0.040284350514411926, -0.15497079491615295, -0.9870853424072266, -0.004869710188359022], [0.931542158126831, 0.08967512845993042, 0.017027558758854866, -0.35199105739593506], [0.7496928572654724, -0.0005522202700376511, -0.08862315118312836, 0.6558248400688171], [0.9793006777763367, -0.009620526805520058, -0.006205533165484667, 0.20208682119846344], [0.05623280629515648, 0.26537927985191345, 0.9614555239677429, -0.04488890990614891], [0.670712947845459, -0.04301388934254646, -0.00859896745532751, -0.7404187321662903], [0.7268780469894409, -0.006592834368348122, 0.057447146624326706, 0.6843279004096985], [0.9839466214179993, 0.0019251111662015319, 0.013649589382112026, 0.17793011665344238], [0.9960225224494934, -0.000248478987487033, -0.012976434081792831, 0.08815133571624756], [0.9961662292480469, -0.0004242624272592366, -0.024866484105587006, 0.08387045562267303], [0.9961411356925964, 0.0021002544090151787, -0.026590026915073395, 0.083614282310009], [0.9910962581634521, -0.042826563119888306, -0.12569622695446014, 0.009725171141326427], [0.9821869134902954, -0.11363187432289124, 0.1337900310754776, -0.06705811619758606], [0.029130257666110992, -0.5772140622138977, 0.026031069457530975, -0.8156578540802002], [0.8857076168060303, 0.18147622048854828, 0.3677254617214203, -0.21763812005519867], [0.9349408745765686, -0.051903679966926575, -0.13654062151908875, -0.32333922386169434], [0.9620020985603333, 0.25244423747062683, -0.020319098606705666, 0.10203360766172409], [0.01933855190873146, 0.6134809255599976, -0.04212253540754318, -0.7883481383323669], [0.8395084738731384, -0.21804572641849518, -0.43296000361442566, -0.2454124242067337], [0.8649042248725891, 0.041046638041734695, 0.12513689696788788, -0.4843516945838928], [0.9793503284454346, -0.18762680888175964, 0.07072024047374725, 0.02584283985197544]], "joint_names": ["Hips", "LeftUpLeg", "LeftLeg", "LeftFoot", "LeftToe", "RightUpLeg", "RightLeg", "RightFoot", "RightToe", "Spine", "Spine1", "Spine2", "Neck", "Head", "LeftShoulder", "LeftArm", "LeftForeArm", "LeftHand", "RightShoulder", "RightArm", "RightForeArm", "RightHand"]}