{"root_pos": [30.526620864868164, 83.85865783691406, -4.1518425941467285], "local_quat": [[0.43873098492622375, 0.4953194856643677, 0.5877891182899475, 0.46548640727996826], [0.10324729979038239, 0.0068519883789122105, -0.9945653676986694, 0.011521734297275543], [0.9856239557266235, 0.05303981155157089, 0.026476310566067696, -0.15821176767349243], [0.790429949760437, -0.047638483345508575, -0.10443948209285736, 0.601700484752655], [0.9800295233726501, -0.00734623521566391, -0.00821987260133028, 0.19854618608951569], [0.08675675839185715, 0.2956415116786957, 0.9506203532218933, -0.037285707890987396], [0.8170136213302612, 0.003412389662116766, -0.05233624950051308, -0.5742282271385193], [0.7702340483665466, 0.03354748710989952, 0.022121451795101166, 0.6364940404891968], [0.9835224747657776, 0.004663330968469381, 0.009626615792512894, 0.18046927452087402], [0.9968006610870361, -0.012742919847369194, -0.008686661720275879, 0.07842627912759781], [0.9972989559173584, -0.028146065771579742, -0.009295082651078701, 0.06720352172851562], [0.9973582625389099, -0.02795928716659546, -0.004639352671802044, 0.06688126176595688], [0.9948217272758484, -0.033213965594768524, -0.0907025933265686, -0.03161536529660225], [0.9874508380889893, -0.09136159718036652, 0.10746918618679047, -0.07102390378713608], [0.017378835007548332, -0.5911760926246643, 0.009814532473683357, -0.8062955141067505], [0.8919155597686768, 0.13635410368442535, 0.35334187746047974, -0.24707023799419403], [0.8635456562042236, -0.053816452622413635, -0.1273227334022522, -0.48495522141456604], [0.9514462947845459, 0.29862675070762634, -0.01001281663775444, 0.07397125661373138], [0.037022218108177185, 0.6087918281555176, -0.05696946755051613, -0.7904152870178223], [0.8429012298583984, -0.2680320143699646, -0.4237917363643646, -0.19513273239135742], [0.8967763185501099, 0.03512943536043167, 0.12798075377941132, -0.42211270332336426], [0.9858913421630859, -0.15437138080596924, 0.04575192928314209, 0.045766886323690414]], "joint_names": ["Hips", "LeftUpLeg", "LeftLeg", "LeftFoot", "LeftToe", "RightUpLeg", "RightLeg", "RightFoot", "RightToe", "Spine", "Spine1", "Spine2", "Neck", "Head", "LeftShoulder", "LeftArm", "LeftForeArm", "LeftHand", "RightShoulder", "RightArm", "RightForeArm", "RightHand"]}