{"root_pos": [1.904188632965088, 84.36075592041016, 22.5105037689209], "local_quat": [[0.5834081172943115, 0.3977600038051605, 0.40144267678260803, 0.583323061466217], [0.06322965025901794, -0.17334042489528656, -0.9807169437408447, -0.06441634893417358], [0.7773280143737793, 0.051466140896081924, 0.11892341822385788, -0.6156051754951477], [0.8185172080993652, -0.0439237579703331, -0.023648422211408615, 0.5723119974136353], [0.9812390804290771, 0.0016691654454916716, -0.01524253748357296, 0.19218377768993378], [0.009637758135795593, 0.12501458823680878, 0.9889827370643616, -0.0786869004368782], [0.9402050375938416, 0.00727852014824748, -0.00635742861777544, -0.3404717445373535], [0.7367778420448303, -0.01735735684633255, -0.007926602847874165, 0.675865650177002], [0.9829530119895935, 0.012504459358751774, 0.0014574254164472222, 0.1834259182214737], [0.9965558052062988, -0.0036722379736602306, 0.0076192691922187805, 0.08249183744192123], [0.9969500303268433, 0.0008881549583747983, 0.026082132011651993, 0.07354973256587982], [0.9969009757041931, 0.01274536270648241, 0.0348515622317791, 0.06936483830213547], [0.9969237446784973, 0.006213314365595579, -0.05365734174847603, -0.056792017072439194], [0.9966259002685547, -0.03448856621980667, 0.0361996591091156, -0.06509146839380264], [0.041737597435712814, -0.5766386389732361, 0.03941307216882706, -0.8149800300598145], [0.8545849919319153, 0.2055283933877945, 0.4519485831260681, -0.15226607024669647], [0.9078760147094727, -0.05565163865685463, -0.13643711805343628, -0.3924907147884369], [0.9589691162109375, 0.25934988260269165, 0.04494781047105789, 0.10533597320318222], [0.04083550348877907, 0.6139267683029175, -0.058365147560834885, -0.7861424088478088], [0.8475617170333862, -0.23645919561386108, -0.40078094601631165, -0.2551484704017639], [0.9237551093101501, 0.037844929844141006, 0.1381063312292099, -0.35520535707473755], [0.9878011345863342, -0.13501010835170746, 0.021449781954288483, 0.07457327097654343]], "joint_names": ["Hips", "LeftUpLeg", "LeftLeg", "LeftFoot", "LeftToe", "RightUpLeg", "RightLeg", "RightFoot", "RightToe", "Spine", "Spine1", "Spine2", "Neck", "Head", "LeftShoulder", "LeftArm", "LeftForeArm", "LeftHand", "RightShoulder", "RightArm", "RightForeArm", "RightHand"]}