{"root_pos": [-3.4151268005371094, 87.3460922241211, 28.47001075744629], "local_quat": [[0.599311113357544, 0.37059828639030457, 0.3696487247943878, 0.6056755185127258], [-0.0027563392650336027, -0.2985096871852875, -0.952988862991333, -0.05192900821566582], [0.7955997586250305, 0.04436022415757179, 0.12207221984863281, -0.5917361378669739], [0.8033353686332703, -0.05212564393877983, -0.02520926669239998, 0.5927054286003113], [0.9814252853393555, 0.003053198801353574, -0.01662321388721466, 0.19109904766082764], [-0.004388929810374975, 0.027950115501880646, 0.9971251487731934, -0.0702921450138092], [0.9658060669898987, 0.005126090254634619, 0.010184554383158684, -0.25901493430137634], [0.7438996434211731, -0.02733692340552807, -0.006096566095948219, 0.667704164981842], [0.9828262329101562, 0.014015496708452702, 5.981879439787008e-05, 0.18400026857852936], [0.9967740178108215, 0.0008564319577999413, 0.006158915348351002, 0.08001779019832611], [0.9973450303077698, 0.011932279914617538, 0.023097949102520943, 0.06802184134721756], [0.9972562193870544, 0.026208749040961266, 0.029914842918515205, 0.062436025589704514], [0.9961174130439758, 0.01586250588297844, -0.0497039258480072, -0.0709085687994957], [0.9973416328430176, -0.021959206089377403, 0.021267006173729897, -0.06614506244659424], [0.04925410822033882, -0.582567572593689, 0.050016991794109344, -0.8097452521324158], [0.8307227492332458, 0.27780571579933167, 0.4714362621307373, -0.10233104974031448], [0.9380293488502502, -0.0522451288998127, -0.13745389878749847, -0.31381192803382874], [0.9634553790092468, 0.22754955291748047, 0.0627211332321167, 0.1266534924507141], [0.041315339505672455, 0.6224243640899658, -0.06158548220992088, -0.7791585922241211], [0.8519041538238525, -0.2015436589717865, -0.391573429107666, -0.28338950872421265], [0.8956027030944824, 0.0377083420753479, 0.13463038206100464, -0.42231324315071106], [0.9864400029182434, -0.14829589426517487, 0.0274411141872406, 0.0647403821349144]], "joint_names": ["Hips", "LeftUpLeg", "LeftLeg", "LeftFoot", "LeftToe", "RightUpLeg", "RightLeg", "RightFoot", "RightToe", "Spine", "Spine1", "Spine2", "Neck", "Head", "LeftShoulder", "LeftArm", "LeftForeArm", "LeftHand", "RightShoulder", "RightArm", "RightForeArm", "RightHand"]}