{"root_pos": [21.51944923400879, 82.33663177490234, 3.7450735569000244], "local_quat": [[0.505082368850708, 0.464635968208313, 0.5186640024185181, 0.5098949670791626], [0.13737702369689941, 0.038964129984378815, -0.9893834590911865, -0.027014795690774918], [0.97552490234375, 0.04952944815158844, 0.051011934876441956, -0.20807643234729767], [0.7874555587768555, -0.050679292529821396, -0.08389369398355484, 0.6085286736488342], [0.9806537628173828, -0.004541559610515833, -0.01029984001070261, 0.19542643427848816], [0.08034052699804306, 0.23848940432071686, 0.9669525623321533, -0.04087693244218826], [0.9131749868392944, 0.005448102951049805, -0.03328913077712059, -0.4061693847179413], [0.7768834233283997, 0.021593458950519562, 0.020933253690600395, 0.6289258003234863], [0.9832425117492676, 0.007305917330086231, 0.006651054136455059, 0.18203428387641907], [0.9969868659973145, -0.011373698711395264, -0.0035613731015473604, 0.07664927840232849], [0.9976615309715271, -0.023757154121994972, 0.0017253642436116934, 0.06406357884407043], [0.9977099299430847, -0.023204466328024864, 0.010848055593669415, 0.06259938329458237], [0.9961893558502197, -0.016067024320364, -0.07196790724992752, -0.046574823558330536], [0.9916006922721863, -0.06691883504390717, 0.0836278423666954, -0.07249991595745087], [0.02261543646454811, -0.5918156504631042, 0.016175489872694016, -0.8055936694145203], [0.9001709222793579, 0.0898827537894249, 0.35589948296546936, -0.23441192507743835], [0.8112344145774841, -0.05198153480887413, -0.11823566257953644, -0.570277988910675], [0.94869464635849, 0.3103492259979248, -0.0018775996286422014, 0.060484569519758224], [0.04335439205169678, 0.6110317707061768, -0.0604851171374321, -0.7881003022193909], [0.8532034158706665, -0.27383026480674744, -0.4114106595516205, -0.166740283370018], [0.9198381900787354, 0.032662712037563324, 0.12938952445983887, -0.36890262365341187], [0.9882324934005737, -0.13790680468082428, 0.028580881655216217, 0.05967840924859047]], "joint_names": ["Hips", "LeftUpLeg", "LeftLeg", "LeftFoot", "LeftToe", "RightUpLeg", "RightLeg", "RightFoot", "RightToe", "Spine", "Spine1", "Spine2", "Neck", "Head", "LeftShoulder", "LeftArm", "LeftForeArm", "LeftHand", "RightShoulder", "RightArm", "RightForeArm", "RightHand"]}