{"root_pos": [-0.2395181655883789, 86.11837005615234, 25.30913734436035], "local_quat": [[0.5913416743278503, 0.3868086338043213, 0.3830288350582123, 0.5949646830558777], [0.0322892889380455, -0.24557776749134064, -0.9671276211738586, -0.057559553533792496], [0.7739067077636719, 0.04589901864528656, 0.1263750046491623, -0.6188626885414124], [0.8096663951873779, -0.051324982196092606, -0.022615572437644005, 0.5842043161392212], [0.9813090562820435, 0.00234252423979342, -0.015869049355387688, 0.1917686015367508], [0.0015894564567133784, 0.07977962493896484, 0.9938493967056274, -0.0767860859632492], [0.9519161581993103, 0.006375913042575121, 0.0017662866739556193, -0.30628716945648193], [0.7378191947937012, -0.02604851871728897, -0.012094059959053993, 0.6743871569633484], [0.9828981757164001, 0.01315930113196373, 0.0007299762219190598, 0.18367767333984375], [0.9966279864311218, -0.0024209448602050543, 0.007540738210082054, 0.08167091012001038], [0.9970880746841431, 0.004589741118252277, 0.02614767476916313, 0.07148903608322144], [0.9970376491546631, 0.018031751736998558, 0.03382088243961334, 0.06668534129858017], [0.9966714978218079, 0.010587153024971485, -0.05029882490634918, -0.06327582895755768], [0.997031569480896, -0.028212394565343857, 0.027478111907839775, -0.06616011261940002], [0.04502774775028229, -0.5783854126930237, 0.04424261674284935, -0.8133174777030945], [0.8416541218757629, 0.2416972666978836, 0.4649156928062439, -0.1305909901857376], [0.9260627031326294, -0.054152633994817734, -0.13768920302391052, -0.34715545177459717], [0.961423933506012, 0.24312643706798553, 0.053575385361909866, 0.11697538942098618], [0.04107067734003067, 0.6169335842132568, -0.060157034546136856, -0.783637285232544], [0.8499280214309692, -0.21867500245571136, -0.3954005837440491, -0.27103883028030396], [0.9135770201683044, 0.038275785744190216, 0.13754382729530334, -0.3807804584503174], [0.9873596429824829, -0.13947951793670654, 0.02457127347588539, 0.07115242630243301]], "joint_names": ["Hips", "LeftUpLeg", "LeftLeg", "LeftFoot", "LeftToe", "RightUpLeg", "RightLeg", "RightFoot", "RightToe", "Spine", "Spine1", "Spine2", "Neck", "Head", "LeftShoulder", "LeftArm", "LeftForeArm", "LeftHand", "RightShoulder", "RightArm", "RightForeArm", "RightHand"]}