{"root_pos": [5.614068508148193, 82.99417114257812, 18.06911849975586], "local_quat": [[0.5669255256652832, 0.4265446960926056, 0.43124091625213623, 0.5573924779891968], [0.08467233180999756, -0.04214563965797424, -0.9924209713935852, -0.07845356315374374], [0.8549944758415222, 0.056450024247169495, 0.10365074872970581, -0.5050290822982788], [0.8154997229576111, -0.04796937108039856, -0.04725046455860138, 0.5748273134231567], [0.981261670589447, 0.0005842990940436721, -0.014193089678883553, 0.19215531647205353], [0.0345725491642952, 0.1966380625963211, 0.9775767922401428, -0.06694690883159637], [0.9190868735313416, 0.002675467636436224, -0.017752651125192642, -0.393645703792572], [0.7361454963684082, -0.015250654891133308, -0.010560275986790657, 0.6765691041946411], [0.9829660058021545, 0.011457033455371857, 0.0024100986775010824, 0.18341420590877533], [0.9963818788528442, -0.010095440782606602, 0.0045135426335036755, 0.08426698297262192], [0.9967398047447205, -0.014693200588226318, 0.021183369681239128, 0.07645294815301895], [0.996813952922821, -0.006949144881218672, 0.03207116201519966, 0.07269883155822754], [0.9967231154441833, 0.000985167222097516, -0.055907439440488815, -0.058450181037187576], [0.9956955313682556, -0.04273056238889694, 0.051318902522325516, -0.06427260488271713], [0.030719760805368423, -0.5857143402099609, 0.025783643126487732, -0.809524655342102], [0.8861995935440063, 0.1228230819106102, 0.39487525820732117, -0.20889775454998016], [0.8589269518852234, -0.05617813766002655, -0.13028296828269958, -0.49205175042152405], [0.9540940523147583, 0.2857079803943634, 0.03218043968081474, 0.08390407264232635], [0.04332209751009941, 0.6085421442985535, -0.05792145058512688, -0.79021817445755], [0.8521926999092102, -0.2724660634994507, -0.39962536096572876, -0.1995733678340912], [0.9390297532081604, 0.037333548069000244, 0.13871125876903534, -0.3123914897441864], [0.9879742860794067, -0.13271290063858032, 0.01965177431702614, 0.07686310261487961]], "joint_names": ["Hips", "LeftUpLeg", "LeftLeg", "LeftFoot", "LeftToe", "RightUpLeg", "RightLeg", "RightFoot", "RightToe", "Spine", "Spine1", "Spine2", "Neck", "Head", "LeftShoulder", "LeftArm", "LeftForeArm", "LeftHand", "RightShoulder", "RightArm", "RightForeArm", "RightHand"]}