{"root_pos": [4.127659320831299, 83.46635437011719, 20.849651336669922], "local_quat": [[0.5764532685279846, 0.41003885865211487, 0.41845494508743286, 0.5696185231208801], [0.06786520779132843, -0.0932188630104065, -0.9904764890670776, -0.07523950189352036], [0.8145385980606079, 0.05285486578941345, 0.11284290254116058, -0.5665683746337891], [0.82233065366745, -0.045892007648944855, -0.032689109444618225, 0.5662134885787964], [0.9812383055686951, 0.0010815971763804555, -0.014784730039536953, 0.19222795963287354], [0.018737485632300377, 0.16083554923534393, 0.9844282269477844, -0.06842441111803055], [0.9298703074455261, 0.005452196579426527, -0.012059868313372135, -0.3676493167877197], [0.7389204502105713, -0.01699984446167946, -0.010700895451009274, 0.6734932065010071], [0.9829708337783813, 0.012030824087560177, 0.0020414453465491533, 0.18335607647895813], [0.9965251088142395, -0.005060202907770872, 0.006477493327111006, 0.08288593590259552], [0.9969247579574585, -0.0033595883287489414, 0.024377908557653427, 0.07440154999494553], [0.9969083070755005, 0.0063746036030352116, 0.034230418503284454, 0.07043732702732086], [0.9968713521957397, 0.0038842596113681793, -0.05543852597475052, -0.056203581392765045], [0.9962813258171082, -0.03836799040436745, 0.044062938541173935, -0.06332394480705261], [0.037623051553964615, -0.5806794166564941, 0.034269433468580246, -0.8125401735305786], [0.8701683878898621, 0.16676510870456696, 0.42851394414901733, -0.1771220564842224], [0.8866736888885498, -0.055824484676122665, -0.13353030383586884, -0.43916189670562744], [0.9575345516204834, 0.2687819302082062, 0.03982701897621155, 0.0964241549372673], [0.04161057993769646, 0.6113063097000122, -0.057230833917856216, -0.788224458694458], [0.8494884371757507, -0.25349849462509155, -0.40145015716552734, -0.23009923100471497], [0.9304811954498291, 0.03731834888458252, 0.13773316144943237, -0.3374042212963104], [0.9876890778541565, -0.13580961525440216, 0.018786802887916565, 0.07531895488500595]], "joint_names": ["Hips", "LeftUpLeg", "LeftLeg", "LeftFoot", "LeftToe", "RightUpLeg", "RightLeg", "RightFoot", "RightToe", "Spine", "Spine1", "Spine2", "Neck", "Head", "LeftShoulder", "LeftArm", "LeftForeArm", "LeftHand", "RightShoulder", "RightArm", "RightForeArm", "RightHand"]}