{"root_pos": [18.095998764038086, 81.61637115478516, 5.861186981201172], "local_quat": [[0.5234758853912354, 0.4563518166542053, 0.49824097752571106, 0.5191068649291992], [0.1324441134929657, 0.039501044899225235, -0.9895784258842468, -0.04040783643722534], [0.9663205742835999, 0.05144480615854263, 0.059336431324481964, -0.24506548047065735], [0.7847554087638855, -0.04430006071925163, -0.06872113794088364, 0.6143890619277954], [0.9808316230773926, -0.0036091527435928583, -0.011007087305188179, 0.19451262056827545], [0.07565945386886597, 0.2407337874174118, 0.9664890170097351, -0.04713601991534233], [0.904015064239502, 0.0011290941620245576, -0.029870230704545975, -0.42645421624183655], [0.7802508473396301, 0.010132051073014736, 0.013873129151761532, 0.6252307295799255], [0.9831846356391907, 0.008014743216335773, 0.0058178710751235485, 0.1823454201221466], [0.997049868106842, -0.013207977637648582, -0.0027017274405807257, 0.07556408643722534], [0.9976224303245544, -0.026241986081004143, 0.004177297465503216, 0.06358791142702103], [0.9976380467414856, -0.02506476454436779, 0.014574508182704449, 0.06227051094174385], [0.9966356754302979, -0.010923906229436398, -0.06586960703134537, -0.04753034934401512], [0.9925872087478638, -0.059655483812093735, 0.07666400074958801, -0.07303795963525772], [0.023362670093774796, -0.5919432640075684, 0.017371902242302895, -0.8054536581039429], [0.8995341658592224, 0.0715857520699501, 0.3600693941116333, -0.23677806556224823], [0.804360568523407, -0.05199269577860832, -0.11808735877275467, -0.5799621939659119], [0.949018657207489, 0.3094210922718048, -0.0016605844721198082, 0.06016154587268829], [0.04632553458213806, 0.6088324785232544, -0.06305429339408875, -0.7894307971000671], [0.8538138270378113, -0.28325966000556946, -0.4089716076850891, -0.15332317352294922], [0.9312763214111328, 0.033232007175683975, 0.13233307003974915, -0.33779871463775635], [0.9884527921676636, -0.13381607830524445, 0.023541679605841637, 0.06708315759897232]], "joint_names": ["Hips", "LeftUpLeg", "LeftLeg", "LeftFoot", "LeftToe", "RightUpLeg", "RightLeg", "RightFoot", "RightToe", "Spine", "Spine1", "Spine2", "Neck", "Head", "LeftShoulder", "LeftArm", "LeftForeArm", "LeftHand", "RightShoulder", "RightArm", "RightForeArm", "RightHand"]}