{"root_pos": [15.154659271240234, 81.17853546142578, 8.918254852294922], "local_quat": [[0.5342229604721069, 0.4530250132083893, 0.48201024532318115, 0.5263461470603943], [0.1178307831287384, 0.03378487378358841, -0.9908838868141174, -0.05588878318667412], [0.9561495780944824, 0.05127120763063431, 0.07108910381793976, -0.2794558107852936], [0.7885310053825378, -0.0449640266597271, -0.059663981199264526, 0.6104402542114258], [0.9809658527374268, -0.0024750898592174053, -0.011781158857047558, 0.19380661845207214], [0.06798212975263596, 0.2364892065525055, 0.9676319360733032, -0.05603298917412758], [0.908722996711731, 0.0004997131181880832, -0.026335135102272034, -0.41656768321990967], [0.769655168056488, -0.005564428865909576, -0.00414076866582036, 0.6384221911430359], [0.9831244945526123, 0.008833001367747784, 0.00494556687772274, 0.18265743553638458], [0.9968702793121338, -0.01255713775753975, -7.902302604634315e-05, 0.07805155962705612], [0.9974090456962585, -0.023598123341798782, 0.010059084743261337, 0.06721127033233643], [0.9974119067192078, -0.02136322483420372, 0.021199489012360573, 0.06529688090085983], [0.996590256690979, -0.007023777812719345, -0.06396756321191788, -0.051640309393405914], [0.9932705163955688, -0.05485601723194122, 0.07122312486171722, -0.07301954925060272], [0.02554832398891449, -0.5924030542373657, 0.019814077764749527, -0.8049927353858948], [0.8990929126739502, 0.06242097169160843, 0.3636692762374878, -0.23554247617721558], [0.8045072555541992, -0.05173254758119583, -0.11818427592515945, -0.57976233959198], [0.9496449828147888, 0.30712229013442993, 0.0036368423607200384, 0.061944518238306046], [0.04544838145375252, 0.6080388426780701, -0.06068995222449303, -0.7902783751487732], [0.8550416231155396, -0.286130428314209, -0.40307459235191345, -0.15672989189624786], [0.9368281960487366, 0.033684272319078445, 0.13388846814632416, -0.3213910162448883], [0.9882457852363586, -0.13380064070224762, 0.020190590992569923, 0.07113263010978699]], "joint_names": ["Hips", "LeftUpLeg", "LeftLeg", "LeftFoot", "LeftToe", "RightUpLeg", "RightLeg", "RightFoot", "RightToe", "Spine", "Spine1", "Spine2", "Neck", "Head", "LeftShoulder", "LeftArm", "LeftForeArm", "LeftHand", "RightShoulder", "RightArm", "RightForeArm", "RightHand"]}