{"root_pos": [7.989224910736084, 81.87932586669922, 15.124895095825195], "local_quat": [[0.5540673136711121, 0.4414486587047577, 0.44828328490257263, 0.5451371669769287], [0.09551401436328888, 0.02011984772980213, -0.9926350712776184, -0.0717487558722496], [0.8978101015090942, 0.05453949049115181, 0.0938875675201416, -0.42678746581077576], [0.8027684092521667, -0.04596729949116707, -0.04919642582535744, 0.5924774408340454], [0.9812177419662476, -0.0002219191810581833, -0.013463037088513374, 0.19243291020393372], [0.04533611983060837, 0.20706084370613098, 0.9747734069824219, -0.0699087455868721], [0.913465678691864, -2.7634348953142762e-05, -0.019561827182769775, -0.40644538402557373], [0.745284378528595, -0.00850261002779007, -0.0006856834515929222, 0.6666920781135559], [0.9829832315444946, 0.010670410469174385, 0.0030624771025031805, 0.18335936963558197], [0.9964496493339539, -0.011790896765887737, 0.0016131110023707151, 0.08334532380104065], [0.9968493580818176, -0.019644778221845627, 0.015516570769250393, 0.07526412606239319], [0.9969421625137329, -0.01418717484921217, 0.027166100218892097, 0.07188183069229126], [0.996687650680542, -0.0021528650540858507, -0.05755861476063728, -0.057413265109062195], [0.9947130680084229, -0.04784102737903595, 0.06049582362174988, -0.06780362874269485], [0.027983590960502625, -0.5894796848297119, 0.022537901997566223, -0.8069837093353271], [0.8932304382324219, 0.0915030762553215, 0.37989264726638794, -0.22236989438533783], [0.8335455656051636, -0.05482519045472145, -0.12542776763439178, -0.535223126411438], [0.9513745307922363, 0.2983160614967346, 0.021646792069077492, 0.07365889847278595], [0.04537089169025421, 0.6077330708503723, -0.0594131201505661, -0.7906149625778198], [0.8513224720954895, -0.2865787446498871, -0.40299949049949646, -0.17525407671928406], [0.9412083625793457, 0.036617692559957504, 0.1378132849931717, -0.306257039308548], [0.9879257678985596, -0.13383305072784424, 0.018573105335235596, 0.07580671459436417]], "joint_names": ["Hips", "LeftUpLeg", "LeftLeg", "LeftFoot", "LeftToe", "RightUpLeg", "RightLeg", "RightFoot", "RightToe", "Spine", "Spine1", "Spine2", "Neck", "Head", "LeftShoulder", "LeftArm", "LeftForeArm", "LeftHand", "RightShoulder", "RightArm", "RightForeArm", "RightHand"]}