{"root_pos": [11.970987319946289, 81.22148895263672, 12.061737060546875], "local_quat": [[0.5422431230545044, 0.4516308605670929, 0.4661869704723358, 0.5335463881492615], [0.10524237900972366, 0.04178222641348839, -0.991441547870636, -0.06497586518526077], [0.934578001499176, 0.0530504547059536, 0.08115098625421524, -0.34229230880737305], [0.7967155575752258, -0.045126114040613174, -0.05462952330708504, 0.600186288356781], [0.9810843467712402, -0.0013798133004456758, -0.012598101980984211, 0.19316546618938446], [0.05831487476825714, 0.22447647154331207, 0.9705593585968018, -0.06499377638101578], [0.9141207933425903, -0.0005691563128493726, -0.021278152242302895, -0.40488266944885254], [0.7578486800193787, -0.009007868357002735, -0.0030198299791663885, 0.6523612141609192], [0.9830523729324341, 0.009726186282932758, 0.004057955928146839, 0.18302159011363983], [0.9966791272163391, -0.012441112659871578, 0.0008530498598702252, 0.08046870678663254], [0.9971683025360107, -0.02211807481944561, 0.013129603117704391, 0.07066535204648972], [0.9972007870674133, -0.01857474260032177, 0.024726515635848045, 0.06807389110326767], [0.9965999722480774, -0.003533394541591406, -0.060577116906642914, -0.05573591962456703], [0.9940330982208252, -0.05045188218355179, 0.06608696281909943, -0.07060620188713074], [0.026956714689731598, -0.5923054814338684, 0.021284470334649086, -0.8049810528755188], [0.8976632952690125, 0.06378381699323654, 0.36783483624458313, -0.23415739834308624], [0.8109585046768188, -0.053054310381412506, -0.12056050449609756, -0.5700847506523132], [0.9498192667961121, 0.30576854944229126, 0.010085498914122581, 0.06517104804515839], [0.04605863615870476, 0.6086475849151611, -0.060252685099840164, -0.7898077368736267], [0.8525515198707581, -0.29191717505455017, -0.4035332202911377, -0.15843385457992554], [0.9401488900184631, 0.03489416837692261, 0.13566909730434418, -0.3106384575366974], [0.9882343411445618, -0.13262440264225006, 0.018368760123848915, 0.07393260300159454]], "joint_names": ["Hips", "LeftUpLeg", "LeftLeg", "LeftFoot", "LeftToe", "RightUpLeg", "RightLeg", "RightFoot", "RightToe", "Spine", "Spine1", "Spine2", "Neck", "Head", "LeftShoulder", "LeftArm", "LeftForeArm", "LeftHand", "RightShoulder", "RightArm", "RightForeArm", "RightHand"]}