{"root_pos": [-24.272071838378906, 86.7412109375, 52.33140182495117], "local_quat": [[0.5972281694412231, 0.32647281885147095, 0.3312232494354248, 0.6534716486930847], [-0.10303342342376709, -0.3325541615486145, -0.9368910193443298, -0.03204607218503952], [0.9595785140991211, 0.0501408614218235, 0.04050859808921814, -0.2739598751068115], [0.7937920689582825, -0.006428832188248634, -0.026435261592268944, 0.6075804233551025], [0.9825047850608826, 0.010153424926102161, -0.024087678641080856, 0.18439340591430664], [0.0013421806506812572, -0.10253335535526276, 0.9946892857551575, -0.008851702325046062], [0.9481267929077148, -0.005569957196712494, 0.008320343680679798, -0.3177347779273987], [0.8292524814605713, 0.012657709419727325, 0.05599885806441307, 0.5559173822402954], [0.9822885394096375, 0.02113405242562294, -0.003860290627926588, 0.18613854050636292], [0.9978227019309998, 0.017570413649082184, -0.00916930753737688, 0.06290478259325027], [0.9977333545684814, 0.04896467551589012, -0.008477683179080486, 0.04537460580468178], [0.9973020553588867, 0.062012579292058945, -0.0009010088397189975, 0.03927161172032356], [0.992631196975708, 0.024538885802030563, -0.07416846603155136, -0.09262900799512863], [0.9954769611358643, -0.022257504984736443, 0.040478046983480453, -0.08301656693220139], [0.0630050078034401, -0.5809693336486816, 0.06340699642896652, -0.8090022206306458], [0.819819450378418, 0.3457876741886139, 0.4493045508861542, -0.08032721281051636], [0.9614169597625732, -0.053475867956876755, -0.146452859044075, -0.2266480177640915], [0.9670005440711975, 0.19650188088417053, 0.0679994747042656, 0.14721742272377014], [0.042716577649116516, 0.6226308941841125, -0.06224725395441055, -0.7788654565811157], [0.8497487306594849, -0.21532228589057922, -0.3806135654449463, -0.29444319009780884], [0.8804524540901184, 0.039402998983860016, 0.14125336706638336, -0.4508861303329468], [0.9850746393203735, -0.1601317971944809, 0.03297915309667587, 0.05383406952023506]], "joint_names": ["Hips", "LeftUpLeg", "LeftLeg", "LeftFoot", "LeftToe", "RightUpLeg", "RightLeg", "RightFoot", "RightToe", "Spine", "Spine1", "Spine2", "Neck", "Head", "LeftShoulder", "LeftArm", "LeftForeArm", "LeftHand", "RightShoulder", "RightArm", "RightForeArm", "RightHand"]}