{"root_pos": [-30.695322036743164, 84.68982696533203, 60.04188537597656], "local_quat": [[0.6010006666183472, 0.3199603259563446, 0.33111807703971863, 0.653287410736084], [-0.11213702708482742, -0.29127684235572815, -0.9482135772705078, -0.05894199013710022], [0.9191713333129883, 0.05173332616686821, 0.054643355309963226, -0.38660284876823425], [0.7744369506835938, 0.005774304736405611, -0.00469350116327405, 0.6326072812080383], [0.9829139709472656, 0.012723206542432308, -0.026250548660755157, 0.1817391961812973], [0.02747165970504284, -0.027456577867269516, 0.9991308450698853, -0.015138356015086174], [0.8624175190925598, -0.02538006193935871, -0.0029625934548676014, -0.505552351474762], [0.8488709330558777, 0.024996047839522362, 0.08768672496080399, 0.520676851272583], [0.9821364283561707, 0.02251707762479782, -0.005716973915696144, 0.18673060834407806], [0.9982315301895142, 0.007723556365817785, -0.009213355369865894, 0.05821709707379341], [0.9984747171401978, 0.03274352848529816, -0.008738924749195576, 0.043588656932115555], [0.9981655478477478, 0.04607304185628891, 0.0022517761681228876, 0.03921228274703026], [0.9923403859138489, 0.034518688917160034, -0.06199017912149429, -0.10112524777650833], [0.9959208965301514, -0.007251976057887077, 0.027946919202804565, -0.08548664301633835], [0.058101046830415726, -0.5794691443443298, 0.05481097102165222, -0.8110705614089966], [0.8280469179153442, 0.3269086182117462, 0.43982556462287903, -0.11841608583927155], [0.9655336737632751, -0.057871632277965546, -0.15361197292804718, -0.20198754966259003], [0.9641745090484619, 0.21608516573905945, 0.04854879900813103, 0.14600646495819092], [0.04932430386543274, 0.6118487119674683, -0.06813865154981613, -0.7864893078804016], [0.8597761988639832, -0.23070450127124786, -0.3783131241798401, -0.2538491487503052], [0.9036172032356262, 0.04317113012075424, 0.15123383700847626, -0.3984224796295166], [0.9855037927627563, -0.15306518971920013, 0.03495653718709946, 0.06427588313817978]], "joint_names": ["Hips", "LeftUpLeg", "LeftLeg", "LeftFoot", "LeftToe", "RightUpLeg", "RightLeg", "RightFoot", "RightToe", "Spine", "Spine1", "Spine2", "Neck", "Head", "LeftShoulder", "LeftArm", "LeftForeArm", "LeftHand", "RightShoulder", "RightArm", "RightForeArm", "RightHand"]}