{"root_pos": [-16.80904769897461, 89.2267837524414, 44.058685302734375], "local_quat": [[0.6001734137535095, 0.32834044098854065, 0.3336394131183624, 0.6485902070999146], [-0.07948087155818939, -0.3627975583076477, -0.9282737374305725, -0.01919887214899063], [0.9578659534454346, 0.05364494398236275, 0.044589363038539886, -0.27861592173576355], [0.7958430647850037, -0.020557595416903496, -0.04493682086467743, 0.6034832000732422], [0.9821081757545471, 0.007456994615495205, -0.021167637780308723, 0.1869754195213318], [-0.013754923827946186, -0.10244449228048325, 0.9944460988044739, -0.01982007920742035], [0.9852598309516907, 0.001607080572284758, 0.021553097292780876, -0.16969390213489532], [0.7912740111351013, -0.015341424383223057, 0.019136596471071243, 0.610969603061676], [0.9824594259262085, 0.019105535000562668, -0.0026222483720630407, 0.1854768544435501], [0.9970757961273193, 0.018150195479393005, -0.004917795769870281, 0.07407030463218689], [0.9973089694976807, 0.04718885198235512, 0.0013147948775440454, 0.05609184876084328], [0.9969806671142578, 0.06095431372523308, 0.0063491640612483025, 0.04768534004688263], [0.9932313561439514, 0.0251658596098423, -0.06703543663024902, -0.09145645052194595], [0.9963794946670532, -0.018585732206702232, 0.03016621433198452, -0.07728134095668793], [0.06133602559566498, -0.5874469876289368, 0.06407292932271957, -0.8043870329856873], [0.8199098110198975, 0.34100282192230225, 0.4534701704978943, -0.07635330408811569], [0.9559317827224731, -0.05122288689017296, -0.14096926152706146, -0.25238534808158875], [0.9688979387283325, 0.1847592443227768, 0.07760635018348694, 0.14518235623836517], [0.03932156041264534, 0.6342549920082092, -0.06067749112844467, -0.7697354555130005], [0.848039448261261, -0.17231447994709015, -0.38255488872528076, -0.32371070981025696], [0.8628181219100952, 0.03803392872214317, 0.13386283814907074, -0.4859824478626251], [0.9841086268424988, -0.1669541299343109, 0.03510071337223053, 0.04924081265926361]], "joint_names": ["Hips", "LeftUpLeg", "LeftLeg", "LeftFoot", "LeftToe", "RightUpLeg", "RightLeg", "RightFoot", "RightToe", "Spine", "Spine1", "Spine2", "Neck", "Head", "LeftShoulder", "LeftArm", "LeftForeArm", "LeftHand", "RightShoulder", "RightArm", "RightForeArm", "RightHand"]}