{"root_pos": [-27.218732833862305, 85.47535705566406, 56.465675354003906], "local_quat": [[0.6007270216941833, 0.32264241576194763, 0.3309323489665985, 0.6523133516311646], [-0.10729162395000458, -0.314067006111145, -0.9420793056488037, -0.048342812806367874], [0.9406961798667908, 0.05018233507871628, 0.048497043550014496, -0.3319947123527527], [0.7818660736083984, -0.0013615232892334461, -0.015516508370637894, 0.6232518553733826], [0.9827127456665039, 0.01144449133425951, -0.025260286405682564, 0.18304811418056488], [0.01460963860154152, -0.07222418487071991, 0.9972473978996277, -0.00823447946459055], [0.9077799320220947, -0.01442080456763506, 0.001256146584637463, -0.4191969931125641], [0.8392385244369507, 0.019567037001252174, 0.07067646831274033, 0.5387955904006958], [0.9822041392326355, 0.021819891408085823, -0.004688725806772709, 0.18648558855056763], [0.9981628656387329, 0.012150074355304241, -0.008645514026284218, 0.05872449278831482], [0.9982633590698242, 0.040328945964574814, -0.007839465513825417, 0.042218439280986786], [0.9978654980659485, 0.05348604544997215, 0.0014782834332436323, 0.037438180297613144], [0.9925210475921631, 0.028396103531122208, -0.06901268661022186, -0.0966060534119606], [0.9958122372627258, -0.01631968840956688, 0.03556346520781517, -0.0826258435845375], [0.06079399958252907, -0.5801630020141602, 0.05932488292455673, -0.8100589513778687], [0.824286162853241, 0.33569052815437317, 0.44480013847351074, -0.10008518397808075], [0.9633464217185974, -0.05552620440721512, -0.14999382197856903, -0.21536535024642944], [0.965878963470459, 0.20509284734725952, 0.05939924344420433, 0.14658282697200775], [0.046431366354227066, 0.6154250502586365, -0.06554313749074936, -0.7840919494628906], [0.8549476265907288, -0.22872529923915863, -0.37832680344581604, -0.2713264226913452], [0.8931215405464172, 0.04112386703491211, 0.14631853997707367, -0.4233599305152893], [0.9849470853805542, -0.15939736366271973, 0.031942661851644516, 0.05874868854880333]], "joint_names": ["Hips", "LeftUpLeg", "LeftLeg", "LeftFoot", "LeftToe", "RightUpLeg", "RightLeg", "RightFoot", "RightToe", "Spine", "Spine1", "Spine2", "Neck", "Head", "LeftShoulder", "LeftArm", "LeftForeArm", "LeftHand", "RightShoulder", "RightArm", "RightForeArm", "RightHand"]}