{"root_pos": [-13.804048538208008, 89.6807632446289, 39.89781951904297], "local_quat": [[0.5997825860977173, 0.34023091197013855, 0.33725419640541077, 0.6409082412719727], [-0.06203603744506836, -0.37212881445884705, -0.9258526563644409, -0.021648239344358444], [0.9302840828895569, 0.056021563708782196, 0.05836023762822151, -0.35780879855155945], [0.792331337928772, -0.020097093656659126, -0.0352022722363472, 0.6087430119514465], [0.981942892074585, 0.006420176010578871, -0.01976020447909832, 0.18803346157073975], [-0.01403088215738535, -0.07183165103197098, 0.9969364404678345, -0.027589499950408936], [0.9867780208587646, 0.0024882082361727953, 0.021449120715260506, -0.1606326550245285], [0.767558753490448, -0.02467312105000019, 0.005329006351530552, 0.6404812932014465], [0.9825297594070435, 0.01788429357111454, -0.002196158282458782, 0.18523085117340088], [0.9968337416648865, 0.015139750204980373, -0.00214591552503407, 0.07802967727184296], [0.9972659945487976, 0.04056067019701004, 0.0073602087795734406, 0.06132787838578224], [0.9970212578773499, 0.05504952743649483, 0.011878636665642262, 0.052696485072374344], [0.9937849640846252, 0.02542799524962902, -0.06136104092001915, -0.08933047950267792], [0.996934711933136, -0.01605101488530636, 0.023380523547530174, -0.07291761040687561], [0.058097537606954575, -0.5879834890365601, 0.06126793101429939, -0.8044540286064148], [0.8234517574310303, 0.325497031211853, 0.45715564489364624, -0.08359169960021973], [0.9525862336158752, -0.05061177909374237, -0.1390392929315567, -0.2658684253692627], [0.9689212441444397, 0.18935875594615936, 0.07491646707057953, 0.14043618738651276], [0.03811247646808624, 0.6349939107894897, -0.06004006043076515, -0.7692369818687439], [0.8466744422912598, -0.16114231944084167, -0.3790369927883148, -0.33690714836120605], [0.8635250926017761, 0.03835766389966011, 0.13257604837417603, -0.48505327105522156], [0.9838347434997559, -0.16803741455078125, 0.03668816760182381, 0.049866434186697006]], "joint_names": ["Hips", "LeftUpLeg", "LeftLeg", "LeftFoot", "LeftToe", "RightUpLeg", "RightLeg", "RightFoot", "RightToe", "Spine", "Spine1", "Spine2", "Neck", "Head", "LeftShoulder", "LeftArm", "LeftForeArm", "LeftHand", "RightShoulder", "RightArm", "RightForeArm", "RightHand"]}