{"root_pos": [-20.64621925354004, 88.27094268798828, 48.801944732666016], "local_quat": [[0.5985310673713684, 0.3273930251598358, 0.3283257782459259, 0.6532813906669617], [-0.09415652602910995, -0.35151928663253784, -0.9311780333518982, -0.02182093635201454], [0.9656043648719788, 0.05186854302883148, 0.039503104984760284, -0.25170889496803284], [0.7994945645332336, -0.018558315932750702, -0.045687831938266754, 0.5986457467079163], [0.9823180437088013, 0.008880514651536942, -0.02273700200021267, 0.18562167882919312], [-0.00790344923734665, -0.11426299065351486, 0.9933528304100037, -0.011470056138932705], [0.9733467698097229, -0.0016891255509108305, 0.017567288130521774, -0.2286585420370102], [0.8136386871337891, -0.004853639751672745, 0.034377336502075195, 0.5803332924842834], [0.9823642373085022, 0.020317859947681427, -0.0033104033209383488, 0.18584080040454865], [0.9973737597465515, 0.019597293809056282, -0.007653527427464724, 0.0693029910326004], [0.9973574280738831, 0.05117146298289299, -0.004472922533750534, 0.05137694254517555], [0.9969589114189148, 0.06437578052282333, 0.0015409145271405578, 0.04388871788978577], [0.9928839802742004, 0.023949716240167618, -0.07217139005661011, -0.09164658933877945], [0.9957646131515503, -0.022033069282770157, 0.03744817525148392, -0.08102492988109589], [0.06304202973842621, -0.5840654373168945, 0.06487865746021271, -0.8066498637199402], [0.8175174593925476, 0.3495609760284424, 0.451604425907135, -0.07433611154556274], [0.9593818187713623, -0.051976971328258514, -0.14331874251365662, -0.23737040162086487], [0.9679921269416809, 0.1880401372909546, 0.0754735916852951, 0.14810805022716522], [0.040553219616413116, 0.6297472715377808, -0.060786131769418716, -0.7733555436134338], [0.8481656908988953, -0.19548985362052917, -0.38309869170188904, -0.30924758315086365], [0.8697482347488403, 0.038251496851444244, 0.13662946224212646, -0.47265973687171936], [0.9847603440284729, -0.16317759454250336, 0.032265737652778625, 0.050782833248376846]], "joint_names": ["Hips", "LeftUpLeg", "LeftLeg", "LeftFoot", "LeftToe", "RightUpLeg", "RightLeg", "RightFoot", "RightToe", "Spine", "Spine1", "Spine2", "Neck", "Head", "LeftShoulder", "LeftArm", "LeftForeArm", "LeftHand", "RightShoulder", "RightArm", "RightForeArm", "RightHand"]}