{"root_pos": [-34.06974411010742, 84.7962417602539, 64.15538024902344], "local_quat": [[0.6039988398551941, 0.3109348714351654, 0.32833048701286316, 0.6562804579734802], [-0.11582247167825699, -0.2738588750362396, -0.9526264667510986, -0.06394749134778976], [0.91044682264328, 0.04905901476740837, 0.06464983522891998, -0.4055861532688141], [0.769173800945282, 0.005998402833938599, 0.004077274817973375, 0.6389984488487244], [0.9831322431564331, 0.014036016538739204, -0.02710323967039585, 0.18033131957054138], [0.041415080428123474, 0.02112346701323986, 0.9987345933914185, -0.019178692251443863], [0.8187286257743835, -0.036278143525123596, -0.004005384631454945, -0.5730194449424744], [0.8570408225059509, 0.020899496972560883, 0.09402348101139069, 0.5061658024787903], [0.9820463061332703, 0.023271914571523666, -0.006961969193071127, 0.18706946074962616], [0.9982885122299194, 0.003959117457270622, -0.010850063525140285, 0.05732913315296173], [0.9986630082130432, 0.025548122823238373, -0.01052885688841343, 0.04368928447365761], [0.9984530210494995, 0.03880886361002922, 0.0022123269736766815, 0.03975660353899002], [0.9922211170196533, 0.040964800864458084, -0.052170637995004654, -0.10534409433603287], [0.9960741996765137, 0.00332256848923862, 0.018874209374189377, -0.08642268180847168], [0.0555163249373436, -0.5794914364814758, 0.05069587007164955, -0.8115032315254211], [0.8274244070053101, 0.323932945728302, 0.4377102553844452, -0.1372806876897812], [0.9683400988578796, -0.0592154785990715, -0.15611425042152405, -0.18557800352573395], [0.9618281126022339, 0.2264627069234848, 0.042159538716077805, 0.14772889018058777], [0.0519268661737442, 0.6107980608940125, -0.07093442231416702, -0.7868911623954773], [0.8651005625724792, -0.22822251915931702, -0.3792518675327301, -0.2359735071659088], [0.9113720059394836, 0.04443608969449997, 0.15449649095535278, -0.3788895905017853], [0.9861956238746643, -0.14545008540153503, 0.03788425773382187, 0.06947804242372513]], "joint_names": ["Hips", "LeftUpLeg", "LeftLeg", "LeftFoot", "LeftToe", "RightUpLeg", "RightLeg", "RightFoot", "RightToe", "Spine", "Spine1", "Spine2", "Neck", "Head", "LeftShoulder", "LeftArm", "LeftForeArm", "LeftHand", "RightShoulder", "RightArm", "RightForeArm", "RightHand"]}