{"root_pos": [-7.832709312438965, 88.12547302246094, 32.74501037597656], "local_quat": [[0.5990327000617981, 0.3609720468521118, 0.3562605679035187, 0.6196268200874329], [-0.026822127401828766, -0.3391782343387604, -0.9396229386329651, -0.036706551909446716], [0.8290718197822571, 0.04869391396641731, 0.10789326578378677, -0.5464685559272766], [0.7982438206672668, -0.05031486973166466, -0.037538081407547, 0.5990544557571411], [0.9816293120384216, 0.004343483597040176, -0.017634538933634758, 0.18993161618709564], [-0.00773107772693038, -0.006376332137733698, 0.998081386089325, -0.06109903007745743], [0.9740414619445801, 0.00329399760812521, 0.015797877684235573, -0.22579368948936462], [0.7487651109695435, -0.03356708586215973, -0.009291183203458786, 0.6619197130203247], [0.9827072620391846, 0.015301375649869442, -0.0009906660998240113, 0.18452954292297363], [0.9968041777610779, 0.004860562738031149, 0.004174892324954271, 0.07962678372859955], [0.9974064230918884, 0.020313339307904243, 0.01942119002342224, 0.06626101583242416], [0.9972724914550781, 0.03492145240306854, 0.025333525612950325, 0.05988519266247749], [0.9954280853271484, 0.019486969336867332, -0.05142281949520111, -0.07809590548276901], [0.9974974989891052, -0.018264954909682274, 0.01856449991464615, -0.06573034077882767], [0.05252453684806824, -0.5847005248069763, 0.05418403446674347, -0.8077317476272583], [0.8219648599624634, 0.3019995093345642, 0.4742550551891327, -0.09084094315767288], [0.9444000124931335, -0.05087590590119362, -0.13704222440719604, -0.294515997171402], [0.9659571051597595, 0.21115253865718842, 0.06838344037532806, 0.13291053473949432], [0.040500592440366745, 0.626768171787262, -0.061312392354011536, -0.7757333517074585], [0.8486348986625671, -0.18710802495479584, -0.39020851254463196, -0.30421510338783264], [0.8776747584342957, 0.03735170513391495, 0.13187338411808014, -0.4592398405075073], [0.9854980111122131, -0.15711714327335358, 0.02840949408710003, 0.05745353549718857]], "joint_names": ["Hips", "LeftUpLeg", "LeftLeg", "LeftFoot", "LeftToe", "RightUpLeg", "RightLeg", "RightFoot", "RightToe", "Spine", "Spine1", "Spine2", "Neck", "Head", "LeftShoulder", "LeftArm", "LeftForeArm", "LeftHand", "RightShoulder", "RightArm", "RightForeArm", "RightHand"]}