{"root_pos": [-11.395989418029785, 89.16291809082031, 36.220401763916016], "local_quat": [[0.5995264053344727, 0.34877628087997437, 0.34589844942092896, 0.6318840384483337], [-0.04386492818593979, -0.3640347421169281, -0.9300236105918884, -0.02470971830189228], [0.8838919401168823, 0.054529834538698196, 0.08081994950771332, -0.4574163854122162], [0.7950685024261475, -0.03171446919441223, -0.03491673618555069, 0.6046825647354126], [0.981797993183136, 0.005430079065263271, -0.01860298030078411, 0.1889369636774063], [-0.011147712357342243, -0.038071028888225555, 0.9983689188957214, -0.04105721041560173], [0.982561469078064, 0.0026612698566168547, 0.019351327791810036, -0.1849091351032257], [0.7547629475593567, -0.030909255146980286, -0.003973631653934717, 0.6552570462226868], [0.9826052188873291, 0.016611425206065178, -0.0017475312342867255, 0.18495415151119232], [0.9968358874320984, 0.009838733822107315, 0.0009229216957464814, 0.07887040823698044], [0.9974386692047119, 0.030043303966522217, 0.013340198434889317, 0.06352590024471283], [0.9972562193870544, 0.04489186778664589, 0.018334366381168365, 0.05593442916870117], [0.9946890473365784, 0.02397732064127922, -0.05503162741661072, -0.08360820263624191], [0.997403621673584, -0.014907256700098515, 0.018241198733448982, -0.06805214285850525], [0.05501193553209305, -0.5864993333816528, 0.05761069059371948, -0.8060230612754822], [0.825319766998291, 0.3104935586452484, 0.46393561363220215, -0.08488091081380844], [0.9487372040748596, -0.05033009499311447, -0.13776825368404388, -0.2799723744392395], [0.9678995609283447, 0.1989573985338211, 0.07060886919498444, 0.1363844871520996], [0.03935374692082405, 0.631775438785553, -0.061171360313892365, -0.7717311978340149], [0.8502240180969238, -0.1659465879201889, -0.3801245391368866, -0.32416966557502747], [0.8671777844429016, 0.037725478410720825, 0.13165193796157837, -0.47879758477211], [0.9848256707191467, -0.16185346245765686, 0.03366828337311745, 0.05280391499400139]], "joint_names": ["Hips", "LeftUpLeg", "LeftLeg", "LeftFoot", "LeftToe", "RightUpLeg", "RightLeg", "RightFoot", "RightToe", "Spine", "Spine1", "Spine2", "Neck", "Head", "LeftShoulder", "LeftArm", "LeftForeArm", "LeftHand", "RightShoulder", "RightArm", "RightForeArm", "RightHand"]}