{"root_pos": [-32.72890853881836, 84.28630828857422, -0.679693877696991], "local_quat": [[-0.1831664890050888, 0.6720060110092163, 0.7082464694976807, -0.11508609354496002], [-0.018137333914637566, 0.16227373480796814, -0.9831689596176147, -0.0819559246301651], [0.9746954441070557, 0.06981568038463593, 0.01932954043149948, -0.21147242188453674], [0.6556987166404724, 0.033864784985780716, -0.026478590443730354, 0.753797709941864], [0.9825241565704346, -5.02567218063632e-06, 2.6528390662861057e-05, 0.18613432347774506], [0.025620009750127792, 0.28984972834587097, 0.9566545486450195, -0.011938955634832382], [0.980918824672699, 0.07964309304952621, -0.05782895162701607, -0.16766256093978882], [0.8296301364898682, 0.05081585422158241, -0.03139881044626236, 0.5551084280014038], [0.9825241565704346, 4.902654382021865e-06, -2.667604167072568e-05, 0.18613439798355103], [0.9982087016105652, -0.014088282361626625, -0.0017062874976545572, 0.05811762064695358], [0.9991785883903503, -0.028292076662182808, -0.002189099555835128, 0.02892398275434971], [0.9992550611495972, -0.028284788131713867, -0.002280206885188818, 0.02615024894475937], [0.9963948130607605, -0.004860205110162497, -0.08439592272043228, -0.007127911783754826], [0.9963192939758301, -0.055294979363679886, 0.06438928842544556, 0.012002263218164444], [-0.0018085596384480596, -0.5903996825218201, 0.01555567141622305, -0.8069589138031006], [0.9035975933074951, 0.042482662945985794, 0.31967005133628845, -0.2819882333278656], [0.8955861926078796, -0.044649459421634674, -0.1308901011943817, -0.42284661531448364], [0.9519892930984497, 0.2867666184902191, -0.07011943310499191, 0.08101994544267654], [0.028239233419299126, 0.5973883271217346, -0.05187106132507324, -0.7997742295265198], [0.8570350408554077, -0.2943645715713501, -0.4080415964126587, -0.11109516024589539], [0.9468169212341309, 0.026932528242468834, 0.1242588683962822, -0.2955871820449829], [0.9924309253692627, -0.0941205844283104, 0.026094799861311913, 0.07443700730800629]], "joint_names": ["Hips", "LeftUpLeg", "LeftLeg", "LeftFoot", "LeftToe", "RightUpLeg", "RightLeg", "RightFoot", "RightToe", "Spine", "Spine1", "Spine2", "Neck", "Head", "LeftShoulder", "LeftArm", "LeftForeArm", "LeftHand", "RightShoulder", "RightArm", "RightForeArm", "RightHand"]}