{"root_pos": [-34.1424446105957, 84.73206329345703, 63.757503509521484], "local_quat": [[0.613039493560791, 0.28258952498435974, 0.3395983576774597, 0.6549797654151917], [-0.10300984978675842, -0.2784148156642914, -0.9538619518280029, -0.044958118349313736], [0.9315058588981628, -0.013662000186741352, 0.043962590396404266, -0.36080068349838257], [0.7610706686973572, -0.011694096960127354, 0.015877265483140945, 0.6483689546585083], [0.9825241565704346, -5.0150210881838575e-06, 2.6565936423139647e-05, 0.18613432347774506], [0.06921754032373428, 0.026419436559081078, 0.9941118359565735, -0.0790712833404541], [0.7996604442596436, -0.04127289727330208, -0.04215694218873978, -0.5975468158721924], [0.8796320557594299, 0.03554050624370575, 0.06016366556286812, 0.47049376368522644], [0.9825240969657898, 4.9246773414779454e-06, -2.669851528480649e-05, 0.1861344575881958], [0.997608482837677, 0.009794396348297596, -0.00993884727358818, 0.0676923394203186], [0.9984529614448547, 0.018702305853366852, -0.02069981023669243, 0.04809482768177986], [0.998582661151886, 0.018769660964608192, -0.020637422800064087, 0.04532317444682121], [0.9944972395896912, 0.03709300607442856, -0.05786779150366783, -0.07905907928943634], [0.9989678263664246, 0.0006684623076580465, 0.04430670663714409, -0.00997328944504261], [0.02784808538854122, -0.5733325481414795, 0.05043560266494751, -0.8172944188117981], [0.8358122706413269, 0.2628248631954193, 0.4678286910057068, -0.11608998477458954], [0.9977278709411621, 0.00011350475688232109, -0.021020449697971344, -0.06400680541992188], [0.9129464030265808, 0.35947296023368835, 0.15518151223659515, 0.11500641703605652], [0.0038619490806013346, 0.6020764708518982, -0.022832874208688736, -0.7981023788452148], [0.8629993200302124, -0.25109371542930603, -0.3975308835506439, -0.184805229306221], [0.9221283793449402, 0.03927787393331528, 0.13987934589385986, -0.3585665225982666], [0.9893143177032471, -0.1165476068854332, 0.056411705911159515, 0.06701676547527313]], "joint_names": ["Hips", "LeftUpLeg", "LeftLeg", "LeftFoot", "LeftToe", "RightUpLeg", "RightLeg", "RightFoot", "RightToe", "Spine", "Spine1", "Spine2", "Neck", "Head", "LeftShoulder", "LeftArm", "LeftForeArm", "LeftHand", "RightShoulder", "RightArm", "RightForeArm", "RightHand"]}