{"root_pos": [-81.4048843383789, 82.52677154541016, -7.160930156707764], "local_quat": [[0.0334048867225647, 0.6897120475769043, 0.7232230305671692, 0.011395064182579517], [0.011286038905382156, 0.08784887194633484, -0.9952824711799622, -0.039598409086465836], [0.8552255630493164, 0.011313840746879578, 0.07820624858140945, -0.5121962428092957], [0.7957542538642883, -0.05979344993829727, -0.08320403099060059, 0.5968893766403198], [0.9813521504402161, -0.00411894079297781, -0.0014696036232635379, 0.1921689361333847], [-0.04186159372329712, 0.24798265099525452, 0.9675034880638123, -0.026251835748553276], [0.9441662430763245, 0.011207914911210537, -0.01306166686117649, -0.3290194869041443], [0.7696603536605835, 0.020398112013936043, 0.016027335077524185, 0.6379263401031494], [0.9830439686775208, -0.0002813425089698285, 0.005789932794868946, 0.1832783818244934], [0.9967151880264282, -0.016577893868088722, 0.010844001546502113, 0.07852674275636673], [0.9975807666778564, -0.028552576899528503, 0.018181482329964638, 0.06071871891617775], [0.9978085160255432, -0.024264907464385033, 0.016435151919722557, 0.059322770684957504], [0.9929853677749634, -0.013869544491171837, 0.10040347278118134, -0.060882940888404846], [0.9946700930595398, 0.049053873866796494, -0.08936561644077301, -0.01545867882668972], [0.0008637247374281287, -0.5940473079681396, 0.011677145026624203, -0.804344892501831], [0.8530960083007812, 0.24802879989147186, 0.39492231607437134, -0.23397719860076904], [0.9233404994010925, -0.045621275901794434, -0.14495818316936493, -0.3526304066181183], [0.9919062256813049, 0.10675515234470367, -0.013151893392205238, 0.0674717128276825], [0.013081061653792858, 0.5829339623451233, -0.032545316964387894, -0.8117620944976807], [0.8504700660705566, -0.23294368386268616, -0.429732084274292, -0.194340318441391], [0.9793156981468201, 0.007873591035604477, 0.04542990028858185, -0.19701480865478516], [0.9366012811660767, -0.33968016505241394, -0.004026023671030998, 0.08590270578861237]], "joint_names": ["Hips", "LeftUpLeg", "LeftLeg", "LeftFoot", "LeftToe", "RightUpLeg", "RightLeg", "RightFoot", "RightToe", "Spine", "Spine1", "Spine2", "Neck", "Head", "LeftShoulder", "LeftArm", "LeftForeArm", "LeftHand", "RightShoulder", "RightArm", "RightForeArm", "RightHand"]}