{"root_pos": [-65.35343933105469, 86.65083312988281, -4.010853290557861], "local_quat": [[0.02072051912546158, 0.6839274764060974, 0.7291880249977112, -0.009930798783898354], [0.0436999574303627, -0.13567085564136505, -0.9892436861991882, -0.0328734926879406], [0.8017456531524658, 0.008461401797831059, 0.0727931559085846, -0.593155562877655], [0.8165847659111023, -0.032775890082120895, -0.0473821684718132, 0.5743431448936462], [0.9805038571357727, -0.00705091143026948, -0.0009394721710123122, 0.19637112319469452], [-0.043143462389707565, 0.08876443654298782, 0.9946408271789551, -0.0308087021112442], [0.9707013964653015, 0.018475379794836044, 0.0006878259009681642, -0.23957674205303192], [0.7706955075263977, 0.016295911744236946, 0.009802291169762611, 0.6369196772575378], [0.9833319187164307, -0.0011480051325634122, 0.008493800647556782, 0.18161749839782715], [0.996508777141571, -0.009868768975138664, 0.011995486915111542, 0.08203043043613434], [0.9979689121246338, -0.012562641873955727, 0.01633693464100361, 0.06027824804186821], [0.9982451796531677, -0.003198271384462714, 0.010279260575771332, 0.05822943150997162], [0.9952167272567749, -0.014742220751941204, 0.08300598710775375, -0.04935969039797783], [0.9951058626174927, 0.04428201913833618, -0.08814193308353424, -0.005851141642779112], [0.006155470386147499, -0.5938343405723572, 0.017665447667241096, -0.8043699264526367], [0.8358204364776611, 0.2900031805038452, 0.41173020005226135, -0.21858760714530945], [0.9437962770462036, -0.04148583486676216, -0.14301826059818268, -0.29508212208747864], [0.9929826855659485, 0.08931784331798553, 0.014587110839784145, 0.07612450420856476], [0.0014780318597331643, 0.6028744578361511, -0.023313090205192566, -0.7974939942359924], [0.869011402130127, -0.14456140995025635, -0.3843780755996704, -0.2759975790977478], [0.9414653778076172, 0.012146295979619026, 0.03946075215935707, -0.33457180857658386], [0.936098575592041, -0.3454338610172272, 0.02745112031698227, 0.060343146324157715]], "joint_names": ["Hips", "LeftUpLeg", "LeftLeg", "LeftFoot", "LeftToe", "RightUpLeg", "RightLeg", "RightFoot", "RightToe", "Spine", "Spine1", "Spine2", "Neck", "Head", "LeftShoulder", "LeftArm", "LeftForeArm", "LeftHand", "RightShoulder", "RightArm", "RightForeArm", "RightHand"]}