{"root_pos": [-90.20231628417969, 80.83209991455078, -8.929494857788086], "local_quat": [[0.02837338112294674, 0.7003546357154846, 0.7127889394760132, 0.02510787360370159], [-0.02209164947271347, 0.1769595444202423, -0.9833475947380066, -0.034997809678316116], [0.9331510066986084, 0.005241356790065765, 0.059410303831100464, -0.35450270771980286], [0.7268332242965698, -0.04880458489060402, -0.06890707463026047, 0.6816035509109497], [0.9818440675735474, -0.002601221203804016, -0.0011127154575660825, 0.18966858088970184], [-0.03690345585346222, 0.3142561614513397, 0.9484774470329285, -0.016481943428516388], [0.9577846527099609, 0.009119467809796333, -0.01403907872736454, -0.28699907660484314], [0.7776660919189453, 0.030454756692051888, 0.030606770887970924, 0.6271930932998657], [0.9828097224235535, -0.00016959020285867155, 0.003765614703297615, 0.18458279967308044], [0.9971538186073303, -0.016941824927926064, 0.005157738924026489, 0.07328489422798157], [0.9979304671287537, -0.0320463627576828, 0.010335146449506283, 0.05478191003203392], [0.9980637431144714, -0.031095007434487343, 0.009503211826086044, 0.05302496254444122], [0.9921348690986633, -0.012030797079205513, 0.104987233877182, -0.06709140539169312], [0.9949119091033936, 0.04980358108878136, -0.08541559427976608, -0.019341185688972473], [-0.0005649799131788313, -0.5991359353065491, 0.011696633882820606, -0.8005617260932922], [0.8622201681137085, 0.2424226552248001, 0.3820337653160095, -0.22772316634655], [0.9196594953536987, -0.044159404933452606, -0.14330658316612244, -0.3629593849182129], [0.9914711117744446, 0.10961104184389114, -0.022543827071785927, 0.06679955869913101], [0.019534120336174965, 0.577545166015625, -0.039456263184547424, -0.8151707053184509], [0.8448382019996643, -0.24706223607063293, -0.44833850860595703, -0.1555672585964203], [0.9812555909156799, 0.0047372374683618546, 0.042587071657180786, -0.18788661062717438], [0.937254786491394, -0.33713898062705994, -0.012633292935788631, 0.08792748302221298]], "joint_names": ["Hips", "LeftUpLeg", "LeftLeg", "LeftFoot", "LeftToe", "RightUpLeg", "RightLeg", "RightFoot", "RightToe", "Spine", "Spine1", "Spine2", "Neck", "Head", "LeftShoulder", "LeftArm", "LeftForeArm", "LeftHand", "RightShoulder", "RightArm", "RightForeArm", "RightHand"]}