{"root_pos": [-69.46724700927734, 85.82634735107422, -4.752239227294922], "local_quat": [[0.025219378992915154, 0.6847000122070312, 0.7283627390861511, -0.006132837384939194], [0.046464212238788605, -0.0757317841053009, -0.995430052280426, -0.034996453672647476], [0.7897496819496155, 0.01038556918501854, 0.07859000563621521, -0.6082854270935059], [0.8244748711585999, -0.041416268795728683, -0.05743429809808731, 0.5614509582519531], [0.9806998372077942, -0.006397727876901627, -0.0011109956540167332, 0.19541122019290924], [-0.04287336394190788, 0.12604033946990967, 0.9905067086219788, -0.03423609957098961], [0.9624223709106445, 0.01746523380279541, -0.0037302293349057436, -0.2709689438343048], [0.771682620048523, 0.016627125442028046, 0.009230716153979301, 0.6357234120368958], [0.9832730889320374, -0.000868583912961185, 0.007897231727838516, 0.18196402490139008], [0.99651700258255, -0.012103396467864513, 0.012284215539693832, 0.08158749341964722], [0.9978284239768982, -0.01726999320089817, 0.017376631498336792, 0.06114041432738304], [0.99811851978302, -0.008776913397014141, 0.012522921897470951, 0.05937676876783371], [0.994781494140625, -0.015417697839438915, 0.08761657774448395, -0.04995393007993698], [0.9949686527252197, 0.04509047046303749, -0.08912944793701172, -0.007757855579257011], [0.004259719513356686, -0.5928690433502197, 0.015549703501164913, -0.8051373958587646], [0.8384564518928528, 0.284464567899704, 0.409042090177536, -0.2208057940006256], [0.9397852420806885, -0.04244707524776459, -0.14354214072227478, -0.3072417676448822], [0.9929301738739014, 0.09191404283046722, 0.009681603871285915, 0.0744832456111908], [0.004229943733662367, 0.5977534055709839, -0.0254029780626297, -0.8012663125991821], [0.8655954003334045, -0.16657572984695435, -0.3971826732158661, -0.25542718172073364], [0.9546704888343811, 0.011165713891386986, 0.04170864447951317, -0.29451656341552734], [0.9367952942848206, -0.342542827129364, 0.019253557547926903, 0.06861799955368042]], "joint_names": ["Hips", "LeftUpLeg", "LeftLeg", "LeftFoot", "LeftToe", "RightUpLeg", "RightLeg", "RightFoot", "RightToe", "Spine", "Spine1", "Spine2", "Neck", "Head", "LeftShoulder", "LeftArm", "LeftForeArm", "LeftHand", "RightShoulder", "RightArm", "RightForeArm", "RightHand"]}