{"root_pos": [-104.87608337402344, 82.40383911132812, -11.962236404418945], "local_quat": [[0.031182147562503815, 0.7169691920280457, 0.6951436996459961, 0.041928984224796295], [-0.05313999578356743, 0.16480836272239685, -0.9841873049736023, -0.03727969899773598], [0.9758809804916382, -0.015249145217239857, 0.0495406799018383, -0.2120600789785385], [0.6806154251098633, -0.026427121832966805, -0.010898362845182419, 0.7320830225944519], [0.9823785424232483, -0.0006086538196541369, -0.00011789158452302217, 0.18690139055252075], [-0.016650155186653137, 0.3696984648704529, 0.9289020895957947, -0.0136672118678689], [0.9735183119773865, 0.010370106436312199, -0.019656622782349586, -0.2275262027978897], [0.788145899772644, 0.04711486026644707, 0.04770849272608757, 0.6118252277374268], [0.982581615447998, -0.00022717982938047498, 0.0008166392799466848, 0.18582960963249207], [0.9977006912231445, -0.011146782897412777, -0.0014205299085006118, 0.0668361634016037], [0.9986516237258911, -0.022189483046531677, -0.002080913633108139, 0.046886179596185684], [0.9987446665763855, -0.022261934354901314, -0.0025033699348568916, 0.04480177164077759], [0.9938498735427856, -0.013091376051306725, 0.09000951051712036, -0.06316254287958145], [0.9964082837104797, 0.04171503707766533, -0.07077036052942276, -0.020539088174700737], [0.0019021885236725211, -0.598185658454895, 0.019442198798060417, -0.8011193871498108], [0.8689741492271423, 0.260332316160202, 0.3761900067329407, -0.18865856528282166], [0.922673761844635, -0.03900999203324318, -0.13938763737678528, -0.35738256573677063], [0.9914504885673523, 0.10778243839740753, -0.023238027468323708, 0.06977684050798416], [0.019204754382371902, 0.5765233039855957, -0.039739638566970825, -0.8158878087997437], [0.832819938659668, -0.28495845198631287, -0.45669084787368774, -0.12900780141353607], [0.9853104948997498, 0.003717054147273302, 0.042589716613292694, -0.1653348058462143], [0.9392657279968262, -0.33039572834968567, -0.011751229874789715, 0.09208899736404419]], "joint_names": ["Hips", "LeftUpLeg", "LeftLeg", "LeftFoot", "LeftToe", "RightUpLeg", "RightLeg", "RightFoot", "RightToe", "Spine", "Spine1", "Spine2", "Neck", "Head", "LeftShoulder", "LeftArm", "LeftForeArm", "LeftHand", "RightShoulder", "RightArm", "RightForeArm", "RightHand"]}