{"root_pos": [-73.862060546875, 84.84072875976562, -5.500078201293945], "local_quat": [[0.029313795268535614, 0.6843259334564209, 0.7285799980163574, -0.0031308333855122328], [0.04615170508623123, -0.015069357119500637, -0.9981749653816223, -0.03591202199459076], [0.7928551435470581, 0.01181002613157034, 0.08245045691728592, -0.6036913394927979], [0.8287252187728882, -0.0506354421377182, -0.06912832707166672, 0.5530567169189453], [0.9809134006500244, -0.005644620396196842, -0.0012983034830540419, 0.194358691573143], [-0.04157853126525879, 0.16470429301261902, 0.9849403500556946, -0.03219205141067505], [0.9533045291900635, 0.015106916427612305, -0.007107714656740427, -0.30154865980148315], [0.7709464430809021, 0.01731191575527191, 0.011075814254581928, 0.6365683674812317], [0.983205258846283, -0.0005586339975707233, 0.007233904208987951, 0.18235896527767181], [0.996543824672699, -0.014256984926760197, 0.012381034903228283, 0.08089397102594376], [0.9976823329925537, -0.021985504776239395, 0.018349332734942436, 0.061723317950963974], [0.997969925403595, -0.014581902883946896, 0.01477567758411169, 0.06020898371934891], [0.9942115545272827, -0.015695711597800255, 0.09289460629224777, -0.05164894089102745], [0.9947950839996338, 0.04630162939429283, -0.09016858041286469, -0.010425404645502567], [0.0027603174094110727, -0.591913640499115, 0.013793391175568104, -0.8058786988258362], [0.8415201306343079, 0.2759869694709778, 0.4080891013145447, -0.22167204320430756], [0.9344606399536133, -0.043536391109228134, -0.1438891738653183, -0.3227749168872833], [0.9926961660385132, 0.09683597832918167, 0.0023990366607904434, 0.071912981569767], [0.007336713373661041, 0.5919408798217773, -0.027919713407754898, -0.8054642677307129], [0.8603219389915466, -0.19113528728485107, -0.4103848338127136, -0.23430278897285461], [0.9660830497741699, 0.010237383656203747, 0.04391583800315857, -0.25426384806632996], [0.9370002150535583, -0.3406733274459839, 0.011491430923342705, 0.07642175257205963]], "joint_names": ["Hips", "LeftUpLeg", "LeftLeg", "LeftFoot", "LeftToe", "RightUpLeg", "RightLeg", "RightFoot", "RightToe", "Spine", "Spine1", "Spine2", "Neck", "Head", "LeftShoulder", "LeftArm", "LeftForeArm", "LeftHand", "RightShoulder", "RightArm", "RightForeArm", "RightHand"]}