{"root_pos": [-86.28003692626953, 81.53456115722656, -7.93549108505249], "local_quat": [[0.030437521636486053, 0.6945087313652039, 0.7186095118522644, 0.018208635970950127], [-0.0068559469655156136, 0.1353389024734497, -0.9900674223899841, -0.03745391219854355], [0.8966963887214661, 0.010478881187736988, 0.06871376186609268, -0.43715476989746094], [0.761939287185669, -0.056655459105968475, -0.08259744197130203, 0.6398565173149109], [0.9816226959228516, -0.003234933828935027, -0.0014084891881793737, 0.19079945981502533], [-0.04096169024705887, 0.284584105014801, 0.957552969455719, -0.02064760960638523], [0.9485881924629211, 0.010103046894073486, -0.014536061324179173, -0.31601735949516296], [0.7724589705467224, 0.024327745661139488, 0.021150724962353706, 0.6342459917068481], [0.9829238653182983, -0.00012035960389766842, 0.0047218650579452515, 0.18395209312438965], [0.9968629479408264, -0.017037419602274895, 0.00818975456058979, 0.076856330037117], [0.9976610541343689, -0.03094000369310379, 0.014807267114520073, 0.05912673473358154], [0.9978523254394531, -0.028404125943779945, 0.013600315898656845, 0.057437606155872345], [0.9924080967903137, -0.01284696999937296, 0.10354270786046982, -0.0651155412197113], [0.9947100281715393, 0.04989701509475708, -0.08787897974252701, -0.018430711701512337], [-0.00016485212836414576, -0.5963212847709656, 0.011015151627361774, -0.8026703596115112], [0.8577263355255127, 0.24283453822135925, 0.38739070296287537, -0.23508581519126892], [0.9208038449287415, -0.04564938321709633, -0.1449112445116043, -0.3592171370983124], [0.99161297082901, 0.10902680456638336, -0.018748093396425247, 0.06682323664426804], [0.01631702296435833, 0.579352080821991, -0.03581272438168526, -0.81412672996521], [0.8467248678207397, -0.24108730256557465, -0.44058212637901306, -0.1755601167678833], [0.9809231162071228, 0.006355206947773695, 0.0443049781024456, -0.18917331099510193], [0.9368155002593994, -0.3386382758617401, -0.009146028198301792, 0.08727709949016571]], "joint_names": ["Hips", "LeftUpLeg", "LeftLeg", "LeftFoot", "LeftToe", "RightUpLeg", "RightLeg", "RightFoot", "RightToe", "Spine", "Spine1", "Spine2", "Neck", "Head", "LeftShoulder", "LeftArm", "LeftForeArm", "LeftHand", "RightShoulder", "RightArm", "RightForeArm", "RightHand"]}