{"root_pos": [-77.78358459472656, 83.67890167236328, -6.282760143280029], "local_quat": [[0.0333394780755043, 0.6854854822158813, 0.7273072600364685, 0.004710068926215172], [0.03167249634861946, 0.03494712710380554, -0.9981541037559509, -0.038260530680418015], [0.8133125901222229, 0.011001662351191044, 0.08389608561992645, -0.5756415128707886], [0.8203480839729309, -0.05816517770290375, -0.07747041434049606, 0.5635992288589478], [0.9811281561851501, -0.004891561344265938, -0.001448390306904912, 0.19329117238521576], [-0.0407969132065773, 0.20462654531002045, 0.9776395559310913, -0.026163283735513687], [0.9458744525909424, 0.012458885088562965, -0.009862525388598442, -0.3241434693336487], [0.7708864212036133, 0.01789151504635811, 0.013372223824262619, 0.6365808844566345], [0.9831381440162659, -0.0003770685289055109, 0.00655103987082839, 0.18274691700935364], [0.9965963363647461, -0.015661895275115967, 0.01214127242565155, 0.08001849055290222], [0.9975807070732117, -0.025475189089775085, 0.01895665004849434, 0.06184060499072075], [0.9978448748588562, -0.01941830851137638, 0.016425183042883873, 0.06048783287405968], [0.9936167001724243, -0.015733089298009872, 0.0970509797334671, -0.055311739444732666], [0.994735062122345, 0.04702387750148773, -0.09000010043382645, -0.01381694059818983], [0.0015837152022868395, -0.5923420786857605, 0.012490913271903992, -0.8055881261825562], [0.8466920852661133, 0.2629781663417816, 0.4036293923854828, -0.2259162813425064], [0.9289957284927368, -0.04469645395874977, -0.14444875717163086, -0.3377925455570221], [0.9922940731048584, 0.10222215950489044, -0.005387752316892147, 0.06981461495161057], [0.010096710175275803, 0.5873831510543823, -0.030160771682858467, -0.8086838126182556], [0.8564988374710083, -0.21252764761447906, -0.4184267818927765, -0.21485061943531036], [0.974300742149353, 0.0092433150857687, 0.0454302541911602, -0.2204282432794571], [0.9365972876548767, -0.34054553508758545, 0.002694006310775876, 0.08250314742326736]], "joint_names": ["Hips", "LeftUpLeg", "LeftLeg", "LeftFoot", "LeftToe", "RightUpLeg", "RightLeg", "RightFoot", "RightToe", "Spine", "Spine1", "Spine2", "Neck", "Head", "LeftShoulder", "LeftArm", "LeftForeArm", "LeftHand", "RightShoulder", "RightArm", "RightForeArm", "RightHand"]}