{"root_pos": [-95.06298065185547, 81.00347900390625, -10.107955932617188], "local_quat": [[0.028949173167347908, 0.705280601978302, 0.707560658454895, 0.03315200284123421], [-0.03392438963055611, 0.17764101922512054, -0.9829327464103699, -0.033701442182064056], [0.9552026391029358, -0.0011554162483662367, 0.05263131111860275, -0.2912326753139496], [0.6999042630195618, -0.03891760855913162, -0.04858612269163132, 0.7115186452865601], [0.982049286365509, -0.0019659583922475576, -0.0007539028883911669, 0.18861250579357147], [-0.028863800689578056, 0.3457809388637543, 0.9377976655960083, -0.01174650713801384], [0.9681366682052612, 0.009562934748828411, -0.014132385142147541, -0.24984033405780792], [0.7837557792663574, 0.03686608374118805, 0.038956787437200546, 0.6187488436698914], [0.9827276468276978, -0.0002533268998377025, 0.0027647924143821, 0.18503683805465698], [0.9974460601806641, -0.014983072876930237, 0.002532364334911108, 0.06978840380907059], [0.9983007311820984, -0.028991321101784706, 0.005610496271401644, 0.05023612454533577], [0.9983912110328674, -0.02890295721590519, 0.004897279664874077, 0.04853387549519539], [0.9925435781478882, -0.011908410117030144, 0.10141690820455551, -0.06655915826559067], [0.9953998923301697, 0.047694940119981766, -0.08084627240896225, -0.01918647438287735], [0.0005439953529275954, -0.5995667576789856, 0.014809194020926952, -0.8001875281333923], [0.8658991456031799, 0.24621088802814484, 0.380127876996994, -0.21237127482891083], [0.9188140630722046, -0.04206301271915436, -0.14118583500385284, -0.3661663234233856], [0.9914556741714478, 0.1093188226222992, -0.023769497871398926, 0.06708256900310516], [0.02054852619767189, 0.5769688487052917, -0.040905170142650604, -0.8154823184013367], [0.840309202671051, -0.2628052830696106, -0.45299598574638367, -0.14003019034862518], [0.9833692908287048, 0.003776611527428031, 0.0421600267291069, -0.17661592364311218], [0.9385951161384583, -0.332576721906662, -0.0149138905107975, 0.09060601145029068]], "joint_names": ["Hips", "LeftUpLeg", "LeftLeg", "LeftFoot", "LeftToe", "RightUpLeg", "RightLeg", "RightFoot", "RightToe", "Spine", "Spine1", "Spine2", "Neck", "Head", "LeftShoulder", "LeftArm", "LeftForeArm", "LeftHand", "RightShoulder", "RightArm", "RightForeArm", "RightHand"]}