{"root_pos": [-100.35582733154297, 81.62315368652344, -11.228076934814453], "local_quat": [[0.030169542878866196, 0.7102896571159363, 0.702195405960083, 0.03872990235686302], [-0.043356865644454956, 0.1749582588672638, -0.9829810261726379, -0.035468362271785736], [0.9687211513519287, -0.008741655386984348, 0.05001398175954819, -0.24290244281291962], [0.6842241287231445, -0.0307425819337368, -0.026672758162021637, 0.7281351685523987], [0.982238233089447, -0.0012634863378480077, -0.00041549865272827446, 0.1876331865787506], [-0.02158951573073864, 0.3641791343688965, 0.9310209155082703, -0.01036871038377285], [0.9722676873207092, 0.010637315921485424, -0.01714443415403366, -0.23299895226955414], [0.7891684770584106, 0.04351028427481651, 0.044474974274635315, 0.6110172271728516], [0.9826493859291077, -0.00025450001703575253, 0.001706131617538631, 0.1854647547006607], [0.9976290464401245, -0.012877793051302433, 0.0002491784398443997, 0.0676044300198555], [0.998542308807373, -0.025380996987223625, 0.0011537463869899511, 0.04762136563658714], [0.9986233711242676, -0.02562251128256321, 0.0005902674747630954, 0.045764315873384476], [0.9932246804237366, -0.012299283407628536, 0.09596588462591171, -0.06437458842992783], [0.9959239959716797, 0.04489365592598915, -0.0756954476237297, -0.019747022539377213], [0.0014665215276181698, -0.5991690754890442, 0.017628133296966553, -0.8004270792007446], [0.8676328063011169, 0.2543553411960602, 0.3786258399486542, -0.19788657128810883], [0.9203289151191711, -0.040139611810445786, -0.1397055834531784, -0.36313316226005554], [0.9914065599441528, 0.10902603715658188, -0.023650849238038063, 0.06831517815589905], [0.02019154652953148, 0.5769151449203491, -0.04078774154186249, -0.8155352473258972], [0.8361921906471252, -0.27593621611595154, -0.45530498027801514, -0.13167844712734222], [0.9843794107437134, 0.003520029364153743, 0.04210397228598595, -0.17091546952724457], [0.9389640688896179, -0.33135005831718445, -0.013793105259537697, 0.09145098924636841]], "joint_names": ["Hips", "LeftUpLeg", "LeftLeg", "LeftFoot", "LeftToe", "RightUpLeg", "RightLeg", "RightFoot", "RightToe", "Spine", "Spine1", "Spine2", "Neck", "Head", "LeftShoulder", "LeftArm", "LeftForeArm", "LeftHand", "RightShoulder", "RightArm", "RightForeArm", "RightHand"]}