{"root_pos": [-31.450441360473633, 83.5642318725586, -1.2017524242401123], "local_quat": [[0.003547962289303541, 0.6777565479278564, 0.735210120677948, -0.009974326007068157], [0.0019257881212979555, -0.21226583421230316, -0.9771929979324341, 0.005777448881417513], [0.9910911917686462, -0.03170214965939522, 0.021981926634907722, -0.1274757981300354], [0.8200793266296387, -0.008293714374303818, 0.0008629292715340853, 0.5721891522407532], [0.9788945317268372, -0.010277839377522469, -0.002504316857084632, 0.20409217476844788], [-0.011025246232748032, -0.13934668898582458, 0.9901356101036072, -0.00961646530777216], [0.9797322154045105, 0.004697222262620926, 0.01913546212017536, -0.19934023916721344], [0.7162562608718872, 0.00038490898441523314, 0.01076367124915123, 0.6977542042732239], [0.9837465882301331, -0.0004016649618279189, 0.014743735082447529, 0.1789555549621582], [0.9967625141143799, 0.002565896837040782, 0.008946561254560947, 0.07986098527908325], [0.998455286026001, 0.016281813383102417, 0.002597929211333394, 0.05305829644203186], [0.9983349442481995, 0.02811524271965027, -0.00652072811499238, 0.04994378238916397], [0.9984557628631592, 0.013001940213143826, 0.049117304384708405, -0.022459726780653], [0.9941195249557495, 0.060179051011800766, -0.08589883893728256, -0.026948168873786926], [0.037245411425828934, -0.5888064503669739, 0.04376044124364853, -0.806228756904602], [0.8367424607276917, 0.3170548677444458, 0.42534339427948, -0.13572494685649872], [0.9524356126785278, -0.039767347276210785, -0.13889843225479126, -0.268313467502594], [0.9917778968811035, 0.10418234765529633, 0.020150454714894295, 0.07153084129095078], [-0.00901050865650177, 0.622629702091217, -0.016154495999217033, -0.7822979092597961], [0.8738180994987488, -0.08181971311569214, -0.3602178394794464, -0.31621289253234863], [0.8808329701423645, 0.02093416638672352, 0.04013178497552872, -0.47125840187072754], [0.9315040111541748, -0.3531988561153412, 0.08191771805286407, 0.02899036556482315]], "joint_names": ["Hips", "LeftUpLeg", "LeftLeg", "LeftFoot", "LeftToe", "RightUpLeg", "RightLeg", "RightFoot", "RightToe", "Spine", "Spine1", "Spine2", "Neck", "Head", "LeftShoulder", "LeftArm", "LeftForeArm", "LeftHand", "RightShoulder", "RightArm", "RightForeArm", "RightHand"]}