{"root_pos": [-26.572938919067383, 82.56303405761719, -1.2454577684402466], "local_quat": [[0.002281475579366088, 0.6755743622779846, 0.7372756600379944, -0.004330107010900974], [-0.009964441880583763, -0.1999605894088745, -0.9797487854957581, 0.0029769393149763346], [0.9871947765350342, -0.03198270499706268, 0.021868912503123283, -0.15474312007427216], [0.8236479163169861, 0.0005818766076117754, 0.012087459675967693, 0.5669723153114319], [0.9786667227745056, -0.01114738266915083, -0.0029684416949748993, 0.20513014495372772], [-0.002721001161262393, -0.14353474974632263, 0.9894855618476868, -0.01757238246500492], [0.9683569073677063, -0.002886303700506687, 0.018854735419154167, -0.24883945286273956], [0.7358059287071228, 0.0023965088184922934, 0.02372105047106743, 0.6767725944519043], [0.9838278293609619, -0.0003879043797496706, 0.01602116972208023, 0.1783987134695053], [0.9968531727790833, 0.0015121969627216458, 0.006850202102214098, 0.07895900309085846], [0.9984766244888306, 0.015265999361872673, -0.003597867675125599, 0.052900880575180054], [0.9982891082763672, 0.027064479887485504, -0.012081386521458626, 0.05040310323238373], [0.9986251592636108, 0.018713541328907013, 0.04638597369194031, -0.01568652130663395], [0.9936710000038147, 0.06544103473424911, -0.08599702268838882, -0.030658256262540817], [0.03901112824678421, -0.587781548500061, 0.0439835861325264, -0.8068807721138], [0.8363989591598511, 0.31878232955932617, 0.4245854914188385, -0.1361684948205948], [0.952522337436676, -0.04035313427448273, -0.1390499770641327, -0.26783934235572815], [0.9915422201156616, 0.10746727883815765, 0.017597544938325882, 0.07060519605875015], [-0.008558671921491623, 0.6226691007614136, -0.016197990626096725, -0.7822707891464233], [0.8710745573043823, -0.08462553471326828, -0.37073248624801636, -0.3108455538749695], [0.8832473754882812, 0.02118140272796154, 0.04073929414153099, -0.46665382385253906], [0.9326045513153076, -0.3508816063404083, 0.07871004194021225, 0.030587604269385338]], "joint_names": ["Hips", "LeftUpLeg", "LeftLeg", "LeftFoot", "LeftToe", "RightUpLeg", "RightLeg", "RightFoot", "RightToe", "Spine", "Spine1", "Spine2", "Neck", "Head", "LeftShoulder", "LeftArm", "LeftForeArm", "LeftHand", "RightShoulder", "RightArm", "RightForeArm", "RightHand"]}