{"root_pos": [-56.719696044921875, 87.45459747314453, -2.6147992610931396], "local_quat": [[0.012075048871338367, 0.682400107383728, 0.7306850552558899, -0.016842540353536606], [0.031367089599370956, -0.2008230984210968, -0.9789472818374634, -0.018665827810764313], [0.8572416305541992, -0.0014011544408276677, 0.06170862913131714, -0.5112014412879944], [0.8026934862136841, -0.023230483755469322, -0.030400237068533897, 0.5951632261276245], [0.9801053404808044, -0.008086809888482094, -0.0006731373141519725, 0.1983119547367096], [-0.03743525221943855, 0.017590409144759178, 0.9990136027336121, -0.016156896948814392], [0.9806140661239624, 0.01960834302008152, 0.008189627900719643, -0.19479376077651978], [0.7609910368919373, 0.01367262750864029, 0.008446638472378254, 0.6485632061958313], [0.9834296703338623, -0.0014939329121261835, 0.009711520746350288, 0.181023508310318], [0.9965687990188599, -0.005314558278769255, 0.011454028077423573, 0.08179963380098343], [0.9982192516326904, -0.0031294599175453186, 0.014632012695074081, 0.05774581804871559], [0.9984222054481506, 0.007490622811019421, 0.006527455989271402, 0.055265508592128754], [0.9960476160049438, -0.01272310595959425, 0.07487895339727402, -0.04604727402329445], [0.995420515537262, 0.04287455230951309, -0.08522685617208481, -0.005993853788822889], [0.011813185177743435, -0.5941082835197449, 0.023496592417359352, -0.8039549589157104], [0.8329130411148071, 0.29494020342826843, 0.4188937246799469, -0.20927086472511292], [0.9487008452415466, -0.040042780339717865, -0.1420585662126541, -0.2796114981174469], [0.9931071400642395, 0.08743177354335785, 0.016237100586295128, 0.07635616511106491], [-0.0033157856669276953, 0.6106712818145752, -0.019560229033231735, -0.7916356325149536], [0.8714804649353027, -0.11668771505355835, -0.36548978090286255, -0.30548813939094543], [0.9204740524291992, 0.014521908015012741, 0.03788626194000244, -0.3886917233467102], [0.935182511806488, -0.34722986817359924, 0.05154300108551979, 0.04699387401342392]], "joint_names": ["Hips", "LeftUpLeg", "LeftLeg", "LeftFoot", "LeftToe", "RightUpLeg", "RightLeg", "RightFoot", "RightToe", "Spine", "Spine1", "Spine2", "Neck", "Head", "LeftShoulder", "LeftArm", "LeftForeArm", "LeftHand", "RightShoulder", "RightArm", "RightForeArm", "RightHand"]}