{"root_pos": [-22.094865798950195, 81.82389831542969, -1.2910425662994385], "local_quat": [[0.0005317486939020455, 0.6714052557945251, 0.7410750985145569, 0.0047240895219147205], [-0.01863579824566841, -0.19098828732967377, -0.9814137816429138, -0.0017991161439567804], [0.9760618209838867, -0.031793054193258286, 0.024330127984285355, -0.21377702057361603], [0.8201757073402405, 0.013800731860101223, 0.030277758836746216, 0.5711432695388794], [0.9784664511680603, -0.012065005488693714, -0.003314091358333826, 0.20602627098560333], [0.005708675365895033, -0.14191760122776031, 0.9895015358924866, -0.026711124926805496], [0.9509189128875732, -0.010072682984173298, 0.016675321385264397, -0.3088262379169464], [0.7630395293235779, 0.006885371636599302, 0.03851193189620972, 0.6451666951179504], [0.9839112758636475, -0.0005099005065858364, 0.01715622842311859, 0.17783160507678986], [0.9969691634178162, 0.0008129153284244239, 0.00463875150308013, 0.07765538990497589], [0.9984648823738098, 0.014740707352757454, -0.010248567909002304, 0.05239880084991455], [0.9981940984725952, 0.026508886367082596, -0.01808018796145916, 0.05078167840838432], [0.998665452003479, 0.023822076618671417, 0.04456455633044243, -0.010664056986570358], [0.9932528138160706, 0.07040233910083771, -0.0857028216123581, -0.03387164697051048], [0.040180761367082596, -0.5856306552886963, 0.043888840824365616, -0.8083909153938293], [0.8344783782958984, 0.3217902183532715, 0.4247652590274811, -0.14025476574897766], [0.9534642100334167, -0.04062642902135849, -0.13921186327934265, -0.2643395960330963], [0.9913113713264465, 0.1099322959780693, 0.015468845143914223, 0.07055053114891052], [-0.008050544187426567, 0.6225524544715881, -0.016107559204101562, -0.7823708057403564], [0.868648111820221, -0.08789920061826706, -0.38226690888404846, -0.30264875292778015], [0.8896331787109375, 0.02133457362651825, 0.04163077473640442, -0.45427367091178894], [0.9343624114990234, -0.34670865535736084, 0.07509950548410416, 0.03346937149763107]], "joint_names": ["Hips", "LeftUpLeg", "LeftLeg", "LeftFoot", "LeftToe", "RightUpLeg", "RightLeg", "RightFoot", "RightToe", "Spine", "Spine1", "Spine2", "Neck", "Head", "LeftShoulder", "LeftArm", "LeftForeArm", "LeftHand", "RightShoulder", "RightArm", "RightForeArm", "RightHand"]}