{"root_pos": [-35.88991928100586, 84.36961364746094, -1.246248722076416], "local_quat": [[0.0024499937426298857, 0.6784135699272156, 0.7345307469367981, -0.014617988839745522], [0.009226909838616848, -0.2170809656381607, -0.9761012196540833, 0.004148222040385008], [0.9891502261161804, -0.030526017770171165, 0.024790195748209953, -0.14154675602912903], [0.8129650354385376, -0.013416233472526073, -0.005421003792434931, 0.5821326375007629], [0.9791141152381897, -0.009696426801383495, -0.0020062890835106373, 0.20307010412216187], [-0.0180544164031744, -0.12571921944618225, 0.9918867349624634, -0.005421334411948919], [0.984451413154602, 0.009865477681159973, 0.018479090183973312, -0.17440365254878998], [0.7112694382667542, 0.0016224213177338243, 0.005265512969344854, 0.7028979063034058], [0.9836813807487488, -0.0005968900513835251, 0.013619055040180683, 0.17940223217010498], [0.9966655373573303, 0.002561169443652034, 0.010303905233740807, 0.08090154081583023], [0.9983972907066345, 0.015217979438602924, 0.007004695478826761, 0.05405633524060249], [0.9983545541763306, 0.026931557804346085, -0.0025298830587416887, 0.05056200921535492], [0.9981676340103149, 0.006307751871645451, 0.053037144243717194, -0.02843642048537731], [0.9946269989013672, 0.05422069877386093, -0.08473193645477295, -0.024451078847050667], [0.03365451842546463, -0.5901963114738464, 0.041477568447589874, -0.8054907321929932], [0.8369436860084534, 0.3142811357975006, 0.4242303669452667, -0.14415651559829712], [0.9522426724433899, -0.03934330493211746, -0.13899551331996918, -0.2690098285675049], [0.9920540452003479, 0.10068930685520172, 0.021255970001220703, 0.0723782628774643], [-0.008731395937502384, 0.6220410466194153, -0.016509059816598892, -0.7827618718147278], [0.8759630918502808, -0.07948336005210876, -0.35379764437675476, -0.3181168735027313], [0.8816376328468323, 0.020304398611187935, 0.03956669196486473, -0.46982690691947937], [0.9312355518341064, -0.35348981618881226, 0.08372621983289719, 0.028901416808366776]], "joint_names": ["Hips", "LeftUpLeg", "LeftLeg", "LeftFoot", "LeftToe", "RightUpLeg", "RightLeg", "RightFoot", "RightToe", "Spine", "Spine1", "Spine2", "Neck", "Head", "LeftShoulder", "LeftArm", "LeftForeArm", "LeftHand", "RightShoulder", "RightArm", "RightForeArm", "RightHand"]}