{"root_pos": [-60.94026184082031, 87.16883087158203, -3.362299919128418], "local_quat": [[0.015930840745568275, 0.6832294464111328, 0.7298951745033264, -0.014029090292751789], [0.039092086255550385, -0.18077749013900757, -0.9823746681213379, -0.027043409645557404], [0.8235347867012024, 0.004992310423403978, 0.06694259494543076, -0.5632798671722412], [0.8091076612472534, -0.026074349880218506, -0.0380602665245533, 0.5858467817306519], [0.9802968502044678, -0.007637526839971542, -0.0007685527089051902, 0.19738075137138367], [-0.04100874811410904, 0.0523541159927845, 0.9975070953369141, -0.02359928749501705], [0.9764890074729919, 0.01901927962899208, 0.004908689763396978, -0.2146703600883484], [0.7665691375732422, 0.015772204846143723, 0.010599726811051369, 0.6418805122375488], [0.9833863973617554, -0.0013911129208281636, 0.009138567373156548, 0.18128888309001923], [0.9965412020683289, -0.00736102694645524, 0.011805560439825058, 0.08192703872919083], [0.9981111884117126, -0.0073850518092513084, 0.015612010844051838, 0.0589555986225605], [0.9983504414558411, 0.0026948547456413507, 0.008427592925727367, 0.05672848969697952], [0.9956696033477783, -0.013895435258746147, 0.0785025879740715, -0.04781458526849747], [0.9952831268310547, 0.04338901862502098, -0.08662717789411545, -0.004971356131136417], [0.008777047507464886, -0.5940895080566406, 0.020476805046200752, -0.8040903210639954], [0.8340502381324768, 0.292207807302475, 0.41548362374305725, -0.2152862846851349], [0.9464255571365356, -0.04078082740306854, -0.14259441196918488, -0.28684911131858826], [0.9930675029754639, 0.08787059038877487, 0.01600123755633831, 0.07641689479351044], [-0.0012527317740023136, 0.607127845287323, -0.021093133836984634, -0.7943231463432312], [0.8702623248100281, -0.12883077561855316, -0.37331023812294006, -0.2944242060184479], [0.9299179315567017, 0.013239813037216663, 0.03813697770237923, -0.3655446171760559], [0.935669481754303, -0.3467569053173065, 0.03835317865014076, 0.0530216246843338]], "joint_names": ["Hips", "LeftUpLeg", "LeftLeg", "LeftFoot", "LeftToe", "RightUpLeg", "RightLeg", "RightFoot", "RightToe", "Spine", "Spine1", "Spine2", "Neck", "Head", "LeftShoulder", "LeftArm", "LeftForeArm", "LeftHand", "RightShoulder", "RightArm", "RightForeArm", "RightHand"]}