{"root_pos": [-40.03291702270508, 85.28256225585938, -1.5176146030426025], "local_quat": [[0.0007460230845026672, 0.6790454387664795, 0.7338529825210571, -0.018880795687437057], [0.015185895375907421, -0.2200532704591751, -0.9753686785697937, 0.0013764484319835901], [0.9817835092544556, -0.02697147987782955, 0.02931026928126812, -0.18578077852725983], [0.8051003217697144, -0.015897389501333237, -0.010222593322396278, 0.5928375124931335], [0.9793195724487305, -0.009352212771773338, -0.0015491339145228267, 0.20209698379039764], [-0.023270415142178535, -0.10109633952379227, 0.9945904016494751, -0.005300245247781277], [0.9851687550544739, 0.01349648181349039, 0.016424041241407394, -0.17026646435260773], [0.7204079627990723, 0.0037135814782232046, 0.0026962184347212315, 0.6935352683067322], [0.9836281538009644, -0.0008655035053379834, 0.012696055695414543, 0.17976048588752747], [0.9966540336608887, 0.001627279445528984, 0.01079417485743761, 0.08100402355194092], [0.9983991980552673, 0.012342137284576893, 0.009629430249333382, 0.05434919521212578], [0.9984188079833984, 0.02374967187643051, 3.958658635383472e-05, 0.05094911903142929], [0.997752845287323, 9.404247066413518e-06, 0.0578622967004776, -0.03378157690167427], [0.9951120615005493, 0.04907485097646713, -0.08308159559965134, -0.021008720621466637], [0.029154635965824127, -0.5911362767219543, 0.038103219121694565, -0.8051434755325317], [0.8366116881370544, 0.3114375174045563, 0.4218970835208893, -0.15839964151382446], [0.9521026611328125, -0.03917374834418297, -0.13948538899421692, -0.2692762315273285], [0.9922744631767273, 0.09768588840961456, 0.021457089111208916, 0.07340549677610397], [-0.007748303934931755, 0.619892954826355, -0.017272934317588806, -0.7844579815864563], [0.8762431740760803, -0.08385943621397018, -0.3550397455692291, -0.3148210048675537], [0.8876616954803467, 0.019219055771827698, 0.03908354043960571, -0.4584319293498993], [0.9319537281990051, -0.351563960313797, 0.0831490308046341, 0.03084205463528633]], "joint_names": ["Hips", "LeftUpLeg", "LeftLeg", "LeftFoot", "LeftToe", "RightUpLeg", "RightLeg", "RightFoot", "RightToe", "Spine", "Spine1", "Spine2", "Neck", "Head", "LeftShoulder", "LeftArm", "LeftForeArm", "LeftHand", "RightShoulder", "RightArm", "RightForeArm", "RightHand"]}