{"root_pos": [-48.38685607910156, 87.0735855102539, -1.8761063814163208], "local_quat": [[0.0037034954875707626, 0.6809136867523193, 0.7320363521575928, -0.02157822996377945], [0.022945042699575424, -0.21542960405349731, -0.9762399792671204, -0.004366530571132898], [0.93440842628479, -0.015747250989079475, 0.04695884510874748, -0.3527432084083557], [0.7955011129379272, -0.021474095061421394, -0.02102835848927498, 0.6052062511444092], [0.9797250032424927, -0.008834483101963997, -0.0008326586103066802, 0.2001505047082901], [-0.030545080080628395, -0.04212762415409088, 0.9986144304275513, -0.00783709716051817], [0.985418438911438, 0.01954779215157032, 0.012024161405861378, -0.1685938537120819], [0.7469021677970886, 0.006829647347331047, -0.000874178484082222, 0.6648983359336853], [0.9835233092308044, -0.00137210579123348, 0.01104750856757164, 0.18043816089630127], [0.9966452717781067, -0.0017775138840079308, 0.011351187713444233, 0.08103226870298386], [0.9983745217323303, 0.004456212744116783, 0.013170847669243813, 0.05527127906680107], [0.9984988570213318, 0.015536029823124409, 0.0038105295971035957, 0.052384015172719955], [0.9967784881591797, -0.008853957056999207, 0.06764969229698181, -0.04216429218649864], [0.9955090284347534, 0.04355345666408539, -0.0831308662891388, -0.012419442646205425], [0.01956961676478386, -0.5929515957832336, 0.030393555760383606, -0.8044263124465942], [0.832906186580658, 0.3059566915035248, 0.4216746389865875, -0.18667685985565186], [0.9519311189651489, -0.039018414914608, -0.1406666785478592, -0.2692910134792328], [0.9928142428398132, 0.0902094915509224, 0.019962754100561142, 0.07604935765266418], [-0.0057731023989617825, 0.6153695583343506, -0.01833489164710045, -0.7880043387413025], [0.8744155168533325, -0.09749886393547058, -0.35909226536750793, -0.3113587200641632], [0.9041332006454468, 0.016959838569164276, 0.03846832364797592, -0.4251774847507477], [0.9336998462677002, -0.3482952415943146, 0.07395493984222412, 0.03775620833039284]], "joint_names": ["Hips", "LeftUpLeg", "LeftLeg", "LeftFoot", "LeftToe", "RightUpLeg", "RightLeg", "RightFoot", "RightToe", "Spine", "Spine1", "Spine2", "Neck", "Head", "LeftShoulder", "LeftArm", "LeftForeArm", "LeftHand", "RightShoulder", "RightArm", "RightForeArm", "RightHand"]}