{"root_pos": [-44.170963287353516, 86.18321228027344, -1.6919732093811035], "local_quat": [[0.00038900584331713617, 0.6802401542663574, 0.7326547503471375, -0.02214219607412815], [0.019168874248862267, -0.21673178672790527, -0.9760419726371765, -0.0013798505533486605], [0.9636917114257812, -0.02159668132662773, 0.03709836304187775, -0.2635444402694702], [0.7990924119949341, -0.01822514273226261, -0.01531248539686203, 0.600736677646637], [0.9795263409614563, -0.009095893241465092, -0.0011578944977372885, 0.20110729336738586], [-0.027112700045108795, -0.07188767939805984, 0.9970278739929199, -0.005692658014595509], [0.9855049252510071, 0.016660667955875397, 0.014377070590853691, -0.16821350157260895], [0.7338799238204956, 0.005083140917122364, 0.0003979855973739177, 0.6792600154876709], [0.9835741519927979, -0.0011381127405911684, 0.011858192272484303, 0.18011140823364258], [0.9966635704040527, 7.937890040921047e-05, 0.011281059123575687, 0.08083596080541611], [0.9984013438224792, 0.008626974187791348, 0.011942786164581776, 0.05456947907805443], [0.9984779357910156, 0.019762881100177765, 0.002385380445048213, 0.051435377448797226], [0.9972755908966064, -0.005215601995587349, 0.06278249621391296, -0.038374219089746475], [0.9954168796539307, 0.045379187911748886, -0.08243438601493835, -0.017041947692632675], [0.024371419101953506, -0.5919985771179199, 0.03436075896024704, -0.8048372864723206], [0.8347988128662109, 0.30896520614624023, 0.4212435781955719, -0.173796609044075], [0.952083170413971, -0.03907810151576996, -0.14004778861999512, -0.26906725764274597], [0.9925423264503479, 0.09399540722370148, 0.020912179723381996, 0.07474756240844727], [-0.006732600275427103, 0.6174055337905884, -0.01788526214659214, -0.7864128351211548], [0.8750603795051575, -0.0917758047580719, -0.3586423099040985, -0.3118046820163727], [0.8959791660308838, 0.018033377826213837, 0.03866269439458847, -0.44204220175743103], [0.9328629374504089, -0.34958380460739136, 0.08000631630420685, 0.03401505947113037]], "joint_names": ["Hips", "LeftUpLeg", "LeftLeg", "LeftFoot", "LeftToe", "RightUpLeg", "RightLeg", "RightFoot", "RightToe", "Spine", "Spine1", "Spine2", "Neck", "Head", "LeftShoulder", "LeftArm", "LeftForeArm", "LeftHand", "RightShoulder", "RightArm", "RightForeArm", "RightHand"]}