{"root_pos": [-52.63359832763672, 87.42701721191406, -2.117481231689453], "local_quat": [[0.007962686941027641, 0.6816754937171936, 0.7313558459281921, -0.019330279901623726], [0.026393556967377663, -0.21045172214508057, -0.9771960973739624, -0.010064556263387203], [0.8972765803337097, -0.008837796747684479, 0.05517106503248215, -0.4379187226295471], [0.7973102331161499, -0.022449320182204247, -0.025109732523560524, 0.6026291251182556], [0.9799195528030396, -0.008468544110655785, -0.0006836729007773101, 0.1992121934890747], [-0.03354115039110184, -0.013217250816524029, 0.9992866516113281, -0.01125066913664341], [0.9837867617607117, 0.020166683942079544, 0.010374274104833603, -0.1779029816389084], [0.7550343871116638, 0.009885554201900959, 0.002877843799069524, 0.6556044816970825], [0.9834731817245483, -0.001478852704167366, 0.010317763313651085, 0.18075360357761383], [0.9966138005256653, -0.0035218449775129557, 0.011322138831019402, 0.08136578649282455], [0.9983149766921997, 0.0006822454161010683, 0.013873789459466934, 0.05633952096104622], [0.9984793066978455, 0.01160688977688551, 0.0050344206392765045, 0.05365738272666931], [0.9964177012443542, -0.011007665656507015, 0.07143534719944, -0.043904539197683334], [0.9954906105995178, 0.043004002422094345, -0.08411368727684021, -0.008591807447373867], [0.015450900420546532, -0.593715250492096, 0.02687973715364933, -0.804077684879303], [0.8325296640396118, 0.2997455894947052, 0.4210674464702606, -0.19937214255332947], [0.9505910873413086, -0.0393708273768425, -0.14136658608913422, -0.27357277274131775], [0.9930212497711182, 0.08808651566505432, 0.01782125234603882, 0.07636800408363342], [-0.004732503090053797, 0.6131977438926697, -0.018764296546578407, -0.7896924018859863], [0.8727155327796936, -0.1066989153623581, -0.3618480861186981, -0.30991774797439575], [0.9122579097747803, 0.01575622148811817, 0.03811713308095932, -0.40753456950187683], [0.9344753623008728, -0.34763842821121216, 0.06434263288974762, 0.041991546750068665]], "joint_names": ["Hips", "LeftUpLeg", "LeftLeg", "LeftFoot", "LeftToe", "RightUpLeg", "RightLeg", "RightFoot", "RightToe", "Spine", "Spine1", "Spine2", "Neck", "Head", "LeftShoulder", "LeftArm", "LeftForeArm", "LeftHand", "RightShoulder", "RightArm", "RightForeArm", "RightHand"]}