{"root_pos": [-8.625752449035645, 82.08978271484375, -0.7034821510314941], "local_quat": [[-0.01881638541817665, 0.659234344959259, 0.7517015337944031, 0.0009138470632024109], [-0.03942052647471428, -0.17607371509075165, -0.9835832715034485, -0.0028290266636759043], [0.9441042542457581, -0.021633809432387352, 0.01677034981548786, -0.32850855588912964], [0.775292694568634, 0.0411142036318779, 0.05100434273481369, 0.6281954050064087], [0.9780937433242798, -0.014157271943986416, -0.0031054068822413683, 0.20765985548496246], [0.030416039749979973, -0.056594811379909515, 0.996934175491333, -0.04465744271874428], [0.8517603278160095, -0.020198186859488487, -0.006949261762201786, -0.5234960317611694], [0.8192972540855408, 0.02258249558508396, 0.05695335194468498, 0.5700862407684326], [0.9840513467788696, -0.0017034736229106784, 0.01891488768160343, 0.17686809599399567], [0.9971099495887756, 0.0004719728894997388, -0.0019427634542807937, 0.07594642788171768], [0.9982593655586243, 0.011929175816476345, -0.023509224876761436, 0.05275711044669151], [0.9978234171867371, 0.022157464176416397, -0.030898580327630043, 0.05387701094150543], [0.9982649683952332, 0.037915270775556564, 0.04440224915742874, -0.007613525725901127], [0.991692841053009, 0.0851043313741684, -0.08760767430067062, -0.040340300649404526], [0.039946816861629486, -0.583693265914917, 0.04211784154176712, -0.8098966479301453], [0.8278650641441345, 0.31858280301094055, 0.4269399344921112, -0.17568925023078918], [0.9502124190330505, -0.04178290069103241, -0.139957994222641, -0.2752494812011719], [0.9913039207458496, 0.11237047612667084, 0.007848430424928665, 0.0680280476808548], [-0.004356990102678537, 0.6177235245704651, -0.01851552352309227, -0.7861652970314026], [0.8604956865310669, -0.12112753093242645, -0.4166981875896454, -0.26690417528152466], [0.9188088178634644, 0.019697684794664383, 0.042075034230947495, -0.3919592797756195], [0.9416677951812744, -0.3285323977470398, 0.054717909544706345, 0.04831217974424362]], "joint_names": ["Hips", "LeftUpLeg", "LeftLeg", "LeftFoot", "LeftToe", "RightUpLeg", "RightLeg", "RightFoot", "RightToe", "Spine", "Spine1", "Spine2", "Neck", "Head", "LeftShoulder", "LeftArm", "LeftForeArm", "LeftHand", "RightShoulder", "RightArm", "RightForeArm", "RightHand"]}