{"root_pos": [16.641735076904297, 87.1286392211914, 5.2363505363464355], "local_quat": [[-0.1636689454317093, 0.6498526930809021, 0.7264004945755005, -0.15246745944023132], [0.01934504508972168, -0.02385426126420498, -0.9984757900238037, 0.045857012271881104], [0.965185284614563, 0.001065341755747795, -0.01028393767774105, -0.2613629400730133], [0.7461532950401306, 0.03268173336982727, -0.007345018442720175, 0.6649309992790222], [0.9778111577033997, -0.015294813551008701, -0.003133642952889204, 0.20890562236309052], [0.11544952541589737, 0.1775980144739151, 0.977302610874176, -0.0031588508281856775], [0.9069152474403381, 0.013947414234280586, -0.031077807769179344, -0.4199337661266327], [0.8018085360527039, 0.0607074573636055, 0.05710640177130699, 0.5917401313781738], [0.9839348196983337, -0.0017376462928950787, 0.019439006224274635, 0.1774582415819168], [0.9966278076171875, -0.008895855396986008, -0.008725604973733425, 0.08110283315181732], [0.9980740547180176, -0.014604088850319386, -0.021689988672733307, 0.056253377348184586], [0.9978559017181396, -0.01021549291908741, -0.028284775093197823, 0.058130621910095215], [0.995396614074707, 0.05713916942477226, 0.0769452154636383, 0.00037100634654052556], [0.9868030548095703, 0.1129383072257042, -0.10718227922916412, -0.04446068033576012], [0.028494637459516525, -0.6097391843795776, 0.02538931928575039, -0.7916826605796814], [0.8468953371047974, 0.2014375776052475, 0.4006877541542053, -0.2857280373573303], [0.8398628830909729, -0.048926617950201035, -0.12913811206817627, -0.5249378085136414], [0.9867709875106812, 0.16116316616535187, -0.008592328056693077, 0.015350460074841976], [0.013499487191438675, 0.6184031963348389, -0.03621137514710426, -0.7849102020263672], [0.8297483921051025, -0.28190675377845764, -0.45281463861465454, -0.1643323451280594], [0.9589899778366089, 0.017580609768629074, 0.0403810478746891, -0.27999722957611084], [0.9486989974975586, -0.30693286657333374, -0.0052445861510932446, 0.07572995126247406]], "joint_names": ["Hips", "LeftUpLeg", "LeftLeg", "LeftFoot", "LeftToe", "RightUpLeg", "RightLeg", "RightFoot", "RightToe", "Spine", "Spine1", "Spine2", "Neck", "Head", "LeftShoulder", "LeftArm", "LeftForeArm", "LeftHand", "RightShoulder", "RightArm", "RightForeArm", "RightHand"]}