{"root_pos": [-17.314170837402344, 81.4242935180664, -1.145889163017273], "local_quat": [[-0.0012409419286996126, 0.6667993068695068, 0.745138943195343, 0.012043184600770473], [-0.027861883863806725, -0.18009747564792633, -0.983246922492981, -0.0037600980140268803], [0.9617952108383179, -0.0288558267056942, 0.024056291207671165, -0.2711798846721649], [0.8077946305274963, 0.023665759712457657, 0.039290692657232285, 0.5876767635345459], [0.9782982468605042, -0.012977675534784794, -0.003362613031640649, 0.2067672610282898], [0.014855311252176762, -0.1359930783510208, 0.9898272752761841, -0.0390799306333065], [0.9252933263778687, -0.01519409567117691, 0.010956120677292347, -0.3787894546985626], [0.7849144339561462, 0.011557230725884438, 0.04774264991283417, 0.6176539063453674], [0.9839736223220825, -0.0008536941022612154, 0.018033446744084358, 0.1773977130651474], [0.9969621300697327, 0.00023683921608608216, 0.002861554501578212, 0.07783447951078415], [0.9983497858047485, 0.013727189972996712, -0.015217735432088375, 0.05364430323243141], [0.9980191588401794, 0.025310592725872993, -0.02283356338739395, 0.05287516862154007], [0.9985624551773071, 0.029460737481713295, 0.04384869337081909, -0.009070061147212982], [0.992563784122467, 0.0763372853398323, -0.08731628954410553, -0.03695347160100937], [0.040260858833789825, -0.5838180780410767, 0.04291214793920517, -0.80974942445755], [0.8294912576675415, 0.32652735710144043, 0.42721882462501526, -0.1510237604379654], [0.9550176858901978, -0.04072324559092522, -0.13948199152946472, -0.25851038098335266], [0.9912828803062439, 0.10967245697975159, 0.014692768454551697, 0.07151530683040619], [-0.007223871070891619, 0.6213363409042358, -0.016310056671500206, -0.7833408713340759], [0.8659954071044922, -0.09299332648515701, -0.3951568007469177, -0.29198527336120605], [0.8983149528503418, 0.02076827548444271, 0.04180333763360977, -0.4368654787540436], [0.9365931153297424, -0.34122440218925476, 0.0704132616519928, 0.03743359446525574]], "joint_names": ["Hips", "LeftUpLeg", "LeftLeg", "LeftFoot", "LeftToe", "RightUpLeg", "RightLeg", "RightFoot", "RightToe", "Spine", "Spine1", "Spine2", "Neck", "Head", "LeftShoulder", "LeftArm", "LeftForeArm", "LeftHand", "RightShoulder", "RightArm", "RightForeArm", "RightHand"]}