{"root_pos": [12.858320236206055, 87.20221710205078, 4.569789886474609], "local_quat": [[-0.14488716423511505, 0.6518551707267761, 0.7328320741653442, -0.13057442009449005], [0.006716776639223099, -0.022362370043992996, -0.9990443587303162, 0.03694793954491615], [0.9659223556518555, -0.0013091941364109516, -0.008073367178440094, -0.25870248675346375], [0.7516584396362305, 0.03603086248040199, 0.002741658128798008, 0.6585619449615479], [0.9778960943222046, -0.014883522875607014, -0.0030138709116727114, 0.20853929221630096], [0.10837314277887344, 0.1861666440963745, 0.9763748645782471, -0.017008299008011818], [0.866787850856781, 0.011540531180799007, -0.04034088924527168, -0.49690860509872437], [0.8043607473373413, 0.05525798350572586, 0.04502730071544647, 0.5898499488830566], [0.9839376211166382, -0.0017738918540999293, 0.018995748832821846, 0.17749004065990448], [0.9966915845870972, -0.0068178195506334305, -0.00932232104241848, 0.0804518610239029], [0.9980650544166565, -0.010607725009322166, -0.02397739700973034, 0.056379836052656174], [0.9978088736534119, -0.005474158097058535, -0.030530201271176338, 0.05844058841466904], [0.996103823184967, 0.054784007370471954, 0.06910551339387894, 0.0005423679831437767], [0.9879223108291626, 0.10845226794481277, -0.10255640745162964, -0.04159129038453102], [0.02983192168176174, -0.6044383645057678, 0.027331188321113586, -0.7956238985061646], [0.8422020077705383, 0.2252631038427353, 0.40695875883102417, -0.27264800667762756], [0.8635745644569397, -0.048261161893606186, -0.13249100744724274, -0.48410332202911377], [0.9877432584762573, 0.15411852300167084, -0.007859770208597183, 0.023431507870554924], [0.00961120706051588, 0.6164923906326294, -0.03165634348988533, -0.7866654396057129], [0.8331546783447266, -0.2618926465511322, -0.45023491978645325, -0.1858873814344406], [0.9571439623832703, 0.018215639516711235, 0.04137277975678444, -0.2860625982284546], [0.9471538662910461, -0.3120585083961487, 0.0006562476046383381, 0.07428739219903946]], "joint_names": ["Hips", "LeftUpLeg", "LeftLeg", "LeftFoot", "LeftToe", "RightUpLeg", "RightLeg", "RightFoot", "RightToe", "Spine", "Spine1", "Spine2", "Neck", "Head", "LeftShoulder", "LeftArm", "LeftForeArm", "LeftHand", "RightShoulder", "RightArm", "RightForeArm", "RightHand"]}