{"root_pos": [3.161151885986328, 85.00491333007812, 1.7032934427261353], "local_quat": [[-0.07505544275045395, 0.6554990410804749, 0.7490934729576111, -0.05955364927649498], [-0.02785360813140869, -0.0990908071398735, -0.9945498704910278, 0.016607103869318962], [0.9573204517364502, -0.009924680925905704, 0.0019943343941122293, -0.28885120153427124], [0.7534583806991577, 0.037681058049201965, 0.021624160930514336, 0.656058669090271], [0.9779744744300842, -0.01457233913242817, -0.00286862812936306, 0.2081954926252365], [0.06382093578577042, 0.11711646616458893, 0.9902227520942688, -0.04085954651236534], [0.782071590423584, -0.009128186851739883, -0.03496228903532028, -0.6221401691436768], [0.8139264583587646, 0.03175218030810356, 0.03853737190365791, 0.5788180232048035], [0.984015166759491, -0.0020973854698240757, 0.018942005932331085, 0.1770620048046112], [0.9968793392181396, -0.002099105855450034, -0.008298899047076702, 0.07847442477941513], [0.9980414509773254, 0.0010427224915474653, -0.027831943705677986, 0.056013576686382294], [0.9976627230644226, 0.008527610450983047, -0.03479093313217163, 0.058187372982501984], [0.9973189234733582, 0.05012216418981552, 0.053316254168748856, 3.931567334802821e-05], [0.9896676540374756, 0.10004645586013794, -0.09510519355535507, -0.03877631574869156], [0.03604762256145477, -0.5931121110916138, 0.03626243397593498, -0.8034946918487549], [0.8328499794006348, 0.28800418972969055, 0.41834741830825806, -0.2199997752904892], [0.9236918091773987, -0.04546009376645088, -0.13945631682872772, -0.3539471924304962], [0.9901893734931946, 0.12990188598632812, -0.0008703982457518578, 0.05147619917988777], [0.0014198548160493374, 0.6154143810272217, -0.023617368191480637, -0.7878485918045044], [0.8506237268447876, -0.1854461133480072, -0.432935893535614, -0.23369936645030975], [0.9451647400856018, 0.020084824413061142, 0.04440710321068764, -0.32293686270713806], [0.9450922012329102, -0.3190003037452698, 0.028702175244688988, 0.06492958217859268]], "joint_names": ["Hips", "LeftUpLeg", "LeftLeg", "LeftFoot", "LeftToe", "RightUpLeg", "RightLeg", "RightFoot", "RightToe", "Spine", "Spine1", "Spine2", "Neck", "Head", "LeftShoulder", "LeftArm", "LeftForeArm", "LeftHand", "RightShoulder", "RightArm", "RightForeArm", "RightHand"]}