{"root_pos": [9.762290954589844, 86.76348114013672, 3.614436626434326], "local_quat": [[-0.12316295504570007, 0.6535493731498718, 0.7390329241752625, -0.1073983907699585], [-0.004575407598167658, -0.02821275033056736, -0.9991428256034851, 0.02994520775973797], [0.9657010436058044, -0.004246552940458059, -0.005546461790800095, -0.25956276059150696], [0.7552177906036377, 0.038564447313547134, 0.011745165102183819, 0.6542330384254456], [0.9779332876205444, -0.01468938123434782, -0.0029343669302761555, 0.20837976038455963], [0.09667007625102997, 0.17899872362613678, 0.9786770343780518, -0.0283821988850832], [0.8254956603050232, 0.0060899872332811356, -0.04403890669345856, -0.5626548528671265], [0.8061162233352661, 0.04793904349207878, 0.03773081675171852, 0.588604211807251], [0.9839524030685425, -0.0018718361388891935, 0.018872633576393127, 0.17742033302783966], [0.9967634677886963, -0.0051550110802054405, -0.009402056224644184, 0.07967253774404526], [0.9980581998825073, -0.007044150959700346, -0.025661693885922432, 0.05631754547357559], [0.9977678060531616, -0.0012008255580440164, -0.03223264217376709, 0.05847375839948654], [0.9966510534286499, 0.052911221981048584, 0.06232650578022003, 0.0015578698366880417], [0.9887533783912659, 0.10482721775770187, -0.09898627549409866, -0.03974595293402672], [0.031825244426727295, -0.6000287532806396, 0.030103163793683052, -0.7987780570983887], [0.8386313319206238, 0.2490762323141098, 0.41133853793144226, -0.25584959983825684], [0.8863346576690674, -0.04748992994427681, -0.1354598104953766, -0.44023430347442627], [0.9886799454689026, 0.14635777473449707, -0.006726948544383049, 0.03234604746103287], [0.0064721726812422276, 0.6152858734130859, -0.028261970728635788, -0.7877705693244934], [0.8383283615112305, -0.2386302649974823, -0.4457167983055115, -0.20395512878894806], [0.9543861150741577, 0.019093774259090424, 0.042777325958013535, -0.29487740993499756], [0.9459758996963501, -0.31602826714515686, 0.00966400932520628, 0.07184981554746628]], "joint_names": ["Hips", "LeftUpLeg", "LeftLeg", "LeftFoot", "LeftToe", "RightUpLeg", "RightLeg", "RightFoot", "RightToe", "Spine", "Spine1", "Spine2", "Neck", "Head", "LeftShoulder", "LeftArm", "LeftForeArm", "LeftHand", "RightShoulder", "RightArm", "RightForeArm", "RightHand"]}