{"root_pos": [-0.6241908073425293, 83.9130630493164, 0.7137500047683716], "local_quat": [[-0.05155772343277931, 0.6562008857727051, 0.7519966959953308, -0.0352591946721077], [-0.034991949796676636, -0.13565057516098022, -0.9900975823402405, 0.009018605574965477], [0.9507273435592651, -0.01408308558166027, 0.007393007166683674, -0.3096199929714203], [0.7548690438270569, 0.03870835900306702, 0.03165028989315033, 0.6539667844772339], [0.9779994487762451, -0.014523563906550407, -0.0028808913193643093, 0.20808160305023193], [0.04940237104892731, 0.0639861524105072, 0.995792031288147, -0.04316660389304161], [0.7900655269622803, -0.014973093755543232, -0.02679591253399849, -0.6122533679008484], [0.8184452056884766, 0.027157822623848915, 0.0443529412150383, 0.5722261071205139], [0.9840433597564697, -0.0021106901112943888, 0.01899600215256214, 0.17689883708953857], [0.9969695210456848, -0.000930201611481607, -0.006609583273530006, 0.07750675082206726], [0.9980915188789368, 0.005178002640604973, -0.027395419776439667, 0.05510113388299942], [0.9976769089698792, 0.01358858123421669, -0.03454040363430977, 0.05712353065609932], [0.9976013898849487, 0.04781143367290497, 0.04993836209177971, -0.0034286389127373695], [0.9900906085968018, 0.0969274640083313, -0.09349440783262253, -0.039803918451070786], [0.037891365587711334, -0.5894350409507751, 0.03896509110927582, -0.8059852123260498], [0.8296229243278503, 0.3030940890312195, 0.42272675037384033, -0.20288391411304474], [0.9362096786499023, -0.044114019721746445, -0.1400519162416458, -0.31929776072502136], [0.9905520677566528, 0.12378400564193726, 0.0030885518062859774, 0.0589466318488121], [-0.0006276971544139087, 0.6154934763908386, -0.021823856979608536, -0.7878395318984985], [0.8552396893501282, -0.16102197766304016, -0.4276009202003479, -0.2445289045572281], [0.9379448294639587, 0.019901080057024956, 0.04395654797554016, -0.3434111773967743], [0.9448807835578918, -0.3196178376674652, 0.03767579421401024, 0.06021026521921158]], "joint_names": ["Hips", "LeftUpLeg", "LeftLeg", "LeftFoot", "LeftToe", "RightUpLeg", "RightLeg", "RightFoot", "RightToe", "Spine", "Spine1", "Spine2", "Neck", "Head", "LeftShoulder", "LeftArm", "LeftForeArm", "LeftHand", "RightShoulder", "RightArm", "RightForeArm", "RightHand"]}