{"root_pos": [6.673980712890625, 85.99964141845703, 2.694985866546631], "local_quat": [[-0.09994389116764069, 0.6542791128158569, 0.7448543906211853, -0.08439160883426666], [-0.01616336964070797, -0.05946376174688339, -0.9978263974189758, 0.02335229143500328], [0.9631140232086182, -0.0066375271417200565, -0.0026813242584466934, -0.2689984440803528], [0.7543929219245911, 0.038334913551807404, 0.015836765989661217, 0.6551114320755005], [0.9779531359672546, -0.014614137820899487, -0.002871067263185978, 0.20829270780086517], [0.08046190440654755, 0.15466023981571198, 0.9840100407600403, -0.036472272127866745], [0.7940493822097778, -0.0012035093968734145, -0.041965171694755554, -0.6064016222953796], [0.8095158934593201, 0.04012051224708557, 0.03620530664920807, 0.5846053957939148], [0.9839822053909302, -0.002012366196140647, 0.018891068175435066, 0.17725136876106262], [0.9968215823173523, -0.0033171200193464756, -0.008969176560640335, 0.07909045368432999], [0.9980528354644775, -0.0026777847670018673, -0.026813190430402756, 0.056253157556056976], [0.9977157115936279, 0.003945259377360344, -0.03358294069766998, 0.05848158523440361], [0.9970446228981018, 0.05149555578827858, 0.0569952167570591, 0.001349070924334228], [0.9893172383308411, 0.10217367857694626, -0.09652385860681534, -0.03866590932011604], [0.03418250381946564, -0.5962924361228943, 0.03346194699406624, -0.8013409376144409], [0.8358239531517029, 0.2701997756958008, 0.4149703085422516, -0.23704448342323303], [0.9068467617034912, -0.046562310308218, -0.1378757357597351, -0.39553919434547424], [0.9895698428153992, 0.13767103850841522, -0.003912542946636677, 0.04222438856959343], [0.003658703761175275, 0.6151527762413025, -0.02554519660770893, -0.7879855036735535], [0.8445454835891724, -0.2122441977262497, -0.4396718144416809, -0.21996350586414337], [0.9506499767303467, 0.019736098125576973, 0.04389580711722374, -0.30650967359542847], [0.9454537034034729, -0.31781551241874695, 0.019217342138290405, 0.06885682046413422]], "joint_names": ["Hips", "LeftUpLeg", "LeftLeg", "LeftFoot", "LeftToe", "RightUpLeg", "RightLeg", "RightFoot", "RightToe", "Spine", "Spine1", "Spine2", "Neck", "Head", "LeftShoulder", "LeftArm", "LeftForeArm", "LeftHand", "RightShoulder", "RightArm", "RightForeArm", "RightHand"]}