{"root_pos": [-12.395906448364258, 81.72879028320312, -0.9335625767707825], "local_quat": [[-0.007724878378212452, 0.6622205376625061, 0.7491701245307922, 0.01218216773122549], [-0.03233533352613449, -0.18808799982070923, -0.9816160798072815, -0.002671338152140379], [0.9509361982345581, -0.026279306039214134, 0.022500423714518547, -0.30744656920433044], [0.7884019017219543, 0.03312493488192558, 0.04865127056837082, 0.6123383641242981], [0.9781591892242432, -0.013714677654206753, -0.003207940375432372, 0.20737940073013306], [0.023413995280861855, -0.10890860855579376, 0.9927310943603516, -0.0455593504011631], [0.8884204626083374, -0.018345171585679054, 0.001736653270199895, -0.45866063237190247], [0.807794988155365, 0.01810336671769619, 0.05445754900574684, 0.5866633057594299], [0.9840264320373535, -0.0013443606439977884, 0.01866699941456318, 0.17703604698181152], [0.9970697164535522, 0.0005535449599847198, 0.0005475233192555606, 0.07649431377649307], [0.9983153343200684, 0.013586798682808876, -0.020017234608530998, 0.05273809656500816], [0.9979016780853271, 0.02470993623137474, -0.02750164084136486, 0.053155142813920975], [0.9985118508338928, 0.03295702487230301, 0.042616017162799835, -0.00847439095377922], [0.9923819303512573, 0.07952749729156494, -0.08603480458259583, -0.038097552955150604], [0.04059223830699921, -0.5822519063949585, 0.042829010635614395, -0.8108640909194946], [0.8273129463195801, 0.32509928941726685, 0.428324431180954, -0.16248664259910583], [0.9532305598258972, -0.04125809669494629, -0.13989926874637604, -0.26472142338752747], [0.9912530183792114, 0.11135094612836838, 0.01145115029066801, 0.06990782916545868], [-0.00626659020781517, 0.619385302066803, -0.01679498702287674, -0.7848824858665466], [0.8629080057144165, -0.10597104579210281, -0.40730100870132446, -0.27976012229919434], [0.9100769758224487, 0.02008243091404438, 0.04198189452290535, -0.41181808710098267], [0.9394335150718689, -0.3341626226902008, 0.06280865520238876, 0.04307136312127113]], "joint_names": ["Hips", "LeftUpLeg", "LeftLeg", "LeftFoot", "LeftToe", "RightUpLeg", "RightLeg", "RightFoot", "RightToe", "Spine", "Spine1", "Spine2", "Neck", "Head", "LeftShoulder", "LeftArm", "LeftForeArm", "LeftHand", "RightShoulder", "RightArm", "RightForeArm", "RightHand"]}