{"root_pos": [-4.657369613647461, 82.88941192626953, -0.09989011287689209], "local_quat": [[-0.031525008380413055, 0.657051146030426, 0.7530531883239746, -0.01417346391826868], [-0.038429416716098785, -0.16170288622379303, -0.9860886931419373, 0.0021180177573114634], [0.9435663223266602, -0.01777457259595394, 0.01309466827660799, -0.33044692873954773], [0.7656683325767517, 0.039386458694934845, 0.04091539606451988, 0.6407235860824585], [0.9780362844467163, -0.014414400793612003, -0.0029765432700514793, 0.20791445672512054], [0.03890584036707878, 0.005035256966948509, 0.9982522130012512, -0.044197484850883484], [0.8174798488616943, -0.01828266680240631, -0.01711844652891159, -0.575412392616272], [0.8197467923164368, 0.023261098191142082, 0.04940247908234596, 0.570117175579071], [0.984058141708374, -0.001970190554857254, 0.019018471240997314, 0.1768161654472351], [0.9970750212669373, 6.293648766586557e-05, -0.004304736386984587, 0.07630789279937744], [0.9981886744499207, 0.009237660095095634, -0.0258384607732296, 0.053539618849754333], [0.9977460503578186, 0.018617426976561546, -0.033146437257528305, 0.05529497563838959], [0.9979537129402161, 0.04343379661440849, 0.04648587480187416, -0.006399034522473812], [0.9908478260040283, 0.09155884385108948, -0.09066899120807648, -0.04021119698882103], [0.039358656853437424, -0.5860722064971924, 0.04109792411327362, -0.8082582354545593], [0.8279659152030945, 0.31371447443962097, 0.42543888092041016, -0.18723608553409576], [0.944827139377594, -0.042782336473464966, -0.14005260169506073, -0.29301297664642334], [0.9909626841545105, 0.11742009222507477, 0.006175431422889233, 0.0645548552274704], [-0.002826553536579013, 0.616291344165802, -0.01974637620151043, -0.7872655391693115], [0.8586541414260864, -0.13940806686878204, -0.42158743739128113, -0.2560127079486847], [0.9295708537101746, 0.01967739313840866, 0.043177202343940735, -0.36557701230049133], [0.9439805150032043, -0.3221326470375061, 0.045945264399051666, 0.05495839565992355]], "joint_names": ["Hips", "LeftUpLeg", "LeftLeg", "LeftFoot", "LeftToe", "RightUpLeg", "RightLeg", "RightFoot", "RightToe", "Spine", "Spine1", "Spine2", "Neck", "Head", "LeftShoulder", "LeftArm", "LeftForeArm", "LeftHand", "RightShoulder", "RightArm", "RightForeArm", "RightHand"]}