{"root_pos": [42.24906921386719, 82.60983276367188, 6.213935852050781], "local_quat": [[-0.23529551923274994, 0.6229507327079773, 0.6998673677444458, -0.25836804509162903], [0.09788012504577637, -0.11308377981185913, -0.986595630645752, 0.06527368724346161], [0.8230302929878235, -0.016096508130431175, 0.051580771803855896, -0.5654215812683105], [0.7787196040153503, -0.011620932258665562, -0.017259348183870316, 0.6270269155502319], [0.9763423800468445, -0.018143603578209877, -0.006895441561937332, 0.21535737812519073], [0.07809475809335709, 0.10756681114435196, 0.9911209344863892, 0.0031359060667455196], [0.923794150352478, 0.018057595938444138, -0.007307005114853382, -0.3823935389518738], [0.7292322516441345, 0.04045548290014267, 0.043458446860313416, 0.6816853880882263], [0.984402596950531, -0.000394883390981704, 0.025579161942005157, 0.17406044900417328], [0.9963886141777039, -0.017774175852537155, 0.010082579217851162, 0.08241428434848785], [0.9976643919944763, -0.022117529064416885, 0.013134423643350601, 0.06327825784683228], [0.9976346492767334, -0.013872542418539524, 0.004460688214749098, 0.06717699766159058], [0.9927013516426086, 0.05600982531905174, 0.10556402802467346, 0.01622067764401436], [0.9810922145843506, 0.12422210723161697, -0.12870876491069794, -0.07389823347330093], [0.04347808286547661, -0.6131638884544373, 0.03363652527332306, -0.7880406975746155], [0.843669593334198, 0.15370574593544006, 0.4400270879268646, -0.266406387090683], [0.8411485552787781, -0.05913570523262024, -0.13883286714553833, -0.519324004650116], [0.9923698306083679, 0.12002983689308167, -0.02105068229138851, 0.018759386613965034], [0.024692082777619362, 0.6267239451408386, -0.05399308726191521, -0.7769762277603149], [0.8464863300323486, -0.27608150243759155, -0.4367351531982422, -0.12846121191978455], [0.9527768492698669, 0.022881818935275078, 0.04857644438743591, -0.29888638854026794], [0.9517898559570312, -0.2984859049320221, 0.0074311429634690285, 0.07033538073301315]], "joint_names": ["Hips", "LeftUpLeg", "LeftLeg", "LeftFoot", "LeftToe", "RightUpLeg", "RightLeg", "RightFoot", "RightToe", "Spine", "Spine1", "Spine2", "Neck", "Head", "LeftShoulder", "LeftArm", "LeftForeArm", "LeftHand", "RightShoulder", "RightArm", "RightForeArm", "RightHand"]}