{"root_pos": [36.061614990234375, 82.33621978759766, 6.731106281280518], "local_quat": [[-0.2345784604549408, 0.6315129399299622, 0.6991035342216492, -0.23962172865867615], [0.08366802334785461, -0.03976533189415932, -0.9928852319717407, 0.0748147964477539], [0.8976434469223022, -0.0016977406339719892, 0.01830190233886242, -0.44033896923065186], [0.7397858500480652, 0.011121981777250767, -0.02422691509127617, 0.6723141074180603], [0.9769089818000793, -0.017407935112714767, -0.005609665531665087, 0.21287165582180023], [0.09689564257860184, 0.1413479596376419, 0.985028088092804, 0.018754351884126663], [0.9464494585990906, 0.013940486125648022, -0.004813219420611858, -0.32251495122909546], [0.7574340105056763, 0.05749836936593056, 0.07301151007413864, 0.646263837814331], [0.9841728806495667, -0.0008865545969456434, 0.023706719279289246, 0.17561596632003784], [0.996332585811615, -0.017359111458063126, 0.00392121309414506, 0.08369410783052444], [0.9977303147315979, -0.024906659498810768, 0.0032206622418016195, 0.06247807294130325], [0.9976746439933777, -0.020325342193245888, -0.004228618927299976, 0.06491801887750626], [0.9928905367851257, 0.057492684572935104, 0.10411617159843445, 0.004774808883666992], [0.9821060299873352, 0.12308522313833237, -0.12385564297437668, -0.07055123895406723], [0.03642594814300537, -0.6181347966194153, 0.027668410912156105, -0.7847400307655334], [0.8563050627708435, 0.13141760230064392, 0.4101446270942688, -0.28504815697669983], [0.796848714351654, -0.054467152804136276, -0.1271541863679886, -0.5881302952766418], [0.9891363978385925, 0.14610376954078674, -0.015592631883919239, 0.004463188350200653], [0.025029078125953674, 0.6274740695953369, -0.051962193101644516, -0.7764983773231506], [0.8368311524391174, -0.30040109157562256, -0.44268468022346497, -0.1162029355764389], [0.9603414535522461, 0.020963940769433975, 0.04609384015202522, -0.274190217256546], [0.9515239596366882, -0.2977801561355591, -0.011318403296172619, 0.07616429030895233]], "joint_names": ["Hips", "LeftUpLeg", "LeftLeg", "LeftFoot", "LeftToe", "RightUpLeg", "RightLeg", "RightFoot", "RightToe", "Spine", "Spine1", "Spine2", "Neck", "Head", "LeftShoulder", "LeftArm", "LeftForeArm", "LeftHand", "RightShoulder", "RightArm", "RightForeArm", "RightHand"]}