{"root_pos": [44.533687591552734, 83.71654510498047, 5.83140754699707], "local_quat": [[-0.23861922323703766, 0.6192030906677246, 0.6989446878433228, -0.26669225096702576], [0.09550753980875015, -0.16576369106769562, -0.9803104996681213, 0.048908818513154984], [0.7945661544799805, -0.02189965546131134, 0.060553599148988724, -0.6037535071372986], [0.793512761592865, -0.016458235681056976, -0.010842839255928993, 0.6082344055175781], [0.9760929346084595, -0.018587583675980568, -0.007421612739562988, 0.2164301574230194], [0.06879139691591263, 0.09096615761518478, 0.9934407472610474, -0.008269327692687511], [0.9279925227165222, 0.021500349044799805, -0.007050869986414909, -0.37191104888916016], [0.7299030423164368, 0.041538938879966736, 0.04057549685239792, 0.6810798048973083], [0.9845185875892639, -0.00017960149853024632, 0.026347486302256584, 0.17328843474388123], [0.9965355396270752, -0.015932274982333183, 0.011587265878915787, 0.08080092817544937], [0.9978545308113098, -0.01717679761350155, 0.014955704100430012, 0.06138104572892189], [0.9977915287017822, -0.007057791110128164, 0.005208736285567284, 0.06584107130765915], [0.9932528138160706, 0.05280028656125069, 0.101203553378582, 0.0204622745513916], [0.9819517731666565, 0.12019767612218857, -0.12600849568843842, -0.0737910270690918], [0.04744758456945419, -0.6115407347679138, 0.03794796019792557, -0.7888767123222351], [0.8387901782989502, 0.17382824420928955, 0.45169612765312195, -0.24937011301517487], [0.8641242980957031, -0.060410141944885254, -0.14363472163677216, -0.4785485863685608], [0.9936236143112183, 0.10762984305620193, -0.01957550086081028, 0.02728957124054432], [0.022860879078507423, 0.6286686658859253, -0.05331335589289665, -0.7755067944526672], [0.8531503677368164, -0.2610321044921875, -0.4277833104133606, -0.1449074149131775], [0.9442983269691467, 0.024060634896159172, 0.048791270703077316, -0.32456305623054504], [0.9513714909553528, -0.3006386458873749, 0.019870128482580185, 0.06413956731557846]], "joint_names": ["Hips", "LeftUpLeg", "LeftLeg", "LeftFoot", "LeftToe", "RightUpLeg", "RightLeg", "RightFoot", "RightToe", "Spine", "Spine1", "Spine2", "Neck", "Head", "LeftShoulder", "LeftArm", "LeftForeArm", "LeftHand", "RightShoulder", "RightArm", "RightForeArm", "RightHand"]}