{"root_pos": [46.71210861206055, 84.75647735595703, 5.356719493865967], "local_quat": [[-0.24356599152088165, 0.6180546283721924, 0.6949402689933777, -0.275212824344635], [0.08389607071876526, -0.21811071038246155, -0.9718819856643677, 0.02888837829232216], [0.7759162783622742, -0.028516696766018867, 0.06562492251396179, -0.626764714717865], [0.7996113300323486, -0.021072689443826675, -0.0066533503122627735, 0.6001111268997192], [0.9758554697036743, -0.019088316708803177, -0.007893051952123642, 0.21743859350681305], [0.058246221393346786, 0.06525029242038727, 0.9959502220153809, -0.02080458216369152], [0.9356226921081543, 0.024421947076916695, -0.005738632753491402, -0.35210907459259033], [0.7350718975067139, 0.04995037987828255, 0.04891035705804825, 0.6743752956390381], [0.9846279621124268, -5.5876857913972344e-06, 0.027111805975437164, 0.1725476235151291], [0.9967236518859863, -0.013086731545627117, 0.01270067598670721, 0.078800268471241], [0.9981018900871277, -0.0103613818064332, 0.015970325097441673, 0.05856773629784584], [0.9979721307754517, 0.0013480024645105004, 0.004726814106106758, 0.06346283853054047], [0.99392169713974, 0.04911038279533386, 0.0961378738284111, 0.021573122590780258], [0.9831013679504395, 0.11511096358299255, -0.12214086949825287, -0.07309379428625107], [0.051688265055418015, -0.6103246808052063, 0.0426374115049839, -0.789312481880188], [0.8335198163986206, 0.20250652730464935, 0.4615245461463928, -0.2263423502445221], [0.887405514717102, -0.061211057007312775, -0.14802919328212738, -0.43226391077041626], [0.994774580001831, 0.09406283497810364, -0.014434335753321648, 0.036976929754018784], [0.020778723061084747, 0.6317870616912842, -0.05224601551890373, -0.7731000185012817], [0.8602548837661743, -0.24207332730293274, -0.4156821668148041, -0.16902805864810944], [0.9304794669151306, 0.02525799535214901, 0.047961071133613586, -0.36231160163879395], [0.9496507048606873, -0.3067914545536041, 0.03225436806678772, 0.05479328706860542]], "joint_names": ["Hips", "LeftUpLeg", "LeftLeg", "LeftFoot", "LeftToe", "RightUpLeg", "RightLeg", "RightFoot", "RightToe", "Spine", "Spine1", "Spine2", "Neck", "Head", "LeftShoulder", "LeftArm", "LeftForeArm", "LeftHand", "RightShoulder", "RightArm", "RightForeArm", "RightHand"]}