{"root_pos": [49.58119201660156, 85.65269470214844, 4.766594886779785], "local_quat": [[-0.24739907681941986, 0.620281994342804, 0.6898236870765686, -0.27961987257003784], [0.06437452137470245, -0.2680222690105438, -0.9612008333206177, 0.010626213625073433], [0.764968752861023, -0.035116489976644516, 0.06878236681222916, -0.6394205689430237], [0.7972752451896667, -0.02615349367260933, -0.005747984163463116, 0.6030216217041016], [0.9755972623825073, -0.01968369260430336, -0.008302751928567886, 0.21852600574493408], [0.050298865884542465, 0.03622271865606308, 0.9973651766777039, -0.03769039735198021], [0.9439922571182251, 0.02717318758368492, -0.004339761100709438, -0.3288182020187378], [0.737697958946228, 0.05880791321396828, 0.05834842473268509, 0.6700289845466614], [0.9847283363342285, 8.29389609862119e-05, 0.027986304834485054, 0.17183400690555573], [0.9968664646148682, -0.009286100044846535, 0.013223869726061821, 0.07743488252162933], [0.9982876181602478, -0.0019322384614497423, 0.015742400661110878, 0.05630415678024292], [0.9980428814888, 0.011162497103214264, 0.0028273737989366055, 0.06146407872438431], [0.9947037100791931, 0.044850558042526245, 0.0901542380452156, 0.02062273770570755], [0.9846233129501343, 0.10887638479471207, -0.11686401814222336, -0.07075019925832748], [0.05617835745215416, -0.6087736487388611, 0.0473601259291172, -0.7899338603019714], [0.8290046453475952, 0.2341679334640503, 0.46773090958595276, -0.19784952700138092], [0.9063498377799988, -0.061629749834537506, -0.15147794783115387, -0.3895975351333618], [0.9956594705581665, 0.08072502166032791, -0.008249655365943909, 0.04557988420128822], [0.017847474664449692, 0.636356770992279, -0.05000896006822586, -0.769565224647522], [0.8697767853736877, -0.21517370641231537, -0.3973807096481323, -0.19818459451198578], [0.9138169884681702, 0.02655629999935627, 0.046781498938798904, -0.4025478959083557], [0.9468078017234802, -0.3159150779247284, 0.041461315006017685, 0.045095574110746384]], "joint_names": ["Hips", "LeftUpLeg", "LeftLeg", "LeftFoot", "LeftToe", "RightUpLeg", "RightLeg", "RightFoot", "RightToe", "Spine", "Spine1", "Spine2", "Neck", "Head", "LeftShoulder", "LeftArm", "LeftForeArm", "LeftHand", "RightShoulder", "RightArm", "RightForeArm", "RightHand"]}