{"root_pos": [28.881816864013672, 84.46431732177734, 6.699546813964844], "local_quat": [[-0.2177363485097885, 0.6413177251815796, 0.7032655477523804, -0.21614809334278107], [0.05345968157052994, -0.0037686137948185205, -0.9961925148963928, 0.06876245886087418], [0.9443578124046326, 0.002551071345806122, -0.0033902486320585012, -0.32889243960380554], [0.7293369174003601, 0.023652488365769386, -0.024259572848677635, 0.6833152770996094], [0.9773657321929932, -0.016746964305639267, -0.004328213166445494, 0.2108485847711563], [0.10969312489032745, 0.15972113609313965, 0.9809128046035767, 0.01633022353053093], [0.9683231711387634, 0.01744389533996582, -0.006532246246933937, -0.2490045577287674], [0.7897690534591675, 0.07208722829818726, 0.08737319707870483, 0.6028550863265991], [0.9840094447135925, -0.0014224968617781997, 0.021771466359496117, 0.17677491903305054], [0.9964496493339539, -0.015819957479834557, -0.003385452553629875, 0.08262240886688232], [0.9979568123817444, -0.02520923502743244, -0.009800873696804047, 0.05788394436240196], [0.9978600740432739, -0.02220250479876995, -0.01642576791346073, 0.05926772952079773], [0.9934513568878174, 0.06065734103322029, 0.09681928157806396, 0.0010616747895255685], [0.9835297465324402, 0.12231608480215073, -0.11858250945806503, -0.060384057462215424], [0.030957208946347237, -0.6215357184410095, 0.024520210921764374, -0.7823897004127502], [0.8634129166603088, 0.14022818207740784, 0.38618355989456177, -0.29277369379997253], [0.7801806926727295, -0.05072794854640961, -0.12090013921260834, -0.6116600036621094], [0.9854438900947571, 0.16985291242599487, -0.007005529478192329, -0.001150773256085813], [0.023871054872870445, 0.6276260018348694, -0.04896032065153122, -0.776607096195221], [0.8294792175292969, -0.31342291831970215, -0.4493807852268219, -0.1085686907172203], [0.9588871002197266, 0.018886780366301537, 0.041764017194509506, -0.2800617516040802], [0.9517584443092346, -0.29658201336860657, -0.01754094287753105, 0.07672809809446335]], "joint_names": ["Hips", "LeftUpLeg", "LeftLeg", "LeftFoot", "LeftToe", "RightUpLeg", "RightLeg", "RightFoot", "RightToe", "Spine", "Spine1", "Spine2", "Neck", "Head", "LeftShoulder", "LeftArm", "LeftForeArm", "LeftHand", "RightShoulder", "RightArm", "RightForeArm", "RightHand"]}