{"root_pos": [32.56040954589844, 83.14323425292969, 6.5180983543396], "local_quat": [[-0.22782449424266815, 0.6383444666862488, 0.6988240480422974, -0.22859826683998108], [0.0699281170964241, -0.0067021194845438, -0.9949113130569458, 0.0722263753414154], [0.9273688197135925, 0.0018170105759054422, 0.0032291908282786608, -0.3741301894187927], [0.7285788655281067, 0.023694951087236404, -0.019585326313972473, 0.6842717528343201], [0.9771570563316345, -0.01712758094072342, -0.004904388450086117, 0.21177029609680176], [0.10488002002239227, 0.15609747171401978, 0.981989324092865, 0.01818673126399517], [0.960168182849884, 0.016497360542416573, -0.0064604030922055244, -0.27886030077934265], [0.7785890698432922, 0.07003509998321533, 0.08595511317253113, 0.6176617741584778], [0.9840760827064514, -0.0012006472097709775, 0.02272116392850876, 0.17628532648086548], [0.9964795112609863, -0.01708933711051941, -0.0006115511641837656, 0.0820736363530159], [0.9979154467582703, -0.026265045627951622, -0.004580351989716291, 0.05876995250582695], [0.9978252053260803, -0.022926459088921547, -0.011447913013398647, 0.060729607939720154], [0.9931055903434753, 0.059161849319934845, 0.10115743428468704, 0.0028796580154448748], [0.9828804135322571, 0.12271549552679062, -0.12068077176809311, -0.06575163453817368], [0.03349145129323006, -0.6204691529273987, 0.025755612179636955, -0.7830919623374939], [0.8620036244392395, 0.13311642408370972, 0.394858181476593, -0.28864654898643494], [0.7830191254615784, -0.05244230479001999, -0.12308594584465027, -0.6074378490447998], [0.9870572090148926, 0.16006702184677124, -0.009830230847001076, 0.00019820760644506663], [0.0258333757519722, 0.6278733015060425, -0.05190957337617874, -0.7761527895927429], [0.8309916257858276, -0.3119410276412964, -0.4479305148124695, -0.10725656896829605], [0.9598775506019592, 0.019958827644586563, 0.043922316282987595, -0.27623820304870605], [0.9518146514892578, -0.2963929772377014, -0.016355399042367935, 0.07702389359474182]], "joint_names": ["Hips", "LeftUpLeg", "LeftLeg", "LeftFoot", "LeftToe", "RightUpLeg", "RightLeg", "RightFoot", "RightToe", "Spine", "Spine1", "Spine2", "Neck", "Head", "LeftShoulder", "LeftArm", "LeftForeArm", "LeftHand", "RightShoulder", "RightArm", "RightForeArm", "RightHand"]}