{"root_pos": [20.723838806152344, 86.41260528564453, 5.804781436920166], "local_quat": [[-0.18324916064739227, 0.6476308107376099, 0.7183775901794434, -0.17586292326450348], [0.02977891080081463, -0.01705126091837883, -0.9979287385940552, 0.05441181734204292], [0.9595741033554077, 0.00138949160464108, -0.008321364410221577, -0.2813294529914856], [0.7409069538116455, 0.027225663885474205, -0.01655523292720318, 0.6708514094352722], [0.9776893854141235, -0.015817128121852875, -0.003433763049542904, 0.20943117141723633], [0.11519927531480789, 0.15894567966461182, 0.9805194139480591, 0.0068596359342336655], [0.942406177520752, 0.015183351002633572, -0.018530629575252533, -0.3336116373538971], [0.7987881898880005, 0.0634838417172432, 0.06905785202980042, 0.5942543148994446], [0.9839445352554321, -0.0016868941020220518, 0.02015737257897854, 0.17732463777065277], [0.9965705871582031, -0.011058234609663486, -0.006791227962821722, 0.08172295242547989], [0.9981011748313904, -0.018010959029197693, -0.017575159668922424, 0.0562208853662014], [0.9979361295700073, -0.014340597204864025, -0.02419213391840458, 0.057728953659534454], [0.994727611541748, 0.05854148417711258, 0.08420111238956451, -0.0002218890149379149], [0.9857150316238403, 0.11641979962587357, -0.11138903349637985, -0.04903830960392952], [0.02865903452038765, -0.6155712008476257, 0.02498764358460903, -0.7871635556221008], [0.8531590104103088, 0.177461177110672, 0.39385998249053955, -0.29240649938583374], [0.8144553899765015, -0.049252718687057495, -0.12497619539499283, -0.5644621253013611], [0.9856830835342407, 0.1681973934173584, -0.008901354856789112, 0.007702275644987822], [0.0172955933958292, 0.6221013069152832, -0.04078995808959007, -0.7816821932792664], [0.829764187335968, -0.2976183295249939, -0.4509505033493042, -0.13985127210617065], [0.9595403075218201, 0.01755044236779213, 0.040114376693964005, -0.27814599871635437], [0.9502424597740173, -0.3019166886806488, -0.009423996321856976, 0.07613731920719147]], "joint_names": ["Hips", "LeftUpLeg", "LeftLeg", "LeftFoot", "LeftToe", "RightUpLeg", "RightLeg", "RightFoot", "RightToe", "Spine", "Spine1", "Spine2", "Neck", "Head", "LeftShoulder", "LeftArm", "LeftForeArm", "LeftHand", "RightShoulder", "RightArm", "RightForeArm", "RightHand"]}