{"root_pos": [39.469200134277344, 82.13973999023438, 6.746580600738525], "local_quat": [[-0.23633576929569244, 0.6264486312866211, 0.6990605592727661, -0.2510414123535156], [0.09402478486299515, -0.07442715018987656, -0.9899476766586304, 0.07499006390571594], [0.8626852631568909, -0.008661242201924324, 0.036298707127571106, -0.5043624043464661], [0.7603265643119812, -0.0023735342547297478, -0.023270415142178535, 0.6491197347640991], [0.9766231179237366, -0.017717469483613968, -0.006288333795964718, 0.21413502097129822], [0.08770160377025604, 0.12506695091724396, 0.9881793856620789, 0.012966086156666279], [0.9310889840126038, 0.014573758468031883, -0.005530596245080233, -0.3644588589668274], [0.7387559413909912, 0.04601632058620453, 0.056241266429424286, 0.6700440645217896], [0.9842816591262817, -0.0006122640334069729, 0.02467476576566696, 0.17487235367298126], [0.9963321685791016, -0.017913298681378365, 0.0074209957383573055, 0.08334411680698395], [0.9976468086242676, -0.024144329130649567, 0.009125440381467342, 0.06351803988218307], [0.9976100921630859, -0.01785096526145935, 0.0011634359834715724, 0.06673821806907654], [0.9926882982254028, 0.056510936468839645, 0.10612628608942032, 0.010662524960935116], [0.9814609885215759, 0.12385202199220657, -0.12687121331691742, -0.07279156893491745], [0.039677105844020844, -0.6156082153320312, 0.03009418211877346, -0.7864773273468018], [0.8490222096443176, 0.1404758244752884, 0.4269086420536041, -0.27780720591545105], [0.8180612325668335, -0.05679883062839508, -0.1327926218509674, -0.5567007660865784], [0.9909473657608032, 0.13229316473007202, -0.020120082423090935, 0.010814176872372627], [0.024982759729027748, 0.6263883113861084, -0.05309315398335457, -0.7772996425628662], [0.841251790523529, -0.28792765736579895, -0.4411258101463318, -0.12165969610214233], [0.9573392868041992, 0.0216046329587698, 0.04709162190556526, -0.2842835783958435], [0.9515442252159119, -0.2985440194606781, -0.0032690756488591433, 0.07365048676729202]], "joint_names": ["Hips", "LeftUpLeg", "LeftLeg", "LeftFoot", "LeftToe", "RightUpLeg", "RightLeg", "RightFoot", "RightToe", "Spine", "Spine1", "Spine2", "Neck", "Head", "LeftShoulder", "LeftArm", "LeftForeArm", "LeftHand", "RightShoulder", "RightArm", "RightForeArm", "RightHand"]}