{"root_pos": [24.79635238647461, 85.52388000488281, 6.393797397613525], "local_quat": [[-0.2025822103023529, 0.6436932682991028, 0.7109243273735046, -0.19800515472888947], [0.04028262570500374, -0.009652573615312576, -0.9971542954444885, 0.06298816949129105], [0.9516220092773438, 0.0023058762308210135, -0.006182393059134483, -0.30720046162605286], [0.7341814637184143, 0.02432963252067566, -0.023055044934153557, 0.6781253814697266], [0.9775426983833313, -0.01632760278880596, -0.0038315935526043177, 0.21006900072097778], [0.11294079571962357, 0.1569555103778839, 0.9810407161712646, 0.012981409206986427], [0.9632662534713745, 0.017406467348337173, -0.01056098286062479, -0.2677752673625946], [0.7950410842895508, 0.06969787180423737, 0.0811157152056694, 0.597052812576294], [0.9839673638343811, -0.0016076233005151153, 0.020927632227540016, 0.17710915207862854], [0.9964697957038879, -0.014069185592234135, -0.0050832414999604225, 0.08260844647884369], [0.9980102777481079, -0.022810665890574455, -0.013699299655854702, 0.05716145411133766], [0.9978939890861511, -0.019572611898183823, -0.020266110077500343, 0.05842714384198189], [0.9939547181129456, 0.06077997758984566, 0.09143223613500595, -0.00011335815361235291], [0.9843336939811707, 0.12075617909431458, -0.11613435298204422, -0.05493674799799919], [0.02920370362699032, -0.619719386100769, 0.024164095520973206, -0.7839076519012451], [0.8603603839874268, 0.15317755937576294, 0.38569438457489014, -0.2958994507789612], [0.7911041975021362, -0.04987457022070885, -0.12190753221511841, -0.597331702709198], [0.9850102663040161, 0.17232738435268402, -0.007501479238271713, 0.0013073976151645184], [0.021158907562494278, 0.6253015398979187, -0.0453849732875824, -0.7787750363349915], [0.8291600942611694, -0.3090119957923889, -0.4505442678928375, -0.11838539689779282], [0.9593233466148376, 0.018093546852469444, 0.04070931300520897, -0.2787725627422333], [0.9514338970184326, -0.2976554036140442, -0.01580031029880047, 0.07697507739067078]], "joint_names": ["Hips", "LeftUpLeg", "LeftLeg", "LeftFoot", "LeftToe", "RightUpLeg", "RightLeg", "RightFoot", "RightToe", "Spine", "Spine1", "Spine2", "Neck", "Head", "LeftShoulder", "LeftArm", "LeftForeArm", "LeftHand", "RightShoulder", "RightArm", "RightForeArm", "RightHand"]}