{"root_pos": [53.04923629760742, 86.34387969970703, 3.7046926021575928], "local_quat": [[-0.2545398771762848, 0.6201797723770142, 0.6837061643600464, -0.28832709789276123], [0.043974317610263824, -0.3107180595397949, -0.9494833946228027, -0.0013670327607542276], [0.7659316062927246, -0.03921845927834511, 0.06623175740242004, -0.6382977962493896], [0.7932764887809753, -0.026866227388381958, -0.006224104668945074, 0.6082367300987244], [0.9752913117408752, -0.0205242857336998, -0.008603093214333057, 0.21979880332946777], [0.041749052703380585, -0.000781856186222285, 0.9977766871452332, -0.05194341763854027], [0.9556313753128052, 0.029610823839902878, -0.002124260412529111, -0.2930653989315033], [0.7401169538497925, 0.06424203515052795, 0.06353301554918289, 0.6663808226585388], [0.9848217964172363, 8.73888930073008e-05, 0.02909548208117485, 0.1711122691631317], [0.9969320893287659, -0.005168325267732143, 0.013858792372047901, 0.07686065882444382], [0.9983570575714111, 0.007024772930890322, 0.015512293204665184, 0.05470985174179077], [0.9979833364486694, 0.021259063854813576, 0.0007000514888204634, 0.05980643630027771], [0.9955180883407593, 0.03947620838880539, 0.08364218473434448, 0.019737623631954193], [0.9863026738166809, 0.10128597915172577, -0.11087071895599365, -0.06823430955410004], [0.060539912432432175, -0.6075154542922974, 0.051748260855674744, -0.790304958820343], [0.8255431652069092, 0.2644919157028198, 0.46956077218055725, -0.16743695735931396], [0.9201573729515076, -0.06187451258301735, -0.1537713259458542, -0.3547342121601105], [0.996182918548584, 0.07005542516708374, -0.001548353466205299, 0.05205128341913223], [0.014737604185938835, 0.6430256962776184, -0.04777031019330025, -0.7642112374305725], [0.8821002244949341, -0.1775996834039688, -0.37263044714927673, -0.22694525122642517], [0.8934233784675598, 0.027493154630064964, 0.044922009110450745, -0.44611743092536926], [0.9439299702644348, -0.32470038533210754, 0.04781807214021683, 0.03576861694455147]], "joint_names": ["Hips", "LeftUpLeg", "LeftLeg", "LeftFoot", "LeftToe", "RightUpLeg", "RightLeg", "RightFoot", "RightToe", "Spine", "Spine1", "Spine2", "Neck", "Head", "LeftShoulder", "LeftArm", "LeftForeArm", "LeftHand", "RightShoulder", "RightArm", "RightForeArm", "RightHand"]}