{"root_pos": [61.108028411865234, 86.32234191894531, -1.2613290548324585], "local_quat": [[-0.28940874338150024, 0.6133683919906616, 0.657004714012146, -0.32919085025787354], [-0.00612650765106082, -0.3652452528476715, -0.9306883215904236, -0.019429797306656837], [0.8569672107696533, -0.04194468632340431, 0.03496904671192169, -0.5124695301055908], [0.7773858308792114, -0.018319766968488693, -0.018695449456572533, 0.6284793019294739], [0.9745776057243347, -0.022263197228312492, -0.010189770720899105, 0.22270861268043518], [0.04509570077061653, -0.10394438356161118, 0.9908298850059509, -0.0736071914434433], [0.9772065877914429, 0.025348328053951263, 0.007213210221379995, -0.2106482982635498], [0.7357978820800781, 0.05805565416812897, 0.06056085601449013, 0.6719846129417419], [0.9849750995635986, 0.0006938106962479651, 0.031941648572683334, 0.16971510648727417], [0.9969727396965027, 0.0042357840575277805, 0.014064319431781769, 0.07635188102722168], [0.9981873631477356, 0.027332250028848648, 0.012632174417376518, 0.05211027339100838], [0.9974942207336426, 0.042377013713121414, -0.006881576031446457, 0.05623314529657364], [0.9969393610954285, 0.016728442162275314, 0.07328647375106812, 0.02147468738257885], [0.9911227226257324, 0.07247607409954071, -0.08895166218280792, -0.06716006249189377], [0.06760309636592865, -0.6014747619628906, 0.05798058956861496, -0.7939120531082153], [0.80817049741745, 0.3274068534374237, 0.47776877880096436, -0.10678110271692276], [0.9430764317512512, -0.06219005957245827, -0.15615150332450867, -0.2869771420955658], [0.9963345527648926, 0.05751921236515045, 0.008479075506329536, 0.06274552643299103], [0.007323093246668577, 0.6602959036827087, -0.04453839361667633, -0.7496479153633118], [0.9106560945510864, -0.06693044304847717, -0.2920544147491455, -0.284481942653656], [0.8476320505142212, 0.029640914872288704, 0.04284018278121948, -0.5280209183692932], [0.9354739189147949, -0.34858131408691406, 0.054577842354774475, 0.02001953125]], "joint_names": ["Hips", "LeftUpLeg", "LeftLeg", "LeftFoot", "LeftToe", "RightUpLeg", "RightLeg", "RightFoot", "RightToe", "Spine", "Spine1", "Spine2", "Neck", "Head", "LeftShoulder", "LeftArm", "LeftForeArm", "LeftHand", "RightShoulder", "RightArm", "RightForeArm", "RightHand"]}