{"root_pos": [58.56290817260742, 86.54463195800781, 0.15222251415252686], "local_quat": [[-0.27503320574760437, 0.6188619136810303, 0.6656941771507263, -0.31339746713638306], [0.009958665817975998, -0.35237497091293335, -0.9357373118400574, -0.011329373344779015], [0.8225454688072205, -0.04172566533088684, 0.04635538533329964, -0.5652689933776855], [0.7841681241989136, -0.021183740347623825, -0.013536478392779827, 0.6200389266014099], [0.9747724533081055, -0.021929476410150528, -0.009425418451428413, 0.22192107141017914], [0.03957762569189072, -0.07677865028381348, 0.9939847588539124, -0.0673276036977768], [0.9737236499786377, 0.02742609567940235, 0.005957702174782753, -0.22599665820598602], [0.7421736121177673, 0.05938069894909859, 0.06146838515996933, 0.6647360324859619], [0.9849442839622498, 0.0003395159437786788, 0.031070031225681305, 0.17005644738674164], [0.997021496295929, 0.002143565099686384, 0.013968303799629211, 0.0758182629942894], [0.9983117580413818, 0.02246920019388199, 0.013491748832166195, 0.0518336221575737], [0.9976909160614014, 0.03747286647558212, -0.0047572897747159, 0.056444890797138214], [0.9967507123947144, 0.025304686278104782, 0.07340093702077866, 0.02144860103726387], [0.9897647500038147, 0.08236302435398102, -0.09591300040483475, -0.06620240956544876], [0.06701595336198807, -0.6042197346687317, 0.05816798284649849, -0.7918609380722046], [0.8160809278488159, 0.3116826117038727, 0.47226351499557495, -0.1176135465502739], [0.9378401041030884, -0.06202464923262596, -0.15607282519340515, -0.30372703075408936], [0.9965119361877441, 0.05656234547495842, 0.005519109778106213, 0.06110828369855881], [0.009707425720989704, 0.6564376354217529, -0.045423272997140884, -0.7529489994049072], [0.9039592742919922, -0.10235939174890518, -0.31873804330825806, -0.26605677604675293], [0.8585644364356995, 0.028441812843084335, 0.04228740185499191, -0.5101664662361145], [0.9390286207199097, -0.3390311002731323, 0.052021484822034836, 0.0240180566906929]], "joint_names": ["Hips", "LeftUpLeg", "LeftLeg", "LeftFoot", "LeftToe", "RightUpLeg", "RightLeg", "RightFoot", "RightToe", "Spine", "Spine1", "Spine2", "Neck", "Head", "LeftShoulder", "LeftArm", "LeftForeArm", "LeftHand", "RightShoulder", "RightArm", "RightForeArm", "RightHand"]}