{"root_pos": [68.2646484375, 83.50799560546875, -8.03974723815918], "local_quat": [[-0.34063923358917236, 0.6025108695030212, 0.6199302077293396, -0.36963778734207153], [-0.04948847368359566, -0.38614314794540405, -0.9197462797164917, -0.05011098459362984], [0.8986093401908875, -0.04564350098371506, 0.020180411636829376, -0.43590202927589417], [0.7565595507621765, -0.012634426355361938, -0.01893622986972332, 0.6535283923149109], [0.974055826663971, -0.023172851651906967, -0.012997792102396488, 0.22474265098571777], [0.05881102755665779, -0.15589411556720734, 0.9794204831123352, -0.11390268057584763], [0.972999632358551, 0.022871658205986023, -8.16499232314527e-05, -0.22967055439949036], [0.7281618714332581, 0.07376023381948471, 0.07646756619215012, 0.6771208047866821], [0.9850636124610901, 0.001524855848401785, 0.03493381291627884, 0.16860277950763702], [0.9972822070121765, 0.008249438367784023, 0.009143327362835407, 0.07263994961977005], [0.998185932636261, 0.03689686208963394, 0.0003994546423200518, 0.04757446423172951], [0.9971908330917358, 0.050991758704185486, -0.01949308253824711, 0.05128435045480728], [0.997298002243042, -0.0026977320667356253, 0.06970548629760742, 0.023032646626234055], [0.9946210384368896, 0.047957707196474075, -0.06186612322926521, -0.06783515959978104], [0.06933648884296417, -0.5977813601493835, 0.05547288805246353, -0.7967261672019958], [0.8057371377944946, 0.33844631910324097, 0.4769347906112671, -0.09367445856332779], [0.9461248517036438, -0.06455674767494202, -0.15755024552345276, -0.2754238545894623], [0.9951822757720947, 0.07556777447462082, 0.017215648666024208, 0.06004634499549866], [0.0026022058445960283, 0.6591217517852783, -0.04247777909040451, -0.7508311867713928], [0.9225126504898071, -0.0039086127653717995, -0.23134095966815948, -0.3089279532432556], [0.845594048500061, 0.03525855019688606, 0.05206778272986412, -0.5301098823547363], [0.9280023574829102, -0.3672531843185425, 0.06091827154159546, 0.01501771342009306]], "joint_names": ["Hips", "LeftUpLeg", "LeftLeg", "LeftFoot", "LeftToe", "RightUpLeg", "RightLeg", "RightFoot", "RightToe", "Spine", "Spine1", "Spine2", "Neck", "Head", "LeftShoulder", "LeftArm", "LeftForeArm", "LeftHand", "RightShoulder", "RightArm", "RightForeArm", "RightHand"]}