{"root_pos": [63.35511016845703, 85.74552917480469, -3.0530283451080322], "local_quat": [[-0.30176451802253723, 0.6115429997444153, 0.6469279527664185, -0.3412296175956726], [-0.026079218834638596, -0.37324702739715576, -0.9269521236419678, -0.027681713923811913], [0.887069821357727, -0.044772349298000336, 0.026734912768006325, -0.4586806297302246], [0.7695009708404541, -0.017677728086709976, -0.021650930866599083, 0.6380336880683899], [0.9744117856025696, -0.022484706714749336, -0.01109731663018465, 0.22336730360984802], [0.04926063492894173, -0.1259443461894989, 0.9870104789733887, -0.08672778308391571], [0.9779042601585388, 0.024768762290477753, 0.005315450485795736, -0.2075125128030777], [0.7285662889480591, 0.06325139850378036, 0.06499619036912918, 0.6789447665214539], [0.9850059747695923, 0.0010479784104973078, 0.03279360756278038, 0.16937144100666046], [0.9969480633735657, 0.005213873460888863, 0.012860521674156189, 0.07682445645332336], [0.9981258511543274, 0.030048087239265442, 0.009528548456728458, 0.05245192348957062], [0.9973594546318054, 0.044966086745262146, -0.010587397962808609, 0.056035395711660385], [0.9969802498817444, 0.008937275968492031, 0.07423720508813858, 0.020959526300430298], [0.992278516292572, 0.06339943408966064, -0.08123663812875748, -0.0690256804227829], [0.06731944531202316, -0.5997185707092285, 0.056275248527526855, -0.7953859567642212], [0.804388701915741, 0.3338901698589325, 0.4811427593231201, -0.0998896062374115], [0.9464191198348999, -0.06259793788194656, -0.15653103590011597, -0.275445818901062], [0.9959224462509155, 0.06222819909453392, 0.01433061994612217, 0.06372325122356415], [0.005739965010434389, 0.6617403626441956, -0.04401508718729019, -0.7484179139137268], [0.9162468314170837, -0.035497650504112244, -0.26626574993133545, -0.2972107529640198], [0.842501163482666, 0.031645387411117554, 0.0455424040555954, -0.5358322858810425], [0.9325382709503174, -0.3561570644378662, 0.05660054460167885, 0.017910780385136604]], "joint_names": ["Hips", "LeftUpLeg", "LeftLeg", "LeftFoot", "LeftToe", "RightUpLeg", "RightLeg", "RightFoot", "RightToe", "Spine", "Spine1", "Spine2", "Neck", "Head", "LeftShoulder", "LeftArm", "LeftForeArm", "LeftHand", "RightShoulder", "RightArm", "RightForeArm", "RightHand"]}