{"root_pos": [72.67615509033203, 82.52802276611328, -13.509424209594727], "local_quat": [[-0.37350404262542725, 0.5928548574447632, 0.5966077446937561, -0.39125049114227295], [-0.062341850250959396, -0.3735232949256897, -0.9237445592880249, -0.05735765025019646], [0.8921574950218201, -0.034767936915159225, 0.011325199156999588, -0.4502420127391815], [0.7670815587043762, 0.001608733320608735, -0.01587812975049019, 0.6413511037826538], [0.9736831784248352, -0.024298066273331642, -0.014695185236632824, 0.2261301428079605], [0.06763350963592529, -0.1619890332221985, 0.9757115244865417, -0.1310427188873291], [0.9626113772392273, 0.01712309569120407, -0.005044948775321245, -0.2702973484992981], [0.7394589185714722, 0.07353273779153824, 0.07808990776538849, 0.664601743221283], [0.9851109981536865, 0.002041162922978401, 0.03718022629618645, 0.16783884167671204], [0.9975113272666931, 0.009972852654755116, 0.003320631105452776, 0.06971779465675354], [0.9981052279472351, 0.03977445513010025, -0.011067593470215797, 0.045623160898685455], [0.9969446659088135, 0.052629776298999786, -0.02962248958647251, 0.04953542724251747], [0.9971451163291931, -0.008015461266040802, 0.0680447667837143, 0.031736474484205246], [0.9954658150672913, 0.04066415876150131, -0.04803735762834549, -0.07132206857204437], [0.06851226836442947, -0.5947325229644775, 0.05121351778507233, -0.7993600368499756], [0.8064439296722412, 0.3562779426574707, 0.4622533321380615, -0.09505794197320938], [0.943810224533081, -0.06797683984041214, -0.15947872400283813, -0.2813679575920105], [0.9932940006256104, 0.09946396201848984, 0.021995272487401962, 0.05468331277370453], [-0.00047541409730911255, 0.6536766886711121, -0.04058082401752472, -0.755685031414032], [0.9247944951057434, 0.004312671255320311, -0.22522805631160736, -0.30660879611968994], [0.8536173105239868, 0.038157641887664795, 0.05702884495258331, -0.5163614749908447], [0.9236151576042175, -0.37761810421943665, 0.06435597687959671, 0.014070253819227219]], "joint_names": ["Hips", "LeftUpLeg", "LeftLeg", "LeftFoot", "LeftToe", "RightUpLeg", "RightLeg", "RightFoot", "RightToe", "Spine", "Spine1", "Spine2", "Neck", "Head", "LeftShoulder", "LeftArm", "LeftForeArm", "LeftHand", "RightShoulder", "RightArm", "RightForeArm", "RightHand"]}