{"root_pos": [56.13240432739258, 86.60790252685547, 1.9205373525619507], "local_quat": [[-0.26220282912254333, 0.6214564442634583, 0.6751955151557922, -0.2985844016075134], [0.025406070053577423, -0.3370451331138611, -0.9411152005195618, -0.007567403372377157], [0.7872553467750549, -0.041019756346940994, 0.05732637643814087, -0.6125847101211548], [0.7896736860275269, -0.02378649078309536, -0.008289269171655178, 0.6130097508430481], [0.9750019311904907, -0.021357938647270203, -0.008922990411520004, 0.22098752856254578], [0.0378594808280468, -0.04128451645374298, 0.9965745210647583, -0.06083953008055687], [0.9667645692825317, 0.02942417748272419, 0.002227259799838066, -0.2539598345756531], [0.7420032024383545, 0.06345810741186142, 0.06411362439393997, 0.664299488067627], [0.9848970174789429, 0.00014552660286426544, 0.03016343154013157, 0.17049336433410645], [0.9969676733016968, -0.0011519055115059018, 0.014150306582450867, 0.07651078701019287], [0.9983413219451904, 0.015508781187236309, 0.014905116520822048, 0.053404588252305984], [0.9978390336036682, 0.030367964878678322, -0.0018104392802342772, 0.05823874846100807], [0.996214747428894, 0.03327896445989609, 0.07769352197647095, 0.02031022123992443], [0.9879775643348694, 0.0926378071308136, -0.10407573729753494, -0.06698264181613922], [0.06431015580892563, -0.6064306497573853, 0.05560779199004173, -0.7905780673027039], [0.8219962120056152, 0.28983792662620544, 0.47026681900024414, -0.13843873143196106], [0.9308119416236877, -0.06202473118901253, -0.15542645752429962, -0.3249379098415375], [0.9964467883110046, 0.061330053955316544, 0.003416377352550626, 0.05762611702084541], [0.012095755897462368, 0.6503182053565979, -0.046379219740629196, -0.7581483721733093], [0.8940383195877075, -0.13748399913311005, -0.34565162658691406, -0.24963699281215668], [0.8742173910140991, 0.027969758957624435, 0.043256212025880814, -0.48279449343681335], [0.9417658448219299, -0.3311392068862915, 0.050759442150592804, 0.02911366894841194]], "joint_names": ["Hips", "LeftUpLeg", "LeftLeg", "LeftFoot", "LeftToe", "RightUpLeg", "RightLeg", "RightFoot", "RightToe", "Spine", "Spine1", "Spine2", "Neck", "Head", "LeftShoulder", "LeftArm", "LeftForeArm", "LeftHand", "RightShoulder", "RightArm", "RightForeArm", "RightHand"]}