{"root_pos": [65.5738754272461, 84.63837432861328, -5.7498016357421875], "local_quat": [[-0.3183920979499817, 0.6091450452804565, 0.6343714594841003, -0.3537536859512329], [-0.04080583155155182, -0.3794482350349426, -0.9235464334487915, -0.037629321217536926], [0.8990474343299866, -0.047381624579429626, 0.023419588804244995, -0.4346495270729065], [0.7599167227745056, -0.017078453674912453, -0.021085413172841072, 0.64945387840271], [0.9742411971092224, -0.022761711850762367, -0.012071789242327213, 0.2240319550037384], [0.05403629690408707, -0.1429527848958969, 0.9829105734825134, -0.10262297838926315], [0.9770592451095581, 0.02525300905108452, 0.0018526690546423197, -0.21145693957805634], [0.7261282801628113, 0.0698544830083847, 0.06994839012622833, 0.6804155707359314], [0.9850397109985352, 0.0013144355034455657, 0.03378991410136223, 0.16897712647914886], [0.9970526099205017, 0.006066655740141869, 0.011800930835306644, 0.07556471973657608], [0.9981542229652405, 0.03254225105047226, 0.006286631338298321, 0.050889935344457626], [0.9973130226135254, 0.04715513437986374, -0.013957126997411251, 0.054299093782901764], [0.9971324801445007, 0.0018697275081649423, 0.07294902205467224, 0.02004423923790455], [0.9935035109519958, 0.05458102747797966, -0.07180007547140121, -0.06940191239118576], [0.06784915179014206, -0.5987759828567505, 0.05523649975657463, -0.7961235642433167], [0.8046028017997742, 0.3347984850406647, 0.4806784689426422, -0.09732667356729507], [0.9466049075126648, -0.0634266585111618, -0.15694087743759155, -0.27438268065452576], [0.9955095648765564, 0.06872836500406265, 0.01806250587105751, 0.06253590434789658], [0.004174309317022562, 0.6610710620880127, -0.043354228138923645, -0.7490580677986145], [0.9207590222358704, -0.015368347056210041, -0.24488918483257294, -0.3033084273338318], [0.8426494598388672, 0.033558059483766556, 0.04899996519088745, -0.5351772904396057], [0.930318295955658, -0.36179056763648987, 0.05776902288198471, 0.016674024984240532]], "joint_names": ["Hips", "LeftUpLeg", "LeftLeg", "LeftFoot", "LeftToe", "RightUpLeg", "RightLeg", "RightFoot", "RightToe", "Spine", "Spine1", "Spine2", "Neck", "Head", "LeftShoulder", "LeftArm", "LeftForeArm", "LeftHand", "RightShoulder", "RightArm", "RightForeArm", "RightHand"]}