{"root_pos": [70.6445541381836, 82.7040786743164, -10.516935348510742], "local_quat": [[-0.35856643319129944, 0.5965014696121216, 0.6079351902008057, -0.38214004039764404], [-0.05702579766511917, -0.3823300898075104, -0.9205048084259033, -0.05694470927119255], [0.896960973739624, -0.040428463369607925, 0.013943693600594997, -0.4400363862514496], [0.7614287734031677, -0.004089735448360443, -0.0161239355802536, 0.6480351090431213], [0.9738680720329285, -0.023724449798464775, -0.013820391148328781, 0.22544841468334198], [0.06348738074302673, -0.16129715740680695, 0.977134644985199, -0.12312842160463333], [0.9680553078651428, 0.019886666908860207, -0.0023729673121124506, -0.2499355673789978], [0.7334914207458496, 0.07529116421937943, 0.07964406907558441, 0.6708043217658997], [0.9850889444351196, 0.001754720346070826, 0.036076564341783524, 0.1682116836309433], [0.9974290132522583, 0.009788373485207558, 0.00559904333204031, 0.07076841592788696], [0.9981368184089661, 0.03955796733498573, -0.006569958291947842, 0.04598837345838547], [0.997016191482544, 0.0530012771487236, -0.025789625942707062, 0.04984347149729729], [0.9972437620162964, -0.00510054174810648, 0.06818528473377228, 0.028803769499063492], [0.9951178431510925, 0.044284887611866, -0.05452295020222664, -0.06933043152093887], [0.06959964334964752, -0.5964874029159546, 0.05422896519303322, -0.7977580428123474], [0.8068427443504333, 0.34704750776290894, 0.46962788701057434, -0.08951247483491898], [0.9459661841392517, -0.06607884913682938, -0.1585812270641327, -0.2750154733657837], [0.9944002628326416, 0.08685597777366638, 0.01763199456036091, 0.05756184086203575], [0.0014519175747409463, 0.6564457416534424, -0.04186089336872101, -0.7532095313072205], [0.9231009483337402, 0.003895366797223687, -0.22604118287563324, -0.311086505651474], [0.8488097786903381, 0.036724310368299484, 0.05462275445461273, -0.5245852470397949], [0.9257037043571472, -0.3724028170108795, 0.06473921239376068, 0.014056015759706497]], "joint_names": ["Hips", "LeftUpLeg", "LeftLeg", "LeftFoot", "LeftToe", "RightUpLeg", "RightLeg", "RightFoot", "RightToe", "Spine", "Spine1", "Spine2", "Neck", "Head", "LeftShoulder", "LeftArm", "LeftForeArm", "LeftHand", "RightShoulder", "RightArm", "RightForeArm", "RightHand"]}