{"root_pos": [-110.28632354736328, 83.04425811767578, -13.21749496459961], "local_quat": [[0.034363195300102234, 0.7199146747589111, 0.6917348504066467, 0.045220889151096344], [-0.062715083360672, 0.16003210842609406, -0.9843794107437134, -0.03812742605805397], [0.9843727350234985, -0.019132953137159348, 0.04572753980755806, -0.16897688806056976], [0.6823511719703674, -0.023084182292222977, -0.0025484405923634768, 0.7306554913520813], [0.9825242757797241, -4.906809863314265e-06, 2.6604204322211444e-05, 0.1861344575881958], [-0.010801815427839756, 0.3627930283546448, 0.9316866397857666, -0.014984318986535072], [0.9784854650497437, 0.010293989442288876, -0.019110755994915962, -0.20517049729824066], [0.7915182709693909, 0.04769529029726982, 0.04851618781685829, 0.607346773147583], [0.9825242757797241, 5.006715127819916e-06, -2.6709623853093944e-05, 0.18613438308238983], [0.9976509809494019, -0.01041141152381897, -0.0024996092543005943, 0.0676594153046608], [0.9986165761947632, -0.021012378856539726, -0.004090901464223862, 0.04802745208144188], [0.9987460374832153, -0.02099892497062683, -0.00416061095893383, 0.04525519907474518], [0.9940398931503296, -0.014545065350830555, 0.08698626607656479, -0.06408188492059708], [0.9967114925384521, 0.038768522441387177, -0.06755079329013824, -0.022361256182193756], [0.0007876414456404746, -0.5986136794090271, 0.018995722755789757, -0.8008121848106384], [0.8693175911903381, 0.26340731978416443, 0.3739813268184662, -0.18719369173049927], [0.9234749674797058, -0.03870094567537308, -0.13944920897483826, -0.3553168475627899], [0.9913175702095032, 0.10879340022802353, -0.021170729771256447, 0.07074761390686035], [0.018301453441381454, 0.5759350061416626, -0.03907852619886398, -0.81635582447052], [0.8306376338005066, -0.28904014825820923, -0.45840445160865784, -0.12791511416435242], [0.9861626625061035, 0.003433596808463335, 0.04307990148663521, -0.16004861891269684], [0.9399133920669556, -0.3283168375492096, -0.010694893077015877, 0.0930401086807251]], "joint_names": ["Hips", "LeftUpLeg", "LeftLeg", "LeftFoot", "LeftToe", "RightUpLeg", "RightLeg", "RightFoot", "RightToe", "Spine", "Spine1", "Spine2", "Neck", "Head", "LeftShoulder", "LeftArm", "LeftForeArm", "LeftHand", "RightShoulder", "RightArm", "RightForeArm", "RightHand"]}