{"root_pos": [72.51219940185547, 82.48721313476562, -13.901494979858398], "local_quat": [[-0.3749648928642273, 0.6086603999137878, 0.5789584517478943, -0.3920981287956238], [-0.055489663034677505, -0.36259394884109497, -0.9302758574485779, 0.005768993403762579], [0.8980301022529602, -0.017447279766201973, 0.06986155360937119, -0.43400102853775024], [0.7592144012451172, -0.03175434470176697, 0.007950207218527794, 0.6500168442726135], [0.9825242757797241, -4.892456672678236e-06, 2.6669096769182943e-05, 0.1861344277858734], [0.08012492209672928, -0.14377965033054352, 0.976976752281189, -0.13573434948921204], [0.9614614844322205, 0.008065029047429562, -0.03507629781961441, -0.2725735902786255], [0.7526760697364807, 0.07599565386772156, 0.08516442775726318, 0.6484214663505554], [0.9825242757797241, 5.02729835716309e-06, -2.653696901688818e-05, 0.18613439798355103], [0.9974233508110046, 0.022082461044192314, -0.008382228203117847, 0.0677398145198822], [0.9977213740348816, 0.04337252676486969, -0.018650386482477188, 0.04819735884666443], [0.9978513121604919, 0.04343316704034805, -0.018509970977902412, 0.045427676290273666], [0.9982410669326782, -0.00740250525996089, 0.058697350323200226, 0.003822414902970195], [0.9974332451820374, 0.029882589355111122, -0.051561132073402405, -0.03969097137451172], [0.02079988643527031, -0.5863343477249146, 0.042470045387744904, -0.8086876273155212], [0.8437060117721558, 0.3179941773414612, 0.41956499218940735, -0.10490485280752182], [0.967269241809845, -0.016043778508901596, -0.1049564853310585, -0.23047110438346863], [0.9907451868057251, 0.08015316724777222, 0.040486644953489304, 0.1017855554819107], [-0.012577764689922333, 0.6061604619026184, -0.0033188341185450554, -0.7952359318733215], [0.935153067111969, 0.0322050116956234, -0.24934454262256622, -0.2495572566986084], [0.8399437665939331, 0.05706847459077835, 0.12876957654953003, -0.5240764021873474], [0.8930235505104065, -0.4341147840023041, 0.11503563076257706, 0.028636954724788666]], "joint_names": ["Hips", "LeftUpLeg", "LeftLeg", "LeftFoot", "LeftToe", "RightUpLeg", "RightLeg", "RightFoot", "RightToe", "Spine", "Spine1", "Spine2", "Neck", "Head", "LeftShoulder", "LeftArm", "LeftForeArm", "LeftHand", "RightShoulder", "RightArm", "RightForeArm", "RightHand"]}