{"root_pos": [-108.42251586914062, 67.35049438476562, -64.60063934326172], "local_quat": [[0.13742290437221527, -0.7367671728134155, -0.6616285443305969, -0.02316984161734581], [0.026057690382003784, -0.2349669188261032, -0.9668995141983032, -0.09600461274385452], [0.8603144884109497, 0.0910477340221405, -0.009770912118256092, -0.5014716386795044], [0.6096034049987793, 0.048368729650974274, -0.030568482354283333, 0.79063880443573], [0.9826275110244751, -0.002903314307332039, 0.0024322697427123785, 0.18554987013339996], [0.020762747153639793, 0.18724700808525085, 0.9677419662475586, -0.16728129982948303], [0.4184231460094452, -0.11681068688631058, -0.10306940227746964, -0.8947927355766296], [0.6969372034072876, -0.10800420492887497, -0.09732738137245178, 0.7022400498390198], [0.9823692440986633, -0.0022435057908296585, 0.0015802456764504313, 0.18693067133426666], [0.9977790117263794, -0.008503608405590057, -0.0017610564827919006, 0.06604219973087311], [0.9975689053535461, -0.013914254494011402, -0.01440349966287613, 0.06674734503030777], [0.9979336261749268, -0.011885802261531353, -0.007020351476967335, 0.06275247037410736], [0.9809496402740479, -0.10299724340438843, -0.1551203429698944, -0.055381227284669876], [0.9452430009841919, -0.22542445361614227, 0.2294531911611557, 0.0552324578166008], [0.03133884072303772, -0.5833443999290466, 0.0658068135380745, -0.8089478015899658], [0.8908764123916626, -0.02601812034845352, 0.43529582023620605, -0.1272004246711731], [0.5082646608352661, -0.0057237884029746056, -0.053541772067546844, -0.8595158457756042], [0.9139644503593445, 0.3913469612598419, -0.09067033976316452, 0.05740616098046303], [0.002893393859267235, 0.6017723679542542, -0.02461385726928711, -0.798283040523529], [0.8244870901107788, -0.20428964495658875, -0.5210354328155518, -0.08371888101100922], [0.6498774290084839, -0.0026770145632326603, 0.044829223304986954, -0.758711040019989], [0.9689313173294067, -0.20554561913013458, 0.13734383881092072, -0.007744504138827324]], "joint_names": ["Hips", "LeftUpLeg", "LeftLeg", "LeftFoot", "LeftToe", "RightUpLeg", "RightLeg", "RightFoot", "RightToe", "Spine", "Spine1", "Spine2", "Neck", "Head", "LeftShoulder", "LeftArm", "LeftForeArm", "LeftHand", "RightShoulder", "RightArm", "RightForeArm", "RightHand"]}