{"root_pos": [-97.54656982421875, 79.19346618652344, -58.05237579345703], "local_quat": [[0.003693416016176343, -0.706560492515564, -0.6960354447364807, -0.1276451051235199], [0.03096570260822773, -0.1011999100446701, -0.9888133406639099, -0.10510872304439545], [0.9614195823669434, 0.101131871342659, -0.03908640891313553, -0.2528179883956909], [0.7644662261009216, 0.04309913516044617, -0.07717040181159973, 0.6385753154754639], [0.9819794297218323, -0.005892512854188681, 0.006089658476412296, 0.18879759311676025], [-0.0018092467216774821, 0.32862770557403564, 0.9277536869049072, -0.17684374749660492], [0.5506728291511536, -0.1183866634964943, -0.08314225822687149, -0.8220896124839783], [0.7923942804336548, -0.09190914779901505, -0.05294015258550644, 0.600717306137085], [0.9822548627853394, -0.0021083042956888676, 0.002181138377636671, 0.18752627074718475], [0.9955414533615112, -0.03457165136933327, 0.0024202466011047363, 0.08772795647382736], [0.9941520690917969, -0.06532073765993118, -0.001726983580738306, 0.0859757512807846], [0.9950117468833923, -0.06577882170677185, 0.004131603520363569, 0.07488507032394409], [0.9840940833091736, -0.11741415411233902, -0.12536653876304626, -0.04534246399998665], [0.9475023150444031, -0.2310159057378769, 0.21837559342384338, 0.03439654782414436], [-0.0019562896341085434, -0.6111215353012085, 0.03550070896744728, -0.7907378673553467], [0.8589939475059509, -0.12766344845294952, 0.45957356691360474, -0.18607375025749207], [0.4813350737094879, -0.0011088975006714463, -0.049648676067590714, -0.8751288056373596], [0.9131929874420166, 0.3845798969268799, -0.11847005039453506, 0.06435664743185043], [0.01315463799983263, 0.6152172088623047, -0.039709314703941345, -0.7872470021247864], [0.8544669151306152, -0.23074282705783844, -0.46469539403915405, 0.026496799662709236], [0.64300936460495, 0.0012829971965402365, 0.05438411980867386, -0.7639238834381104], [0.9701898694038391, -0.19565804302692413, 0.1430007368326187, 0.0005261018523015082]], "joint_names": ["Hips", "LeftUpLeg", "LeftLeg", "LeftFoot", "LeftToe", "RightUpLeg", "RightLeg", "RightFoot", "RightToe", "Spine", "Spine1", "Spine2", "Neck", "Head", "LeftShoulder", "LeftArm", "LeftForeArm", "LeftHand", "RightShoulder", "RightArm", "RightForeArm", "RightHand"]}