{"root_pos": [-121.48937225341797, 69.51768493652344, -63.20475769042969], "local_quat": [[0.2360708862543106, -0.7480859160423279, -0.615741491317749, 0.07416464388370514], [0.04562404379248619, -0.3013652265071869, -0.9521109461784363, -0.02413001097738743], [0.876470148563385, 0.07284994423389435, 0.0023339660838246346, -0.4759070873260498], [0.6999887824058533, -0.012383225373923779, -0.09360406547784805, 0.7078846096992493], [0.9826277494430542, -0.0014788246480748057, 0.0024794857017695904, 0.18556490540504456], [0.01443277858197689, -0.01946350559592247, 0.9918544888496399, -0.1250504106283188], [0.6823961734771729, -0.13461631536483765, -0.07470826804637909, -0.7145856618881226], [0.7450589537620544, -0.09357799589633942, -0.03403143584728241, 0.6595242619514465], [0.9823644161224365, -0.0008488422026857734, 0.0009378447430208325, 0.1869720071554184], [0.9985065460205078, 0.013990810140967369, 0.0007638151873834431, 0.05280519276857376], [0.9988229274749756, 0.029914358630776405, -0.006338160019367933, 0.037652093917131424], [0.9987553358078003, 0.031090736389160156, -0.0032572627533227205, 0.03886520490050316], [0.9741697907447815, -0.11410818248987198, -0.18928951025009155, -0.04628264531493187], [0.935309112071991, -0.24311062693595886, 0.24105675518512726, 0.08936262130737305], [0.05753600597381592, -0.5957093834877014, 0.09060806781053543, -0.7959963083267212], [0.9189105033874512, 0.1181797906756401, 0.3762132525444031, 0.010028677992522717], [0.4640968441963196, 0.005339672788977623, -0.03448118641972542, -0.8850969672203064], [0.9189622402191162, 0.3886617124080658, -0.04282177984714508, 0.05115462467074394], [-0.011184187605977058, 0.6279576420783997, -0.006860734429210424, -0.7781369686126709], [0.8516790866851807, -0.24468113481998444, -0.4435320198535919, -0.13436220586299896], [0.6071143746376038, -0.013177578337490559, 0.03199588134884834, -0.793860673904419], [0.9768950343132019, -0.19572259485721588, 0.08567658066749573, -0.005305947735905647]], "joint_names": ["Hips", "LeftUpLeg", "LeftLeg", "LeftFoot", "LeftToe", "RightUpLeg", "RightLeg", "RightFoot", "RightToe", "Spine", "Spine1", "Spine2", "Neck", "Head", "LeftShoulder", "LeftArm", "LeftForeArm", "LeftHand", "RightShoulder", "RightArm", "RightForeArm", "RightHand"]}