{"root_pos": [-101.40090942382812, 75.43650817871094, -60.54153823852539], "local_quat": [[0.04404885694384575, -0.7140427827835083, -0.6910409927368164, -0.10327181965112686], [0.03280411660671234, -0.14930391311645508, -0.982309877872467, -0.10816438496112823], [0.9427120685577393, 0.09775015711784363, -0.03080114908516407, -0.31747493147850037], [0.7010459899902344, 0.052049193531274796, -0.05261582136154175, 0.7092650532722473], [0.9822307825088501, -0.004765699617564678, 0.004637818317860365, 0.1875596046447754], [0.006684277206659317, 0.2882020175457001, 0.9411921501159668, -0.17621642351150513], [0.46247121691703796, -0.11698640882968903, -0.09286318719387054, -0.8739628195762634], [0.7719970941543579, -0.09824782609939575, -0.07173500210046768, 0.6238766312599182], [0.9822982549667358, -0.0023357183672487736, 0.001991222845390439, 0.1872984915971756], [0.9963451027870178, -0.026885125786066055, -0.00030192206031642854, 0.08107709139585495], [0.9953621029853821, -0.05056360736489296, -0.009094315581023693, 0.08133121579885483], [0.9961519241333008, -0.05003111809492111, -0.0022319939453154802, 0.071924589574337], [0.9837961792945862, -0.10880781710147858, -0.13344770669937134, -0.049976542592048645], [0.9476699829101562, -0.22553396224975586, 0.2227422147989273, 0.03797328844666481], [0.008139530196785927, -0.6012760996818542, 0.04493778571486473, -0.7977352142333984], [0.8692536950111389, -0.11327636986970901, 0.44703200459480286, -0.17812590301036835], [0.4944484233856201, -0.003597814356908202, -0.052969515323638916, -0.8675840497016907], [0.9143723249435425, 0.3839685022830963, -0.11112626641988754, 0.06436008960008621], [0.009736774489283562, 0.6100122928619385, -0.034178171306848526, -0.7915946245193481], [0.8396046161651611, -0.22098366916179657, -0.4961283206939697, -0.00931987352669239], [0.6453914046287537, 1.4644089787907433e-05, 0.05112537369132042, -0.7621392011642456], [0.9697079062461853, -0.1966727077960968, 0.14482438564300537, -0.0034953649155795574]], "joint_names": ["Hips", "LeftUpLeg", "LeftLeg", "LeftFoot", "LeftToe", "RightUpLeg", "RightLeg", "RightFoot", "RightToe", "Spine", "Spine1", "Spine2", "Neck", "Head", "LeftShoulder", "LeftArm", "LeftForeArm", "LeftHand", "RightShoulder", "RightArm", "RightForeArm", "RightHand"]}