{"root_pos": [-127.35630798339844, 73.56505584716797, -60.777076721191406], "local_quat": [[0.25531649589538574, -0.7494356036186218, -0.6045556664466858, 0.08759185671806335], [0.04847406968474388, -0.32359427213668823, -0.9449474811553955, -0.003340646158903837], [0.9030824899673462, 0.06511928886175156, 0.004698034841567278, -0.4244754910469055], [0.7502439022064209, -0.03822731599211693, -0.12160997092723846, 0.6487554907798767], [0.9825732707977295, -0.0009895289549604058, 0.0018693342572078109, 0.18586350977420807], [0.010776403360068798, -0.06639789044857025, 0.9904846549034119, -0.1200639083981514], [0.8099493384361267, -0.1341821551322937, -0.055979058146476746, -0.568193256855011], [0.7845395803451538, -0.08855007588863373, -0.01221675518900156, 0.613601803779602], [0.9823858141899109, -0.0005311203422024846, 0.0005913400673307478, 0.18686223030090332], [0.998305082321167, 0.01993531547486782, 0.0006395443342626095, 0.05467332527041435], [0.9985608458518982, 0.04111408442258835, -0.005198221188038588, 0.03404279425740242], [0.9984998106956482, 0.04209596663713455, -0.0037092939019203186, 0.03481682389974594], [0.971375048160553, -0.12193085253238678, -0.19774538278579712, -0.04959895834326744], [0.9308295845985413, -0.2527463138103485, 0.24693110585212708, 0.09327718615531921], [0.06041934713721275, -0.6020731329917908, 0.09295498579740524, -0.79070645570755], [0.9149031639099121, 0.17202496528625488, 0.36056607961654663, 0.05789368972182274], [0.4673430025577545, 0.009253907017409801, -0.03067968599498272, -0.8834950923919678], [0.923669695854187, 0.3782053589820862, -0.024969030171632767, 0.05631695315241814], [-0.016905317083001137, 0.6354252099990845, 0.00022883748169988394, -0.7719773054122925], [0.8583750128746033, -0.24559707939624786, -0.4189811944961548, -0.16531561315059662], [0.5827916264533997, -0.017227958887815475, 0.027157949283719063, -0.8119848966598511], [0.9791693091392517, -0.18990692496299744, 0.0717165619134903, -0.0044077616184949875]], "joint_names": ["Hips", "LeftUpLeg", "LeftLeg", "LeftFoot", "LeftToe", "RightUpLeg", "RightLeg", "RightFoot", "RightToe", "Spine", "Spine1", "Spine2", "Neck", "Head", "LeftShoulder", "LeftArm", "LeftForeArm", "LeftHand", "RightShoulder", "RightArm", "RightForeArm", "RightHand"]}