{"root_pos": [-112.11752319335938, 65.97965240478516, -65.73091125488281], "local_quat": [[0.18064405024051666, -0.7440662980079651, -0.642894983291626, 0.020471161231398582], [0.03135326877236366, -0.2638470530509949, -0.9609010219573975, -0.07791607826948166], [0.8427007794380188, 0.08348017185926437, -0.0016940950881689787, -0.531868040561676], [0.6232389211654663, 0.03264196962118149, -0.04050933197140694, 0.7802991271018982], [0.982710063457489, -0.002281476743519306, 0.0022188322618603706, 0.18512381613254547], [0.020430289208889008, 0.11139819025993347, 0.9816270470619202, -0.1535622477531433], [0.45943140983581543, -0.1209922656416893, -0.10108422487974167, -0.8741084933280945], [0.6934269070625305, -0.10490617156028748, -0.08687473833560944, 0.7075355648994446], [0.9823569059371948, -0.001926689175888896, 0.0013735366519540548, 0.18700085580348969], [0.9983939528465271, -0.0007242134888656437, -5.6415512517560273e-05, 0.056648414582014084], [0.9985336065292358, 0.0016344558680430055, -0.010524071753025055, 0.05307735875248909], [0.9986317157745361, 0.0037269792519509792, -0.004001947119832039, 0.05200808122754097], [0.9793193936347961, -0.10412689298391342, -0.16574205458164215, -0.051192764192819595], [0.9433019757270813, -0.22795619070529938, 0.2306451052427292, 0.07085265964269638], [0.04348788410425186, -0.5844398736953735, 0.0769416093826294, -0.8066094517707825], [0.9042104482650757, 0.025760378688573837, 0.418882817029953, -0.0792272537946701], [0.4941985011100769, -0.002249258104711771, -0.046630240976810455, -0.8680947422981262], [0.9145545363426208, 0.39437344670295715, -0.07220054417848587, 0.053353458642959595], [-0.0014645865885540843, 0.6076273322105408, -0.019177846610546112, -0.793989360332489], [0.8297096490859985, -0.21733860671520233, -0.503863513469696, -0.10231046378612518], [0.6431116461753845, -0.005785080604255199, 0.04082123190164566, -0.7646617293357849], [0.9707799553871155, -0.20769280195236206, 0.1199912279844284, -0.00720763998106122]], "joint_names": ["Hips", "LeftUpLeg", "LeftLeg", "LeftFoot", "LeftToe", "RightUpLeg", "RightLeg", "RightFoot", "RightToe", "Spine", "Spine1", "Spine2", "Neck", "Head", "LeftShoulder", "LeftArm", "LeftForeArm", "LeftHand", "RightShoulder", "RightArm", "RightForeArm", "RightHand"]}