{"root_pos": [-105.12139129638672, 70.88114929199219, -62.37316131591797], "local_quat": [[0.08834409713745117, -0.724505603313446, -0.6802363991737366, -0.06756830960512161], [0.029780954122543335, -0.19312044978141785, -0.9750951528549194, -0.10491485893726349], [0.9034104347229004, 0.09471625089645386, -0.019594546407461166, -0.41772541403770447], [0.6427010297775269, 0.05396672710776329, -0.03494088724255562, 0.763414740562439], [0.9824322462081909, -0.003748516319319606, 0.0033832816407084465, 0.18655149638652802], [0.015352060087025166, 0.2443060427904129, 0.9538753628730774, -0.17378325760364532], [0.4200619161128998, -0.11638373881578445, -0.0987991914153099, -0.8945621848106384], [0.7338981032371521, -0.10603895038366318, -0.08977898210287094, 0.6648977994918823], [0.9823465943336487, -0.0023000158835202456, 0.0018257549963891506, 0.1870468705892563], [0.9971211552619934, -0.017602968961000443, -0.002099339384585619, 0.07372359931468964], [0.996533989906311, -0.03225699067115784, -0.014472596347332, 0.07529906928539276], [0.9971568584442139, -0.030751507729291916, -0.00698719872161746, 0.06843813508749008], [0.9824854135513306, -0.10423904657363892, -0.14458273351192474, -0.05433671921491623], [0.946543276309967, -0.2243591994047165, 0.22756381332874298, 0.04397134855389595], [0.019488593563437462, -0.5907946825027466, 0.05530619993805885, -0.8046882748603821], [0.8811259269714355, -0.0784635841846466, 0.4376699924468994, -0.16095206141471863], [0.5085049271583557, -0.00628251675516367, -0.05623544007539749, -0.859197735786438], [0.9142228364944458, 0.3866020739078522, -0.10408896207809448, 0.06245855614542961], [0.006417125929147005, 0.6048098206520081, -0.02930893376469612, -0.7958044409751892], [0.8292046785354614, -0.20786190032958984, -0.5166448950767517, -0.047863394021987915], [0.6467583179473877, -0.0011031319154426455, 0.04777636006474495, -0.7611963748931885], [0.9688896536827087, -0.20193737745285034, 0.14292645454406738, -0.006796836853027344]], "joint_names": ["Hips", "LeftUpLeg", "LeftLeg", "LeftFoot", "LeftToe", "RightUpLeg", "RightLeg", "RightFoot", "RightToe", "Spine", "Spine1", "Spine2", "Neck", "Head", "LeftShoulder", "LeftArm", "LeftForeArm", "LeftHand", "RightShoulder", "RightArm", "RightForeArm", "RightHand"]}