{"root_pos": [-116.06101989746094, 66.95921325683594, -65.17049407958984], "local_quat": [[0.2137465626001358, -0.7464265823364258, -0.6280439496040344, 0.052159201353788376], [0.04060015082359314, -0.2827899754047394, -0.9569756388664246, -0.05078507214784622], [0.8554078340530396, 0.07767260819673538, 0.0012536495923995972, -0.5120964646339417], [0.658298671245575, 0.012338999658823013, -0.06280889362096786, 0.7500303983688354], [0.9826882481575012, -0.0019115365575999022, 0.00250637112185359, 0.1852399855852127], [0.017473729327321053, 0.04082648828625679, 0.9896266460418701, -0.13662762939929962], [0.5556785464286804, -0.12891755998134613, -0.09041967988014221, -0.8163490891456604], [0.7156655788421631, -0.09940224885940552, -0.061162736266851425, 0.6886226534843445], [0.9823405146598816, -0.001383220311254263, 0.0011864121770486236, 0.18709298968315125], [0.9985634684562683, 0.006519018206745386, 0.0006046912167221308, 0.053179606795310974], [0.9988766312599182, 0.015671109780669212, -0.008017648011446, 0.043995797634124756], [0.9988561868667603, 0.01737201400101185, -0.003174501471221447, 0.044433943927288055], [0.9770688414573669, -0.10817046463489532, -0.1771293580532074, -0.04754867032170296], [0.9398304224014282, -0.2342769354581833, 0.23486769199371338, 0.081671342253685], [0.05148943141102791, -0.5901950597763062, 0.08482304215431213, -0.8011390566825867], [0.9156187176704407, 0.06854158639907837, 0.3947429358959198, -0.033502500504255295], [0.47645846009254456, 0.0016975022153928876, -0.0400024875998497, -0.8782848715782166], [0.9167647957801819, 0.39185240864753723, -0.05807507410645485, 0.051198482513427734], [-0.0058368416503071785, 0.6187710165977478, -0.013694047927856445, -0.7854303121566772], [0.8412442803382874, -0.2349015325307846, -0.4730285108089447, -0.11564316600561142], [0.6280640363693237, -0.009384707547724247, 0.03657541796565056, -0.7772449851036072], [0.9737509489059448, -0.20377419888973236, 0.10123266279697418, -0.006089565344154835]], "joint_names": ["Hips", "LeftUpLeg", "LeftLeg", "LeftFoot", "LeftToe", "RightUpLeg", "RightLeg", "RightFoot", "RightToe", "Spine", "Spine1", "Spine2", "Neck", "Head", "LeftShoulder", "LeftArm", "LeftForeArm", "LeftHand", "RightShoulder", "RightArm", "RightForeArm", "RightHand"]}