{"root_pos": [-93.23494720458984, 82.28060913085938, -55.03589630126953], "local_quat": [[-0.038679055869579315, -0.7003929018974304, -0.6967090368270874, -0.15016764402389526], [0.02439441718161106, -0.056310344487428665, -0.9935926795005798, -0.09490875154733658], [0.967866837978363, 0.10291126370429993, -0.042441774159669876, -0.225481316447258], [0.8106036186218262, 0.0314900279045105, -0.09771648794412613, 0.5765255093574524], [0.9817027449607849, -0.006873783655464649, 0.007507788483053446, 0.19014762341976166], [-0.009850719012320042, 0.36144307255744934, 0.9155921339988708, -0.17593447864055634], [0.6653351783752441, -0.12123365700244904, -0.0674622505903244, -0.7335395216941833], [0.8061520457267761, -0.08716834336519241, -0.029370518401265144, 0.5845152139663696], [0.9822056293487549, -0.0019134996691718698, 0.0025216739159077406, 0.18778209388256073], [0.9946522116661072, -0.041062794625759125, 0.005702984053641558, 0.0945950448513031], [0.9928159713745117, -0.0778619796037674, 0.006443506572395563, 0.090622678399086], [0.9937243461608887, -0.07913227379322052, 0.011193371377885342, 0.07826066762208939], [0.9839906692504883, -0.12502925097942352, -0.12082888185977936, -0.03912157565355301], [0.9471567273139954, -0.23681142926216125, 0.214091956615448, 0.03128892183303833], [-0.011127814650535583, -0.6219561696052551, 0.027239184826612473, -0.7824990749359131], [0.8563717603683472, -0.13509133458137512, 0.4603418707847595, -0.1909533590078354], [0.475294291973114, -0.0003243842220399529, -0.04929749295115471, -0.8784446716308594], [0.9112236499786377, 0.38766372203826904, -0.12233542650938034, 0.06650111079216003], [0.0159425288438797, 0.6221357583999634, -0.04517315700650215, -0.781442403793335], [0.862008273601532, -0.24306620657444, -0.44149914383888245, 0.05421409010887146], [0.630623459815979, 0.0018167351372539997, 0.054857514798641205, -0.7741456031799316], [0.970283567905426, -0.2001846581697464, 0.13591283559799194, 0.001927851466462016]], "joint_names": ["Hips", "LeftUpLeg", "LeftLeg", "LeftFoot", "LeftToe", "RightUpLeg", "RightLeg", "RightFoot", "RightToe", "Spine", "Spine1", "Spine2", "Neck", "Head", "LeftShoulder", "LeftArm", "LeftForeArm", "LeftHand", "RightShoulder", "RightArm", "RightForeArm", "RightHand"]}