{"root_pos": [-133.47335815429688, 77.38162994384766, -58.210906982421875], "local_quat": [[0.2687181830406189, -0.7504146695137024, -0.5957035422325134, 0.09902369976043701], [0.05324810370802879, -0.3429007828235626, -0.9377754926681519, 0.012677417136728764], [0.9327754378318787, 0.053778961300849915, 0.008385265246033669, -0.35632485151290894], [0.7918254137039185, -0.057976119220256805, -0.13599301874637604, 0.5925852060317993], [0.9825257658958435, -0.0004944780957885087, 0.0009558513993397355, 0.18612335622310638], [0.010032480582594872, -0.09734893590211868, 0.9883917570114136, -0.11620792001485825], [0.8947558403015137, -0.12637785077095032, -0.04238350689411163, -0.4261973798274994], [0.8160597085952759, -0.08222353458404541, 0.001743294415064156, 0.5720863342285156], [0.9824403524398804, -0.0002201726019848138, 0.00031242496334016323, 0.18657651543617249], [0.9980024695396423, 0.025910114869475365, -0.0011478984961286187, 0.05760511755943298], [0.998063862323761, 0.05212045833468437, -0.00697368523105979, 0.03321565315127373], [0.9980593919754028, 0.05264129862189293, -0.006615714635699987, 0.03259751573204994], [0.9686344265937805, -0.1287761926651001, -0.20504577457904816, -0.055858951061964035], [0.9262199401855469, -0.2616410255432129, 0.2541661262512207, 0.0951850488781929], [0.06284906715154648, -0.6072850227355957, 0.09468108415603638, -0.7863144278526306], [0.906234622001648, 0.21943117678165436, 0.34734389185905457, 0.09970418363809586], [0.4766489863395691, 0.012812412343919277, -0.027914628386497498, -0.8785569071769714], [0.9294108748435974, 0.3636429011821747, -0.01056609582155943, 0.062028516083955765], [-0.022647567093372345, 0.6424130201339722, 0.006974533665925264, -0.7659921646118164], [0.8632572889328003, -0.23836177587509155, -0.40079745650291443, -0.19321508705615997], [0.5604444742202759, -0.020759180188179016, 0.02295113354921341, -0.8276136517524719], [0.9802687168121338, -0.18762047588825226, 0.0620809942483902, -0.0042199669405817986]], "joint_names": ["Hips", "LeftUpLeg", "LeftLeg", "LeftFoot", "LeftToe", "RightUpLeg", "RightLeg", "RightFoot", "RightToe", "Spine", "Spine1", "Spine2", "Neck", "Head", "LeftShoulder", "LeftArm", "LeftForeArm", "LeftHand", "RightShoulder", "RightArm", "RightForeArm", "RightHand"]}