{"root_pos": [-63.15111541748047, 80.4238510131836, -38.483333587646484], "local_quat": [[-0.22587893903255463, -0.6516017913818359, -0.6835314631462097, -0.23912033438682556], [0.006208835635334253, 0.012319785542786121, -0.9987221956253052, -0.048618245869874954], [0.7961937189102173, 0.10409528017044067, -0.0025263528805226088, -0.596014678478241], [0.7277917265892029, -0.02622811309993267, -0.14780429005622864, 0.6691675782203674], [0.9804054498672485, -0.010698928497731686, 0.01416397001594305, 0.19618839025497437], [-0.021453505381941795, 0.2530221939086914, 0.9551517963409424, -0.1523306965827942], [0.9592974185943604, -0.12688909471035004, 0.025715941563248634, -0.250970721244812], [0.7575453519821167, -0.10942793637514114, 0.055814310908317566, 0.641120433807373], [0.982055127620697, -0.0006616587052121758, 0.00718431593850255, 0.1884559541940689], [0.992757260799408, -0.055316630750894547, 0.013290484435856342, 0.10581357032060623], [0.9903742671012878, -0.10333432257175446, 0.02095925807952881, 0.08967514336109161], [0.9905557036399841, -0.10691630840301514, 0.024455919861793518, 0.08228141814470291], [0.988064169883728, -0.11245802044868469, -0.1039111539721489, -0.016876155510544777], [0.962943971157074, -0.2165735363960266, 0.15935707092285156, 0.020978860557079315], [-0.035781487822532654, -0.6331866979598999, 0.001457671169191599, -0.7731701731681824], [0.8633117079734802, -0.01887599006295204, 0.4553843140602112, -0.21670666337013245], [0.5695194005966187, -0.016196077689528465, -0.07763974368572235, -0.8181425929069519], [0.8882761001586914, 0.440112441778183, -0.0787835419178009, 0.10516542941331863], [0.02173096127808094, 0.6386460661888123, -0.05839519947767258, -0.7669739723205566], [0.8897629380226135, -0.14320677518844604, -0.42550167441368103, 0.08223225176334381], [0.4963507652282715, 0.0038748267106711864, 0.037246547639369965, -0.8673141002655029], [0.9657749533653259, -0.23384800553321838, 0.10998710244894028, -0.02228548377752304]], "joint_names": ["Hips", "LeftUpLeg", "LeftLeg", "LeftFoot", "LeftToe", "RightUpLeg", "RightLeg", "RightFoot", "RightToe", "Spine", "Spine1", "Spine2", "Neck", "Head", "LeftShoulder", "LeftArm", "LeftForeArm", "LeftHand", "RightShoulder", "RightArm", "RightForeArm", "RightHand"]}