{"root_pos": [-88.79447174072266, 85.005615234375, -51.98165512084961], "local_quat": [[-0.08090467751026154, -0.6927882432937622, -0.6963692307472229, -0.16902312636375427], [0.02116820588707924, -0.02199573442339897, -0.996120274066925, -0.08253799378871918], [0.9708539843559265, 0.10252398252487183, -0.042966995388269424, -0.21233324706554413], [0.8395707607269287, 0.015364740043878555, -0.12055451422929764, 0.5294821858406067], [0.9814146161079407, -0.007660789415240288, 0.008710402995347977, 0.19154812395572662], [-0.015755165368318558, 0.3669554591178894, 0.9126200675964355, -0.17949961125850677], [0.7883092164993286, -0.12368988990783691, -0.044110871851444244, -0.6011019349098206], [0.8207125067710876, -0.08493589609861374, -0.0021954441908746958, 0.5649886131286621], [0.982144296169281, -0.0017350768903270364, 0.002999651711434126, 0.18809720873832703], [0.9938398003578186, -0.047104425728321075, 0.009137225337326527, 0.09990090876817703], [0.9915705323219299, -0.08958744257688522, 0.015036139637231827, 0.09239009767770767], [0.9924535155296326, -0.09161249548196793, 0.01841549761593342, 0.07939774543046951], [0.984423816204071, -0.1282561719417572, -0.11618859320878983, -0.030989155173301697], [0.9487115740776062, -0.23790481686592102, 0.20588456094264984, 0.030970703810453415], [-0.01908056065440178, -0.6329739689826965, 0.01971612311899662, -0.7736867666244507], [0.8595108985900879, -0.1299864798784256, 0.45485880970954895, -0.19351471960544586], [0.4745959937572479, -0.00026857733610086143, -0.05044317618012428, -0.878757119178772], [0.9094650745391846, 0.3920987546443939, -0.11877406388521194, 0.070884570479393], [0.018188374117016792, 0.6302796006202698, -0.05010540410876274, -0.7745362520217896], [0.8630049228668213, -0.2533194124698639, -0.4298088550567627, 0.07947351038455963], [0.6060160994529724, 0.0011301422491669655, 0.05199190974235535, -0.7937506437301636], [0.9708057641983032, -0.2049250304698944, 0.12466312944889069, 0.000993535970337689]], "joint_names": ["Hips", "LeftUpLeg", "LeftLeg", "LeftFoot", "LeftToe", "RightUpLeg", "RightLeg", "RightFoot", "RightToe", "Spine", "Spine1", "Spine2", "Neck", "Head", "LeftShoulder", "LeftArm", "LeftForeArm", "LeftHand", "RightShoulder", "RightArm", "RightForeArm", "RightHand"]}