{"root_pos": [-47.451473236083984, 71.8644790649414, -22.53285789489746], "local_quat": [[-0.3745008111000061, -0.5832350254058838, -0.6194718480110168, -0.3685656785964966], [-0.029702354222536087, -0.22044922411441803, -0.9713589549064636, -0.08355586230754852], [0.44443053007125854, 0.08509309589862823, 0.04902850463986397, -0.8904139399528503], [0.6689602732658386, -0.016451062634587288, -0.07220341265201569, 0.7396000623703003], [0.9805944561958313, -0.011596210300922394, 0.014040703885257244, 0.19519992172718048], [-0.010633297264575958, 0.23336131870746613, 0.9629722833633423, -0.13458764553070068], [0.9004398584365845, -0.1729317605495453, 0.04237552732229233, -0.39687150716781616], [0.5213720798492432, -0.16246084868907928, 0.042536795139312744, 0.8366410732269287], [0.9822049736976624, -0.0009908087085932493, 0.007566255517303944, 0.18765683472156525], [0.991969645023346, -0.029545040801167488, 0.022656569257378578, 0.12087220698595047], [0.991455078125, -0.04797307029366493, 0.026656415313482285, 0.11834198981523514], [0.9922037720680237, -0.048159532248973846, 0.03669346496462822, 0.10893066972494125], [0.9819992184638977, -0.09656475484371185, -0.15747687220573425, -0.039418332278728485], [0.9653120636940002, -0.212107852101326, 0.15143796801567078, -0.015792595222592354], [-0.01731283962726593, -0.5953277945518494, 0.02454090118408203, -0.80292147397995], [0.8404486775398254, -0.03754821792244911, 0.4916680157184601, -0.22471901774406433], [0.6889528632164001, -0.04183710739016533, -0.11608027666807175, -0.7142261266708374], [0.8677873015403748, 0.463029146194458, -0.12129674106836319, 0.13355234265327454], [0.001062211929820478, 0.6264009475708008, -0.03398383781313896, -0.7787590622901917], [0.8739104866981506, -0.020505402237176895, -0.48065945506095886, -0.06947367638349533], [0.4984338581562042, 0.013022820465266705, 0.03600578382611275, -0.8660818338394165], [0.9484331011772156, -0.2731928825378418, 0.15687961876392365, -0.03505663573741913]], "joint_names": ["Hips", "LeftUpLeg", "LeftLeg", "LeftFoot", "LeftToe", "RightUpLeg", "RightLeg", "RightFoot", "RightToe", "Spine", "Spine1", "Spine2", "Neck", "Head", "LeftShoulder", "LeftArm", "LeftForeArm", "LeftHand", "RightShoulder", "RightArm", "RightForeArm", "RightHand"]}