{"root_pos": [-77.94840240478516, 88.08848571777344, -45.85905075073242], "local_quat": [[-0.15174849331378937, -0.678360641002655, -0.691955029964447, -0.19492942094802856], [0.011746914125978947, 0.022974949330091476, -0.9976143836975098, -0.06402889639139175], [0.9639542102813721, 0.1017727255821228, -0.03889000415802002, -0.24273905158042908], [0.8471128940582275, -0.01818419061601162, -0.16439937055110931, 0.5050167441368103], [0.9808262586593628, -0.009094001725316048, 0.011172724887728691, 0.1943509578704834], [-0.020336320623755455, 0.30423516035079956, 0.9335495829582214, -0.18844769895076752], [0.9403011202812195, -0.11835001409053802, 0.0013663691934198141, -0.31910043954849243], [0.8409332633018494, -0.0875810906291008, 0.03822747617959976, 0.5326343774795532], [0.9820113778114319, -0.0013386456994339824, 0.00454651890322566, 0.18876254558563232], [0.9928915500640869, -0.058458760380744934, 0.01378682442009449, 0.10275617986917496], [0.9897381663322449, -0.11092925071716309, 0.026285583153367043, 0.0861511081457138], [0.9902259707450867, -0.11457333713769913, 0.027515755966305733, 0.07462178170681], [0.987038791179657, -0.12597016990184784, -0.09811823815107346, -0.01608460396528244], [0.9562550187110901, -0.22848600149154663, 0.17939867079257965, 0.034449901431798935], [-0.032890450209379196, -0.6464139819145203, 0.004858365282416344, -0.7622621059417725], [0.8651317358016968, -0.07757148891687393, 0.4575518071651459, -0.19020015001296997], [0.4847361147403717, -0.0009880937868729234, -0.05320362001657486, -0.8730403184890747], [0.9029027223587036, 0.41104263067245483, -0.09638134390115738, 0.08075494319200516], [0.02238878421485424, 0.6408275961875916, -0.05788672715425491, -0.7651717662811279], [0.8704282641410828, -0.24241572618484497, -0.4136788845062256, 0.11161977797746658], [0.5495275259017944, -0.00020066919387318194, 0.04432493820786476, -0.8342989683151245], [0.9707849025726318, -0.21598359942436218, 0.10442622005939484, -0.004795023240149021]], "joint_names": ["Hips", "LeftUpLeg", "LeftLeg", "LeftFoot", "LeftToe", "RightUpLeg", "RightLeg", "RightFoot", "RightToe", "Spine", "Spine1", "Spine2", "Neck", "Head", "LeftShoulder", "LeftArm", "LeftForeArm", "LeftHand", "RightShoulder", "RightArm", "RightForeArm", "RightHand"]}