{"root_pos": [-72.87662506103516, 87.00447845458984, -43.06158447265625], "local_quat": [[-0.18113158643245697, -0.6706166863441467, -0.687835693359375, -0.21058638393878937], [0.007466431241482496, 0.03952529653906822, -0.9978433847427368, -0.05187216401100159], [0.945472240447998, 0.10097052156925201, -0.03125753998756409, -0.3080749213695526], [0.8245742917060852, -0.028630223125219345, -0.17152397334575653, 0.5383653044700623], [0.9805824756622314, -0.009861000813543797, 0.012465760111808777, 0.19546231627464294], [-0.025802912190556526, 0.2671734094619751, 0.9459549188613892, -0.18199436366558075], [0.9630776047706604, -0.11607067286968231, 0.015134687535464764, -0.24244621396064758], [0.8307839035987854, -0.09005475789308548, 0.052372317761182785, 0.5467590093612671], [0.982015073299408, -0.0009702566312626004, 0.005505959037691355, 0.1887200027704239], [0.9926607012748718, -0.06197432801127434, 0.012971818447113037, 0.10303223878145218], [0.9891998767852783, -0.11728768050670624, 0.024948906153440475, 0.08428952097892761], [0.9894682765007019, -0.12148252874612808, 0.026480136439204216, 0.07411649823188782], [0.988236129283905, -0.12213913351297379, -0.09137073904275894, -0.011078549548983574], [0.9596433043479919, -0.22249573469161987, 0.16868574917316437, 0.033548276871442795], [-0.03843086212873459, -0.6471240520477295, -0.0013354368275031447, -0.7614142894744873], [0.8665480613708496, -0.045110248029232025, 0.45539698004722595, -0.19918113946914673], [0.5065523982048035, -0.004086517263203859, -0.058801718056201935, -0.860192060470581], [0.8988257646560669, 0.42101866006851196, -0.08417770266532898, 0.08814530074596405], [0.024036673828959465, 0.6405951976776123, -0.06028446555137634, -0.7651311755180359], [0.8772772550582886, -0.21450717747211456, -0.4139125943183899, 0.11422687023878098], [0.5220259428024292, 0.00025836218264885247, 0.040918897837400436, -0.8519474864006042], [0.969947338104248, -0.22116249799728394, 0.1008947342634201, -0.010469474829733372]], "joint_names": ["Hips", "LeftUpLeg", "LeftLeg", "LeftFoot", "LeftToe", "RightUpLeg", "RightLeg", "RightFoot", "RightToe", "Spine", "Spine1", "Spine2", "Neck", "Head", "LeftShoulder", "LeftArm", "LeftForeArm", "LeftHand", "RightShoulder", "RightArm", "RightForeArm", "RightHand"]}