{"root_pos": [-51.04121017456055, 72.73049926757812, -27.042423248291016], "local_quat": [[-0.3363106846809387, -0.6038996577262878, -0.639678955078125, -0.33617135882377625], [-0.016748547554016113, -0.16076506674289703, -0.9840485453605652, -0.07431386411190033], [0.5026443004608154, 0.09228620678186417, 0.0392608642578125, -0.8586562275886536], [0.6628033518791199, -0.022126711905002594, -0.09804371744394302, 0.7420172691345215], [0.980553388595581, -0.01130765862762928, 0.014376742765307426, 0.1953982561826706], [0.00019867288938257843, 0.24500983953475952, 0.9601636528968811, -0.13437187671661377], [0.9144119024276733, -0.1681056022644043, 0.0429910346865654, -0.3657091557979584], [0.5610449314117432, -0.15839514136314392, 0.04421836510300636, 0.8112855553627014], [0.982185423374176, -0.0008768244879320264, 0.00747381616383791, 0.18776340782642365], [0.9923436641693115, -0.03319789469242096, 0.02130538783967495, 0.11703883111476898], [0.9918267726898193, -0.05642441660165787, 0.027144482359290123, 0.11117164045572281], [0.9923970699310303, -0.057382307946681976, 0.035386379808187485, 0.10297144949436188], [0.9833235740661621, -0.09768641740083694, -0.14849057793617249, -0.03850487992167473], [0.9651191234588623, -0.21201929450035095, 0.15337418019771576, -0.008326081559062004], [-0.01883648708462715, -0.6026730537414551, 0.021899834275245667, -0.7974652051925659], [0.8448646068572998, -0.03541390597820282, 0.48434022068977356, -0.22441986203193665], [0.6618508100509644, -0.03565289452672005, -0.10665307193994522, -0.741152822971344], [0.8711085319519043, 0.46168193221092224, -0.10831224173307419, 0.12762516736984253], [0.005722847767174244, 0.628354012966156, -0.03894861415028572, -0.7769308686256409], [0.8860889077186584, -0.04785263538360596, -0.4596094489097595, -0.03627242520451546], [0.4967673122882843, 0.01121311541646719, 0.036040451377630234, -0.8670626282691956], [0.9536463618278503, -0.261163592338562, 0.14562475681304932, -0.033848341554403305]], "joint_names": ["Hips", "LeftUpLeg", "LeftLeg", "LeftFoot", "LeftToe", "RightUpLeg", "RightLeg", "RightFoot", "RightToe", "Spine", "Spine1", "Spine2", "Neck", "Head", "LeftShoulder", "LeftArm", "LeftForeArm", "LeftHand", "RightShoulder", "RightArm", "RightForeArm", "RightHand"]}