{"root_pos": [-54.73286819458008, 74.6442642211914, -32.02770233154297], "local_quat": [[-0.29420486092567444, -0.6238753795623779, -0.6606374979019165, -0.2962787449359894], [-0.004849276039749384, -0.09804429113864899, -0.9929585456848145, -0.06631124019622803], [0.5797430872917175, 0.09773772954940796, 0.028090551495552063, -0.8084282279014587], [0.6699550151824951, -0.022775085642933846, -0.11401110887527466, 0.7332414388656616], [0.980522096157074, -0.01115119643509388, 0.014515533111989498, 0.19555412232875824], [0.0018559752497822046, 0.25985366106033325, 0.956434965133667, -0.13305893540382385], [0.9338311553001404, -0.15526807308197021, 0.03883738070726395, -0.3199109137058258], [0.619590163230896, -0.14610795676708221, 0.04592214897274971, 0.7698386907577515], [0.9821354150772095, -0.0007826919900253415, 0.007470891810953617, 0.1880253106355667], [0.9925380945205688, -0.040003519505262375, 0.01925637759268284, 0.11356543004512787], [0.9916502833366394, -0.07122267782688141, 0.02630099095404148, 0.10423725843429565], [0.9920865297317505, -0.07300382107496262, 0.032570015639066696, 0.09681933373212814], [0.9850667715072632, -0.10221483558416367, -0.13442565500736237, -0.03354622796177864], [0.9646037817001343, -0.2136269360780716, 0.1546039879322052, -0.0008147195912897587], [-0.023564456030726433, -0.6128126978874207, 0.015925318002700806, -0.7897161841392517], [0.8522940278053284, -0.02953938953578472, 0.4758230745792389, -0.21520842611789703], [0.6336163282394409, -0.028818581253290176, -0.09699782729148865, -0.7670015096664429], [0.8771188855171204, 0.4549155831336975, -0.09408090263605118, 0.12191392481327057], [0.011320728808641434, 0.6312965750694275, -0.04586460441350937, -0.7741013765335083], [0.8947317004203796, -0.07524086534976959, -0.44016140699386597, 0.007209254428744316], [0.4951501488685608, 0.008846866898238659, 0.03645336627960205, -0.8679972887039185], [0.9586563110351562, -0.24828475713729858, 0.1355460286140442, -0.030986305326223373]], "joint_names": ["Hips", "LeftUpLeg", "LeftLeg", "LeftFoot", "LeftToe", "RightUpLeg", "RightLeg", "RightFoot", "RightToe", "Spine", "Spine1", "Spine2", "Neck", "Head", "LeftShoulder", "LeftArm", "LeftForeArm", "LeftHand", "RightShoulder", "RightArm", "RightForeArm", "RightHand"]}