{"root_pos": [-58.62425231933594, 77.2502670288086, -35.855865478515625], "local_quat": [[-0.2551695704460144, -0.6410441994667053, -0.6753720045089722, -0.2604294419288635], [0.0024378991220146418, -0.03688952326774597, -0.997728168964386, -0.05631785839796066], [0.67669278383255, 0.10145892947912216, 0.014777101576328278, -0.7290915250778198], [0.6907176375389099, -0.022797439247369766, -0.1279284656047821, 0.7113534212112427], [0.9804705381393433, -0.010939895175397396, 0.014477512799203396, 0.19582737982273102], [-0.008565100841224194, 0.2667727470397949, 0.9536663889884949, -0.13885024189949036], [0.9458072185516357, -0.14121805131435394, 0.03149549290537834, -0.29071322083473206], [0.6892664432525635, -0.12858597934246063, 0.050082359462976456, 0.7112447619438171], [0.9820858240127563, -0.0007269291090779006, 0.007419042754918337, 0.1882867068052292], [0.9927628040313721, -0.04790686443448067, 0.01619989052414894, 0.10892476886510849], [0.9911816716194153, -0.08803573995828629, 0.02332405187189579, 0.09625261276960373], [0.9914633631706238, -0.0906800851225853, 0.02815200760960579, 0.08935832977294922], [0.9868959188461304, -0.10696674138307571, -0.1183963343501091, -0.02401743456721306], [0.964059054851532, -0.2145835906267166, 0.15631292760372162, 0.010498762130737305], [-0.029671834781765938, -0.6231682896614075, 0.00854047667235136, -0.7814780473709106], [0.8589197993278503, -0.023209957405924797, 0.4643261432647705, -0.21475426852703094], [0.6024535298347473, -0.022466911002993584, -0.08746834099292755, -0.7930285334587097], [0.8829107880592346, 0.447514146566391, -0.08474787324666977, 0.11409339308738708], [0.01689199171960354, 0.6352068185806274, -0.05277049541473389, -0.7703520655632019], [0.8947092294692993, -0.10738513618707657, -0.4307861924171448, 0.0488584041595459], [0.49417489767074585, 0.006360966712236404, 0.03683867305517197, -0.8685584664344788], [0.9626318216323853, -0.2396765500307083, 0.12308739870786667, -0.027289390563964844]], "joint_names": ["Hips", "LeftUpLeg", "LeftLeg", "LeftFoot", "LeftToe", "RightUpLeg", "RightLeg", "RightFoot", "RightToe", "Spine", "Spine1", "Spine2", "Neck", "Head", "LeftShoulder", "LeftArm", "LeftForeArm", "LeftHand", "RightShoulder", "RightArm", "RightForeArm", "RightHand"]}