{"root_pos": [-83.45553588867188, 87.12601470947266, -48.90053939819336], "local_quat": [[-0.11807950586080551, -0.6852294206619263, -0.6953833103179932, -0.1815485805273056], [0.01723610982298851, 0.004213294014334679, -0.997096061706543, -0.07405779510736465], [0.9707919359207153, 0.10256218910217285, -0.042775630950927734, -0.21263617277145386], [0.8511033654212952, -0.002512927632778883, -0.146389439702034, 0.5041695237159729], [0.9811095595359802, -0.008344619534909725, 0.009882942773401737, 0.1930197775363922], [-0.01819986291229725, 0.3438948392868042, 0.9200652837753296, -0.186775341629982], [0.8854359984397888, -0.12199947237968445, -0.019506629556417465, -0.4480386972427368], [0.8348287343978882, -0.0862327516078949, 0.018990159034729004, 0.5433822274208069], [0.982063889503479, -0.0015902210725471377, 0.0036963731981813908, 0.18850527703762054], [0.9932940602302551, -0.05248932167887688, 0.012045124545693398, 0.10230650752782822], [0.990673303604126, -0.09986657649278641, 0.02221968024969101, 0.08999612182378769], [0.9913970828056335, -0.10276516526937485, 0.024199677631258965, 0.07736605405807495], [0.9855256676673889, -0.12782913446426392, -0.10885398089885712, -0.02344593219459057], [0.9521313905715942, -0.23426444828510284, 0.19362081587314606, 0.032816559076309204], [-0.02588820829987526, -0.6413469910621643, 0.01265748217701912, -0.7667096257209778], [0.8626247644424438, -0.11065874248743057, 0.4546221196651459, -0.192228764295578], [0.4750750660896301, -9.280279482482001e-05, -0.05110926181077957, -0.8784598112106323], [0.9065012335777283, 0.4004251956939697, -0.11102063953876495, 0.07476377487182617], [0.019976461306214333, 0.638190746307373, -0.0540880523622036, -0.767716109752655], [0.8650277853012085, -0.25540512800216675, -0.42033660411834717, 0.09905718266963959], [0.57841956615448, 0.00019704256555996835, 0.048093587160110474, -0.81432044506073], [0.9710565805435181, -0.21023786067962646, 0.11334852129220963, -0.0011266762157902122]], "joint_names": ["Hips", "LeftUpLeg", "LeftLeg", "LeftFoot", "LeftToe", "RightUpLeg", "RightLeg", "RightFoot", "RightToe", "Spine", "Spine1", "Spine2", "Neck", "Head", "LeftShoulder", "LeftArm", "LeftForeArm", "LeftHand", "RightShoulder", "RightArm", "RightForeArm", "RightHand"]}