{"root_pos": [-67.74701690673828, 83.9636459350586, -40.68147659301758], "local_quat": [[-0.20351748168468475, -0.6598631739616394, -0.6871606111526489, -0.22576873004436493], [0.006377764977514744, 0.04209556058049202, -0.9980312585830688, -0.046054620295763016], [0.8980786204338074, 0.1028280183672905, -0.01963156647980213, -0.42719510197639465], [0.778754711151123, -0.030358538031578064, -0.16588860750198364, 0.6042353510856628], [0.9804180860519409, -0.010407057590782642, 0.01356648188084364, 0.19618390500545502], [-0.030206795781850815, 0.24774329364299774, 0.9535518884658813, -0.16867034137248993], [0.9668275713920593, -0.1185644194483757, 0.022358955815434456, -0.22513766586780548], [0.8058127760887146, -0.09583386033773422, 0.05944829061627388, 0.5813325643539429], [0.9820368885993958, -0.0007107511046342552, 0.00654301093891263, 0.1885744035243988], [0.9926285147666931, -0.060926150530576706, 0.011994315311312675, 0.10408085584640503], [0.9894652366638184, -0.11479495465755463, 0.02158406376838684, 0.08552667498588562], [0.989629864692688, -0.11900760978460312, 0.02393520437180996, 0.07679199427366257], [0.988520622253418, -0.11805971711874008, -0.093464694917202, -0.012380451895296574], [0.9614625573158264, -0.21933630108833313, 0.16323032975196838, 0.028932886198163033], [-0.039830293506383896, -0.6424671411514282, -0.0028472121339291334, -0.7652720808982849], [0.8665896058082581, -0.023700475692749023, 0.45100513100624084, -0.2122618407011032], [0.5372279286384583, -0.009789591655135155, -0.06777556985616684, -0.8406526446342468], [0.8935557007789612, 0.431538462638855, -0.0777980238199234, 0.09633394330739975], [0.024265671148896217, 0.6402607560157776, -0.06105229631066322, -0.7653431296348572], [0.8845669627189636, -0.17895391583442688, -0.4177817404270172, 0.10476265847682953], [0.5049600601196289, 0.0017936519579961896, 0.03862324729561806, -0.8622762560844421], [0.9683481454849243, -0.22737382352352142, 0.10167333483695984, -0.01629483886063099]], "joint_names": ["Hips", "LeftUpLeg", "LeftLeg", "LeftFoot", "LeftToe", "RightUpLeg", "RightLeg", "RightFoot", "RightToe", "Spine", "Spine1", "Spine2", "Neck", "Head", "LeftShoulder", "LeftArm", "LeftForeArm", "LeftHand", "RightShoulder", "RightArm", "RightForeArm", "RightHand"]}