{"root_pos": [-33.59021759033203, 76.40677642822266, -7.799356937408447], "local_quat": [[-0.4669410288333893, -0.5238531827926636, -0.5613523721694946, -0.43866562843322754], [-0.0778256356716156, -0.385505735874176, -0.9167875051498413, -0.06949146091938019], [0.5532878041267395, 0.07947902381420135, 0.04805150255560875, -0.8277963399887085], [0.7236031889915466, -0.011418848298490047, -0.052202627062797546, 0.6881445646286011], [0.9800923466682434, -0.01257115788757801, 0.01497578714042902, 0.197577103972435], [0.0007541897357441485, 0.13450752198696136, 0.9840767979621887, -0.11618980020284653], [0.9121503233909607, -0.1547749787569046, 0.031092729419469833, -0.37823233008384705], [0.5854206681251526, -0.12495849281549454, 0.08758063614368439, 0.7962397336959839], [0.98195880651474, -0.0020822188816964626, 0.00935464259237051, 0.18885201215744019], [0.990880012512207, -0.02517671510577202, 0.021917836740612984, 0.13054706156253815], [0.9907989501953125, -0.03874370828270912, 0.01673102378845215, 0.12859386205673218], [0.9922035336494446, -0.03966684266924858, 0.028270943090319633, 0.11471419036388397], [0.9785963296890259, -0.1110108345746994, -0.17111633718013763, -0.027292974293231964], [0.9599967002868652, -0.23071713745594025, 0.1563718318939209, -0.026902195066213608], [-0.02570793591439724, -0.6003709435462952, 0.018952617421746254, -0.7990835905075073], [0.868523120880127, 0.00883298646658659, 0.4585168659687042, -0.1880209594964981], [0.7366480827331543, -0.0521608404815197, -0.13164208829402924, -0.6612861156463623], [0.8709813952445984, 0.4471278488636017, -0.13715724647045135, 0.1505195051431656], [-0.013697361573576927, 0.6473619341850281, -0.021577902138233185, -0.7617540955543518], [0.855457067489624, 0.06601344048976898, -0.4984849989414215, -0.12388724833726883], [0.430794894695282, 0.009978466667234898, 0.022271765395998955, -0.9021198153495789], [0.9394506812095642, -0.29644492268562317, 0.1658603847026825, -0.04520094767212868]], "joint_names": ["Hips", "LeftUpLeg", "LeftLeg", "LeftFoot", "LeftToe", "RightUpLeg", "RightLeg", "RightFoot", "RightToe", "Spine", "Spine1", "Spine2", "Neck", "Head", "LeftShoulder", "LeftArm", "LeftForeArm", "LeftHand", "RightShoulder", "RightArm", "RightForeArm", "RightHand"]}