{"root_pos": [-18.557077407836914, 83.7174072265625, 12.241466522216797], "local_quat": [[-0.5323621034622192, -0.46735668182373047, -0.511574923992157, -0.48627084493637085], [-0.09968095272779465, -0.4630569517612457, -0.8797532320022583, -0.04094124585390091], [0.8268349766731262, 0.08615204691886902, 0.0119822658598423, -0.5556780695915222], [0.7954991459846497, -0.04284372925758362, -0.13383203744888306, 0.5894356966018677], [0.9788745641708374, -0.0132331233471632, 0.01841100864112377, 0.20320039987564087], [0.02255759760737419, 0.06404536217451096, 0.9947871565818787, -0.07607853412628174], [0.9431310296058655, -0.1410030871629715, 0.0402347557246685, -0.29833394289016724], [0.7654487490653992, -0.08791393041610718, 0.15775936841964722, 0.6176336407661438], [0.9816406965255737, -0.003188046161085367, 0.011964240111410618, 0.1903371810913086], [0.9926053285598755, -0.012802056968212128, 0.008784612640738487, 0.12038955837488174], [0.9935843348503113, -0.01868864707648754, -0.014112490229308605, 0.11064230650663376], [0.9951643347740173, -0.02258085086941719, 0.0009711780585348606, 0.09558826684951782], [0.9724984169006348, -0.1192636638879776, -0.19985952973365784, 0.008900617249310017], [0.9508012533187866, -0.24854665994644165, 0.18461136519908905, -0.010964643210172653], [-0.021950028836727142, -0.6096163988113403, 0.0254533551633358, -0.7919837236404419], [0.9075717926025391, 0.09528332203626633, 0.39204141497612, -0.11635317653417587], [0.7215526700019836, -0.050795912742614746, -0.1266215443611145, -0.6787845492362976], [0.8791757822036743, 0.42580148577690125, -0.1489340364933014, 0.15349778532981873], [-0.03140086308121681, 0.6804403066635132, -0.003800510661676526, -0.73212069272995], [0.8389284014701843, 0.06456905603408813, -0.5257197618484497, -0.12509426474571228], [0.34145015478134155, 0.003909693565219641, 0.004682017024606466, -0.9398800134658813], [0.9357054829597473, -0.3095865547657013, 0.15813900530338287, -0.060028400272130966]], "joint_names": ["Hips", "LeftUpLeg", "LeftLeg", "LeftFoot", "LeftToe", "RightUpLeg", "RightLeg", "RightFoot", "RightToe", "Spine", "Spine1", "Spine2", "Neck", "Head", "LeftShoulder", "LeftArm", "LeftForeArm", "LeftHand", "RightShoulder", "RightArm", "RightForeArm", "RightHand"]}