{"root_pos": [-0.21982407569885254, 82.98997497558594, 37.730873107910156], "local_quat": [[-0.5381097197532654, -0.43853968381881714, -0.521099328994751, -0.49656471610069275], [-0.11161200702190399, -0.3596764802932739, -0.9261667132377625, -0.01977113075554371], [0.9574571251869202, 0.09662789851427078, -0.03618556261062622, -0.26949864625930786], [0.7708630561828613, -0.03341135382652283, -0.18632927536964417, 0.6082229614257812], [0.9767812490463257, -0.016049958765506744, 0.02748855948448181, 0.21186141669750214], [0.030369684100151062, 0.050299111753702164, 0.998252272605896, 0.006330134812742472], [0.9032851457595825, -0.12323792278766632, 0.009385935962200165, -0.4108530282974243], [0.8235358595848083, -0.03916621580719948, 0.18681783974170685, 0.5341851115226746], [0.9818429946899414, -0.0030571636743843555, 0.01597028225660324, 0.18899717926979065], [0.9944525957107544, 0.012354705482721329, -0.008594515733420849, 0.10410308092832565], [0.993054211139679, 0.03872791677713394, -0.06383515894412994, 0.09093160182237625], [0.9956265687942505, 0.020410580560564995, -0.036988966166973114, 0.08332426100969315], [0.9591121077537537, -0.12544849514961243, -0.2508121728897095, 0.038209013640880585], [0.9332368969917297, -0.27430325746536255, 0.23193079233169556, 0.005898062139749527], [-0.005598439835011959, -0.5899010896682739, 0.045237015932798386, -0.8061879277229309], [0.9152749180793762, 0.1520710587501526, 0.36432909965515137, -0.08006510138511658], [0.6475268006324768, -0.045244257897138596, -0.10335945338010788, -0.7536436915397644], [0.8774603605270386, 0.4400818347930908, -0.1192934587597847, 0.14886374771595], [-0.05202046409249306, 0.7049930691719055, 0.021688299253582954, -0.7069712281227112], [0.8644623160362244, 0.047942180186510086, -0.46685612201690674, -0.18014366924762726], [0.4103941321372986, 0.011667300947010517, 0.022140253335237503, -0.9115647077560425], [0.9482513666152954, -0.2804928421974182, 0.1439007669687271, -0.0378904826939106]], "joint_names": ["Hips", "LeftUpLeg", "LeftLeg", "LeftFoot", "LeftToe", "RightUpLeg", "RightLeg", "RightFoot", "RightToe", "Spine", "Spine1", "Spine2", "Neck", "Head", "LeftShoulder", "LeftArm", "LeftForeArm", "LeftHand", "RightShoulder", "RightArm", "RightForeArm", "RightHand"]}