{"root_pos": [-28.450153350830078, 79.1012191772461, -1.2887115478515625], "local_quat": [[-0.492734432220459, -0.5043887495994568, -0.5416730046272278, -0.45759713649749756], [-0.09081782400608063, -0.4210928976535797, -0.9005197286605835, -0.059135302901268005], [0.6493227481842041, 0.08246118575334549, 0.03796321526169777, -0.7550754547119141], [0.7520055770874023, -0.02076815813779831, -0.0762590765953064, 0.6544012427330017], [0.9797058701515198, -0.012800456956028938, 0.016028577461838722, 0.19938808679580688], [0.0109946234151721, 0.10134881734848022, 0.9886618256568909, -0.11025119572877884], [0.9262837171554565, -0.1481776237487793, 0.032183192670345306, -0.34497255086898804], [0.6548966765403748, -0.1099746897816658, 0.11344665288925171, 0.7390167713165283], [0.9818305969238281, -0.002545149065554142, 0.010199155658483505, 0.1894678920507431], [0.9914363026618958, -0.02233320102095604, 0.018322758376598358, 0.12735615670681], [0.9918344020843506, -0.03423338383436203, 0.007518303114920855, 0.1226220354437828], [0.9932531118392944, -0.03612445294857025, 0.019882913678884506, 0.10838786512613297], [0.9773283004760742, -0.11377685517072678, -0.17807313799858093, -0.013200216926634312], [0.9579121470451355, -0.23581238090991974, 0.16237609088420868, -0.02075773850083351], [-0.025232231244444847, -0.6029489636421204, 0.01999606192111969, -0.7971299290657043], [0.8807269334793091, 0.04277573153376579, 0.44468241930007935, -0.1573149859905243], [0.733596682548523, -0.051934774965047836, -0.13020241260528564, -0.6649706959724426], [0.8738621473312378, 0.43985018134117126, -0.14074623584747314, 0.15194512903690338], [-0.018923014402389526, 0.6581079363822937, -0.016961855813860893, -0.7524945735931396], [0.8457117676734924, 0.07357557862997055, -0.514380931854248, -0.1215340867638588], [0.38553673028945923, 0.006623361259698868, 0.013255111873149872, -0.9225735068321228], [0.9362285137176514, -0.3054010570049286, 0.1651952862739563, -0.054008569568395615]], "joint_names": ["Hips", "LeftUpLeg", "LeftLeg", "LeftFoot", "LeftToe", "RightUpLeg", "RightLeg", "RightFoot", "RightToe", "Spine", "Spine1", "Spine2", "Neck", "Head", "LeftShoulder", "LeftArm", "LeftForeArm", "LeftHand", "RightShoulder", "RightArm", "RightForeArm", "RightHand"]}