{"root_pos": [-3.791079521179199, 84.91698455810547, 30.590843200683594], "local_quat": [[-0.542780339717865, -0.43819460272789, -0.5147323608398438, -0.4984230697154999], [-0.11049418896436691, -0.38086986541748047, -0.9177528619766235, -0.0214183758944273], [0.9509050250053406, 0.09219576418399811, -0.02857249230146408, -0.29404622316360474], [0.7820967435836792, -0.041994061321020126, -0.18202869594097137, 0.59449702501297], [0.9773621559143066, -0.015289650298655033, 0.02508527785539627, 0.20952346920967102], [0.025640809908509254, 0.06249344348907471, 0.9976142048835754, -0.01424947939813137], [0.9313517808914185, -0.12297815084457397, 0.018653612583875656, -0.34221646189689636], [0.8244324922561646, -0.04527905583381653, 0.18483677506446838, 0.5330067873001099], [0.981752872467041, -0.003369187703356147, 0.014954320155084133, 0.18954256176948547], [0.9937941431999207, 0.00470701651647687, -0.003533740993589163, 0.11107885092496872], [0.993794858455658, 0.02183312177658081, -0.049494680017232895, 0.09718728810548782], [0.9958688616752625, 0.006771991495043039, -0.026853712275624275, 0.08647714555263519], [0.9623706936836243, -0.12402444332838058, -0.24004247784614563, 0.028988098725676537], [0.9379487037658691, -0.26854729652404785, 0.21937133371829987, 0.003283226164057851], [-0.013213790021836758, -0.6004746556282043, 0.03768494725227356, -0.7986459732055664], [0.9165294170379639, 0.14036619663238525, 0.36241161823272705, -0.09449337422847748], [0.6586010456085205, -0.04590702801942825, -0.10811812430620193, -0.7432682514190674], [0.8785048723220825, 0.4358309209346771, -0.12739674746990204, 0.14849472045898438], [-0.0497150681912899, 0.701968252658844, 0.01791093498468399, -0.7102450728416443], [0.8604538440704346, 0.0540238581597805, -0.4819498658180237, -0.1562848687171936], [0.3844471871852875, 0.00840851105749607, 0.015897279605269432, -0.9229718446731567], [0.9469891786575317, -0.2832030653953552, 0.1452009528875351, -0.043865278363227844]], "joint_names": ["Hips", "LeftUpLeg", "LeftLeg", "LeftFoot", "LeftToe", "RightUpLeg", "RightLeg", "RightFoot", "RightToe", "Spine", "Spine1", "Spine2", "Neck", "Head", "LeftShoulder", "LeftArm", "LeftForeArm", "LeftHand", "RightShoulder", "RightArm", "RightForeArm", "RightHand"]}