{"root_pos": [-13.753803253173828, 85.34331512451172, 18.122087478637695], "local_quat": [[-0.5426309704780579, -0.4518698453903198, -0.5067756175994873, -0.4945138096809387], [-0.10274947434663773, -0.45263031125068665, -0.8851814270019531, -0.031970035284757614], [0.885960578918457, 0.08759739995002747, -0.002686364809051156, -0.4554045498371124], [0.80025315284729, -0.046881355345249176, -0.15553000569343567, 0.5772412419319153], [0.9784418940544128, -0.01361291203647852, 0.019907640293240547, 0.20510941743850708], [0.021407492458820343, 0.06235291063785553, 0.996261715888977, -0.05582541599869728], [0.9480530023574829, -0.13454845547676086, 0.0383884571492672, -0.28568944334983826], [0.8026318550109863, -0.07291398197412491, 0.17398931086063385, 0.5658562779426575], [0.9815918803215027, -0.0033838043455034494, 0.013073214329779148, 0.19051247835159302], [0.9930219054222107, -0.007596569135785103, 0.004762007389217615, 0.11758891493082047], [0.9940354824066162, -0.00981278158724308, -0.02444692887365818, 0.10582752525806427], [0.9957436323165894, -0.015219686552882195, -0.008105088956654072, 0.0905388668179512], [0.9695103168487549, -0.12171680480241776, -0.2120833396911621, 0.015981227159500122], [0.9468109011650085, -0.25538402795791626, 0.19569145143032074, -0.005735039245337248], [-0.020762884989380836, -0.6097853779792786, 0.027735549956560135, -0.7918089628219604], [0.9125493168830872, 0.11806391924619675, 0.3753713369369507, -0.11140462756156921], [0.7083315849304199, -0.04930931702256203, -0.12260289490222931, -0.693399965763092], [0.8808814287185669, 0.4233882427215576, -0.1453591138124466, 0.1538214534521103], [-0.03763382136821747, 0.6894789338111877, 0.0032638520933687687, -0.723319947719574], [0.8411898016929626, 0.05858736112713814, -0.5215216279029846, -0.1303168684244156], [0.34266844391822815, 0.004565867595374584, 0.00494107510894537, -0.9394323229789734], [0.939134955406189, -0.30269116163253784, 0.1524338722229004, -0.05628105252981186]], "joint_names": ["Hips", "LeftUpLeg", "LeftLeg", "LeftFoot", "LeftToe", "RightUpLeg", "RightLeg", "RightFoot", "RightToe", "Spine", "Spine1", "Spine2", "Neck", "Head", "LeftShoulder", "LeftArm", "LeftForeArm", "LeftHand", "RightShoulder", "RightArm", "RightForeArm", "RightHand"]}