{"root_pos": [-9.646611213684082, 85.97382354736328, 24.279123306274414], "local_quat": [[-0.5459163188934326, -0.4419223964214325, -0.5081620216369629, -0.4984489679336548], [-0.1036478653550148, -0.42113807797431946, -0.9007608890533447, -0.023016711696982384], [0.9270353317260742, 0.08973929286003113, -0.017502769827842712, -0.36365655064582825], [0.792535126209259, -0.048224348574876785, -0.17575958371162415, 0.5819545388221741], [0.9779453277587891, -0.014216188341379166, 0.021967813372612, 0.20721548795700073], [0.021940050646662712, 0.06510132551193237, 0.997139036655426, -0.03153160214424133], [0.9452681541442871, -0.12670287489891052, 0.02885608561336994, -0.299302339553833], [0.8217445611953735, -0.05790749937295914, 0.18057328462600708, 0.53737872838974], [0.9816008806228638, -0.003331483341753483, 0.014390145428478718, 0.19037216901779175], [0.9932993054389954, -7.512766751460731e-05, 0.0011642916360870004, 0.11556437611579895], [0.9941078424453735, 0.003918495960533619, -0.034768056124448776, 0.1025933176279068], [0.9960249662399292, -0.0035633319057524204, -0.0169800017029047, 0.08736827969551086], [0.9656378030776978, -0.12361012399196625, -0.22746765613555908, 0.022859705612063408], [0.9417449235916138, -0.26364201307296753, 0.20882737636566162, -0.0006162070785649121], [-0.01705334149301052, -0.6063719391822815, 0.032697033137083054, -0.7943256497383118], [0.9140653610229492, 0.13239531219005585, 0.36803799867630005, -0.10725658386945724], [0.6826260089874268, -0.04691177234053612, -0.11491711437702179, -0.7201493382453918], [0.8794951438903809, 0.4297003149986267, -0.13806092739105225, 0.15094706416130066], [-0.04436901956796646, 0.6970279812812805, 0.011515084654092789, -0.7155771851539612], [0.8522047996520996, 0.05689512565732002, -0.5011503100395203, -0.13913393020629883], [0.3587077558040619, 0.007066024001687765, 0.00865504052489996, -0.933383047580719], [0.9434584379196167, -0.2914518713951111, 0.14981459081172943, -0.04997625574469566]], "joint_names": ["Hips", "LeftUpLeg", "LeftLeg", "LeftFoot", "LeftToe", "RightUpLeg", "RightLeg", "RightFoot", "RightToe", "Spine", "Spine1", "Spine2", "Neck", "Head", "LeftShoulder", "LeftArm", "LeftForeArm", "LeftHand", "RightShoulder", "RightArm", "RightForeArm", "RightHand"]}