{"root_pos": [-43.37443923950195, 72.04055786132812, -18.682968139648438], "local_quat": [[-0.4079832434654236, -0.562562882900238, -0.6017114520072937, -0.39372068643569946], [-0.04184398800134659, -0.2821531295776367, -0.9544396996498108, -0.08765566349029541], [0.4282096326351166, 0.07955015450716019, 0.05455273017287254, -0.8985167145729065], [0.6767756342887878, -0.008522232994437218, -0.04704326391220093, 0.7346353530883789], [0.9805886149406433, -0.011994094587862492, 0.013953715562820435, 0.19521130621433258], [-0.014577114023268223, 0.21328221261501312, 0.9686548113822937, -0.12651528418064117], [0.8936108350753784, -0.16961544752120972, 0.03673570603132248, -0.41393330693244934], [0.5042001605033875, -0.15596714615821838, 0.04582129418849945, 0.8481490612030029], [0.9821730256080627, -0.001177861005999148, 0.007906646467745304, 0.1878087818622589], [0.9913774728775024, -0.02779587171971798, 0.023491134867072105, 0.1258818507194519], [0.9908108711242676, -0.04376650229096413, 0.025242311879992485, 0.12546423077583313], [0.9918160438537598, -0.04363774135708809, 0.0362139530479908, 0.11439023911952972], [0.9805574417114258, -0.10078976303339005, -0.16376808285713196, -0.039096586406230927], [0.9638699889183044, -0.2176915556192398, 0.15171387791633606, -0.02341141179203987], [-0.018902823328971863, -0.5932897329330444, 0.02403239533305168, -0.804408073425293], [0.8453353047370911, -0.034858398139476776, 0.4877423048019409, -0.2151755541563034], [0.7144229412078857, -0.04701807349920273, -0.12466542422771454, -0.6869116425514221], [0.8673953413963318, 0.4597458839416504, -0.12782400846481323, 0.14113815128803253], [-0.0034232784528285265, 0.6286318898200989, -0.02993732877075672, -0.7771190404891968], [0.867235004901886, 0.01299360953271389, -0.48837852478027344, -0.09602654725313187], [0.49236100912094116, 0.01397450640797615, 0.03493759036064148, -0.8695774078369141], [0.9441258907318115, -0.28232210874557495, 0.16609740257263184, -0.03650069236755371]], "joint_names": ["Hips", "LeftUpLeg", "LeftLeg", "LeftFoot", "LeftToe", "RightUpLeg", "RightLeg", "RightFoot", "RightToe", "Spine", "Spine1", "Spine2", "Neck", "Head", "LeftShoulder", "LeftArm", "LeftForeArm", "LeftHand", "RightShoulder", "RightArm", "RightForeArm", "RightHand"]}