{"root_pos": [-22.71519660949707, 81.5504379272461, 5.290951728820801], "local_quat": [[-0.5158627033233643, -0.484834760427475, -0.5235312581062317, -0.47406309843063354], [-0.0972084105014801, -0.4482364058494568, -0.8871968984603882, -0.05016360431909561], [0.7448046803474426, 0.08518277853727341, 0.025185003876686096, -0.6613436937332153], [0.7752687931060791, -0.03119681030511856, -0.10452105104923248, 0.6221417784690857], [0.9793079495429993, -0.013003461994230747, 0.017164571210741997, 0.2012268602848053], [0.016674820333719254, 0.0787535160779953, 0.9919739365577698, -0.09750641137361526], [0.9362983107566833, -0.1438545137643814, 0.03576338291168213, -0.3183903694152832], [0.7158039212226868, -0.09734431654214859, 0.13774706423282623, 0.6776242852210999], [0.981708288192749, -0.002978676464408636, 0.011084186844527721, 0.19004477560520172], [0.992020308971405, -0.017887184396386147, 0.013957284390926361, 0.1240200474858284], [0.9928098320960999, -0.027033982798457146, -0.002653012052178383, 0.11657946556806564], [0.994280993938446, -0.02987244725227356, 0.010828246362507343, 0.10195913165807724], [0.9750974178314209, -0.11679296940565109, -0.18853157758712769, -0.0005426440038718283], [0.9545802474021912, -0.24230091273784637, 0.17267994582653046, -0.015764866024255753], [-0.023609858006238937, -0.6069191098213196, 0.02282670885324478, -0.7940847873687744], [0.8963972926139832, 0.07020420581102371, 0.4180128574371338, -0.12964768707752228], [0.729270875453949, -0.05171187222003937, -0.12911471724510193, -0.6699397563934326], [0.876596212387085, 0.4324788749217987, -0.1453806608915329, 0.15298821032047272], [-0.02501187101006508, 0.6692667007446289, -0.010833838023245335, -0.742522120475769], [0.8409737348556519, 0.0718306303024292, -0.5221619009971619, -0.12227188050746918], [0.35596877336502075, 0.004664609674364328, 0.007421506103128195, -0.9344567060470581], [0.9347313046455383, -0.310452938079834, 0.1624646633863449, -0.05917483568191528]], "joint_names": ["Hips", "LeftUpLeg", "LeftLeg", "LeftFoot", "LeftToe", "RightUpLeg", "RightLeg", "RightFoot", "RightToe", "Spine", "Spine1", "Spine2", "Neck", "Head", "LeftShoulder", "LeftArm", "LeftForeArm", "LeftHand", "RightShoulder", "RightArm", "RightForeArm", "RightHand"]}