{"root_pos": [-38.817710876464844, 73.57158660888672, -14.044220924377441], "local_quat": [[-0.4372430145740509, -0.5445111393928528, -0.582477867603302, -0.4159875512123108], [-0.05994075536727905, -0.3394031524658203, -0.9352908730506897, -0.08027123659849167], [0.47035276889801025, 0.07789288461208344, 0.05404137820005417, -0.8773713707923889], [0.6923558712005615, -0.006136273965239525, -0.03966756910085678, 0.7204388976097107], [0.9804239869117737, -0.012311437167227268, 0.014228235930204391, 0.19599677622318268], [-0.010406329296529293, 0.1779550462961197, 0.9764677882194519, -0.12138525396585464], [0.9006960988044739, -0.1622627228498459, 0.032666418701410294, -0.4016842842102051], [0.5244975090026855, -0.14129343628883362, 0.06245876103639603, 0.837279736995697], [0.9820855259895325, -0.0015826263697817922, 0.008542899042367935, 0.188235342502594], [0.9909534454345703, -0.026808788999915123, 0.023071901872754097, 0.12946148216724396], [0.9905414581298828, -0.0415973886847496, 0.02181982435286045, 0.12892316281795502], [0.9917879104614258, -0.041789811104536057, 0.03304425626993179, 0.11626828461885452], [0.979496955871582, -0.10637587308883667, -0.16729919612407684, -0.035788897424936295], [0.9619042873382568, -0.2246033251285553, 0.15338163077831268, -0.02770405262708664], [-0.022688832134008408, -0.5959164500236511, 0.02128014899790287, -0.8024436831474304], [0.8562877774238586, -0.01886959932744503, 0.47329944372177124, -0.20591968297958374], [0.7298344373703003, -0.05063004791736603, -0.1299670785665512, -0.6692434549331665], [0.8681589365005493, 0.4553207755088806, -0.13261471688747406, 0.14627496898174286], [-0.00792588572949171, 0.6360369324684143, -0.026385478675365448, -0.7711666822433472], [0.8618095517158508, 0.043174147605895996, -0.4920591711997986, -0.11531774699687958], [0.47114643454551697, 0.01304601039737463, 0.03054688312113285, -0.8814293742179871], [0.9416770339012146, -0.289672315120697, 0.16677838563919067, -0.03897714242339134]], "joint_names": ["Hips", "LeftUpLeg", "LeftLeg", "LeftFoot", "LeftToe", "RightUpLeg", "RightLeg", "RightFoot", "RightToe", "Spine", "Spine1", "Spine2", "Neck", "Head", "LeftShoulder", "LeftArm", "LeftForeArm", "LeftHand", "RightShoulder", "RightArm", "RightForeArm", "RightHand"]}