{"root_pos": [25.322429656982422, 75.06183624267578, 89.80890655517578], "local_quat": [[-0.501141369342804, -0.402187705039978, -0.5625812411308289, -0.5201966762542725], [-0.1127796471118927, -0.22741465270519257, -0.9638398289680481, -0.08109265565872192], [0.9112573266029358, 0.11118549108505249, -0.025334959849715233, -0.395734578371048], [0.6386563181877136, 0.045314572751522064, -0.08700725436210632, 0.7632132768630981], [0.9731789827346802, -0.018436718732118607, 0.03488606587052345, 0.22664007544517517], [0.06165628880262375, 0.19725103676319122, 0.9778479337692261, -0.0332266204059124], [0.4348650872707367, -0.11657465249300003, -0.07190225273370743, -0.8900184631347656], [0.8374203443527222, -0.024874012917280197, 0.1314682960510254, 0.5299288034439087], [0.9822604060173035, -0.0033614905551075935, 0.0231858491897583, 0.18605279922485352], [0.9954648017883301, -0.011784005910158157, -0.00331449368968606, 0.09434008598327637], [0.9906291961669922, -0.013855712488293648, -0.07399570941925049, 0.11395826190710068], [0.9929894804954529, -0.03287503868341446, -0.02573106437921524, 0.1105843111872673], [0.9625037908554077, -0.12197446078062057, -0.21848005056381226, 0.10476228594779968], [0.9357340335845947, -0.267412006855011, 0.22688508033752441, -0.03762536123394966], [-0.031167374923825264, -0.5696009397506714, 0.02835390344262123, -0.8208406567573547], [0.9082356691360474, -0.11575602740049362, 0.3234179615974426, -0.23897568881511688], [0.6516830325126648, -0.05362671986222267, -0.11018842458724976, -0.7485264539718628], [0.8878875374794006, 0.38814613223075867, -0.1777375191450119, 0.1714867353439331], [-0.03738812729716301, 0.6777971982955933, 0.008482971228659153, -0.734248697757721], [0.7780836224555969, -0.03878460451960564, -0.6129582524299622, -0.13177214562892914], [0.6235357522964478, 0.036155689507722855, 0.06080399081110954, -0.7785876989364624], [0.9314255714416504, -0.2532786726951599, 0.2612853944301605, -0.005115188658237457]], "joint_names": ["Hips", "LeftUpLeg", "LeftLeg", "LeftFoot", "LeftToe", "RightUpLeg", "RightLeg", "RightFoot", "RightToe", "Spine", "Spine1", "Spine2", "Neck", "Head", "LeftShoulder", "LeftArm", "LeftForeArm", "LeftHand", "RightShoulder", "RightArm", "RightForeArm", "RightHand"]}