{"root_pos": [27.87929916381836, 77.6341552734375, 108.9466323852539], "local_quat": [[-0.5010538101196289, -0.3769714832305908, -0.5718961358070374, -0.5289351940155029], [-0.09536699950695038, -0.14063169062137604, -0.9746509194374084, -0.14554518461227417], [0.9321761727333069, 0.10675319284200668, -0.018677549436688423, -0.3454018831253052], [0.7014517784118652, 0.024258814752101898, -0.10481707751750946, 0.7045497298240662], [0.972045361995697, -0.019659467041492462, 0.03757927194237709, 0.23093117773532867], [0.0750521719455719, 0.22884322702884674, 0.9692740440368652, -0.05005764961242676], [0.4162135422229767, -0.10411590337753296, -0.08655179291963577, -0.8991300463676453], [0.8262061476707458, -0.023806829005479813, 0.10368462651968002, 0.5532324910163879], [0.9826255440711975, -0.0021771653555333614, 0.024717211723327637, 0.1839330494403839], [0.9949254393577576, -0.035324323922395706, -0.0022064479999244213, 0.09418397396802902], [0.9885787963867188, -0.062248632311820984, -0.06752479076385498, 0.11948850750923157], [0.9899728894233704, -0.08187148720026016, -0.013234954327344894, 0.1143483892083168], [0.970449686050415, -0.09797699004411697, -0.19428086280822754, 0.10432007908821106], [0.9502858519554138, -0.23740828037261963, 0.1931876242160797, -0.05720668286085129], [-0.05293601006269455, -0.6032065153121948, 0.01038328092545271, -0.7957586646080017], [0.8927468061447144, -0.20304957032203674, 0.22664494812488556, -0.3322739601135254], [0.6067241430282593, -0.05300629138946533, -0.10460285097360611, -0.7862151861190796], [0.8816667199134827, 0.4082796573638916, -0.1640186905860901, 0.17049746215343475], [-0.026730651035904884, 0.6778988838195801, -0.0030679123010486364, -0.7346627116203308], [0.7726951837539673, -0.09925535321235657, -0.6267447471618652, 0.01677725277841091], [0.6496288180351257, 0.03672090172767639, 0.06398634612560272, -0.7566635608673096], [0.9415047764778137, -0.22952575981616974, 0.2463493049144745, 0.014099112711846828]], "joint_names": ["Hips", "LeftUpLeg", "LeftLeg", "LeftFoot", "LeftToe", "RightUpLeg", "RightLeg", "RightFoot", "RightToe", "Spine", "Spine1", "Spine2", "Neck", "Head", "LeftShoulder", "LeftArm", "LeftForeArm", "LeftHand", "RightShoulder", "RightArm", "RightForeArm", "RightHand"]}