{"root_pos": [17.619579315185547, 75.25022888183594, 82.20750427246094], "local_quat": [[-0.5012212991714478, -0.4175577163696289, -0.5596433281898499, -0.5110989212989807], [-0.11686563491821289, -0.2539922297000885, -0.9578270316123962, -0.06631462275981903], [0.9066096544265747, 0.11308638751506805, -0.029479248449206352, -0.4054642915725708], [0.6353396773338318, 0.04662147909402847, -0.09221396595239639, 0.7652885317802429], [0.9737310409545898, -0.017577525228261948, 0.03295888751745224, 0.22461655735969543], [0.053261805325746536, 0.15550966560840607, 0.9858514070510864, -0.03281494230031967], [0.49156758189201355, -0.12862607836723328, -0.054199859499931335, -0.8595807552337646], [0.8478763103485107, -0.03100975602865219, 0.1527823805809021, 0.506756067276001], [0.9821797013282776, -0.0034309905022382736, 0.021516749635338783, 0.18667715787887573], [0.9959783554077148, 0.0012460118159651756, -0.0036157018039375544, 0.08951238542795181], [0.9916549921035767, 0.013250746764242649, -0.07560551911592484, 0.10357865691184998], [0.9943531155586243, -0.005622405558824539, -0.030275829136371613, 0.10155594348907471], [0.9593442678451538, -0.12769798934459686, -0.23093345761299133, 0.1001080647110939], [0.9303871393203735, -0.27570199966430664, 0.24009345471858978, -0.026897257193922997], [-0.017134584486484528, -0.5582975745201111, 0.039338354021310806, -0.8285304307937622], [0.9115341901779175, -0.07088536024093628, 0.35741421580314636, -0.19061942398548126], [0.6583417057991028, -0.05258980020880699, -0.10930905491113663, -0.7428808808326721], [0.8885677456855774, 0.384657084941864, -0.1853855401277542, 0.1676856428384781], [-0.0428784154355526, 0.6834656000137329, 0.015008260495960712, -0.7285677194595337], [0.7817233800888062, -0.012003888376057148, -0.5922698974609375, -0.1948866993188858], [0.5931883454322815, 0.033717118203639984, 0.05681493505835533, -0.8023483157157898], [0.9283137917518616, -0.2624497711658478, 0.26285412907600403, -0.016167085617780685]], "joint_names": ["Hips", "LeftUpLeg", "LeftLeg", "LeftFoot", "LeftToe", "RightUpLeg", "RightLeg", "RightFoot", "RightToe", "Spine", "Spine1", "Spine2", "Neck", "Head", "LeftShoulder", "LeftArm", "LeftForeArm", "LeftHand", "RightShoulder", "RightArm", "RightForeArm", "RightHand"]}