{"root_pos": [4.655819892883301, 81.2002182006836, 44.320133209228516], "local_quat": [[-0.5337347388267517, -0.4357425272464752, -0.5271897912025452, -0.49731943011283875], [-0.11722009629011154, -0.3444980978965759, -0.931115448474884, -0.024586167186498642], [0.954677164554596, 0.09953359514474869, -0.03992342948913574, -0.27765220403671265], [0.7482163310050964, -0.015820883214473724, -0.1727423518896103, 0.6403765082359314], [0.9762516617774963, -0.016457486897706985, 0.029226887971162796, 0.21402733027935028], [0.031335752457380295, 0.038423120975494385, 0.9987010359764099, 0.011750483885407448], [0.8670726418495178, -0.1251203417778015, 0.0011014408664777875, -0.48221221566200256], [0.8331009745597839, -0.029077045619487762, 0.1965196281671524, 0.5162143707275391], [0.9818274974822998, -0.0029693138785660267, 0.017170758917927742, 0.18897400796413422], [0.9950524568557739, 0.01670932024717331, -0.009467022493481636, 0.09747730940580368], [0.9926060438156128, 0.04736039415001869, -0.07126375287771225, 0.0860917940735817], [0.9954626560211182, 0.027820724993944168, -0.04152316600084305, 0.0809694454073906], [0.9573923945426941, -0.129132479429245, -0.25380924344062805, 0.048014458268880844], [0.9298100471496582, -0.27954283356666565, 0.2392859309911728, 0.007163021247833967], [-0.0019341609440743923, -0.5799115300178528, 0.0484335757791996, -0.8132361769676208], [0.912434995174408, 0.15539459884166718, 0.37133216857910156, -0.07367067039012909], [0.6468909382820129, -0.04470375180244446, -0.10111627727746964, -0.7545257806777954], [0.8818076848983765, 0.4309644103050232, -0.11520786583423615, 0.15300974249839783], [-0.052878838032484055, 0.7071131467819214, 0.023471666499972343, -0.7047295570373535], [0.8597303032875061, 0.03876182436943054, -0.46486178040504456, -0.2080022543668747], [0.4356645941734314, 0.01518168393522501, 0.027060721069574356, -0.8995740413665771], [0.9481737613677979, -0.27728286385536194, 0.15153738856315613, -0.03342359885573387]], "joint_names": ["Hips", "LeftUpLeg", "LeftLeg", "LeftFoot", "LeftToe", "RightUpLeg", "RightLeg", "RightFoot", "RightToe", "Spine", "Spine1", "Spine2", "Neck", "Head", "LeftShoulder", "LeftArm", "LeftForeArm", "LeftHand", "RightShoulder", "RightArm", "RightForeArm", "RightHand"]}