{"root_pos": [23.814119338989258, 77.03582763671875, 100.20536041259766], "local_quat": [[-0.5014809370040894, -0.38957011699676514, -0.5755254030227661, -0.5152887105941772], [-0.09632384032011032, -0.17671816051006317, -0.9741218090057373, -0.102854885160923], [0.918376088142395, 0.10962824523448944, -0.020695503801107407, -0.3796558976173401], [0.6821486353874207, 0.027872851118445396, -0.1053621843457222, 0.7230457663536072], [0.9725914597511292, -0.018738165497779846, 0.035360682755708694, 0.22905099391937256], [0.07867392152547836, 0.2056957185268402, 0.9744871258735657, -0.04329575225710869], [0.4252982437610626, -0.11059588193893433, -0.07719436287879944, -0.8949475288391113], [0.8358256220817566, -0.04089580476284027, 0.09525181353092194, 0.5391198396682739], [0.9824728965759277, -0.0026177349500358105, 0.023728549480438232, 0.1848704069852829], [0.9956368207931519, -0.021668683737516403, -0.0023138748947530985, 0.09073226153850555], [0.9906385540962219, -0.0347881056368351, -0.069289930164814, 0.11235669255256653], [0.9924700260162354, -0.053591448813676834, -0.01840788871049881, 0.10859216004610062], [0.9664033055305481, -0.11024016886949539, -0.2066202163696289, 0.10592329502105713], [0.9431463479995728, -0.25213468074798584, 0.2113896608352661, -0.047090500593185425], [-0.037574585527181625, -0.5821358561515808, 0.023109503090381622, -0.8118940591812134], [0.9003236889839172, -0.16075903177261353, 0.2890664041042328, -0.282868355512619], [0.636596143245697, -0.053919970989227295, -0.10913676023483276, -0.7615295052528381], [0.8857218027114868, 0.39029285311698914, -0.18280450999736786, 0.17248423397541046], [-0.031094832345843315, 0.6803192496299744, 0.0014124057488515973, -0.732254683971405], [0.781749427318573, -0.06055775284767151, -0.6188812851905823, -0.04676158353686333], [0.6345268487930298, 0.03662481531500816, 0.06319058686494827, -0.7694421410560608], [0.9343321323394775, -0.24735897779464722, 0.25656259059906006, 0.003545705694705248]], "joint_names": ["Hips", "LeftUpLeg", "LeftLeg", "LeftFoot", "LeftToe", "RightUpLeg", "RightLeg", "RightFoot", "RightToe", "Spine", "Spine1", "Spine2", "Neck", "Head", "LeftShoulder", "LeftArm", "LeftForeArm", "LeftHand", "RightShoulder", "RightArm", "RightForeArm", "RightHand"]}