{"root_pos": [26.589845657348633, 78.49352264404297, 116.14353942871094], "local_quat": [[-0.5086328983306885, -0.3629675805568695, -0.5720788836479187, -0.5312935709953308], [-0.08614709228277206, -0.10334058105945587, -0.9750062227249146, -0.17681145668029785], [0.9376189708709717, 0.09841567277908325, -0.008205053396522999, -0.3333430588245392], [0.7326646447181702, 0.010815722867846489, -0.10239171236753464, 0.6727566123008728], [0.9715553522109985, -0.020479196682572365, 0.03867172822356224, 0.23273439705371857], [0.06535670906305313, 0.22822023928165436, 0.9694593548774719, -0.06158485263586044], [0.449967622756958, -0.10491792112588882, -0.08288392424583435, -0.8829789161682129], [0.8107829689979553, -0.03127579763531685, 0.0994945764541626, 0.5759806632995605], [0.9828137159347534, -0.0013137388741597533, 0.025138573721051216, 0.1828756034374237], [0.9947752952575684, -0.04737525433301926, 0.0003688266151584685, 0.09042995423078537], [0.9876880645751953, -0.08616850525140762, -0.06013369932770729, 0.11589314043521881], [0.9881135821342468, -0.10618973523378372, -0.003917802590876818, 0.1110854521393776], [0.9751230478286743, -0.08197871595621109, -0.1766299158334732, 0.10590780526399612], [0.960942804813385, -0.21394994854927063, 0.16362905502319336, -0.06355994194746017], [-0.06145677715539932, -0.6167059540748596, 0.0023095724172890186, -0.7847875356674194], [0.8817232847213745, -0.2219083309173584, 0.20143234729766846, -0.36434298753738403], [0.5924025177955627, -0.0520639605820179, -0.10108093917369843, -0.7975783944129944], [0.8789026141166687, 0.417516827583313, -0.15387828648090363, 0.17184697091579437], [-0.018442263826727867, 0.676173985004425, -0.012367338873445988, -0.7364072799682617], [0.7764540314674377, -0.11473323404788971, -0.6131879091262817, 0.0891960859298706], [0.6432939171791077, 0.03586132451891899, 0.06351371109485626, -0.7621370553970337], [0.9449053406715393, -0.21911951899528503, 0.2425161451101303, 0.018070843070745468]], "joint_names": ["Hips", "LeftUpLeg", "LeftLeg", "LeftFoot", "LeftToe", "RightUpLeg", "RightLeg", "RightFoot", "RightToe", "Spine", "Spine1", "Spine2", "Neck", "Head", "LeftShoulder", "LeftArm", "LeftForeArm", "LeftHand", "RightShoulder", "RightArm", "RightForeArm", "RightHand"]}