{"root_pos": [5.906134605407715, 78.97063446044922, 50.30847930908203], "local_quat": [[-0.5262054800987244, -0.4366881549358368, -0.5357139706611633, -0.49540069699287415], [-0.12103317677974701, -0.3187362551689148, -0.9397164583206177, -0.026290113106369972], [0.9452959299087524, 0.1019212156534195, -0.0397040955722332, -0.30732929706573486], [0.7211772203445435, 0.005722406320273876, -0.14717425405979156, 0.6769123077392578], [0.9757704138755798, -0.016711413860321045, 0.03010798618197441, 0.21607010066509247], [0.03226228058338165, 0.03346189484000206, 0.9988692402839661, 0.009983820840716362], [0.8070964813232422, -0.1316843032836914, -0.005810924805700779, -0.5755178332328796], [0.8433945775032043, -0.024382639676332474, 0.20331601798534393, 0.4967431128025055], [0.9818688035011292, -0.002870760392397642, 0.01805557869374752, 0.18867799639701843], [0.9954507946968079, 0.017443720251321793, -0.008008911274373531, 0.09332383424043655], [0.9922972321510315, 0.048995304852724075, -0.0741514042019844, 0.08629728853702545], [0.995284378528595, 0.02901202253997326, -0.041392259299755096, 0.08278913050889969], [0.9567446708679199, -0.13379420340061188, -0.25122424960136414, 0.060208652168512344], [0.927178680896759, -0.28390395641326904, 0.24439804255962372, 0.0027936201076954603], [-0.0018326485296711326, -0.5718339085578918, 0.04846594110131264, -0.8189345002174377], [0.9129437208175659, 0.12952862679958344, 0.3779672384262085, -0.08304725587368011], [0.6507985591888428, -0.04496331140398979, -0.10128097981214523, -0.7511202692985535], [0.8858267068862915, 0.4172970950603485, -0.13078109920024872, 0.15514646470546722], [-0.05309643968939781, 0.7053150534629822, 0.02445296198129654, -0.7064796686172485], [0.8487818837165833, 0.03761046752333641, -0.4730681777000427, -0.2331550121307373], [0.46292397379875183, 0.018656792119145393, 0.03309553861618042, -0.8855834603309631], [0.946265697479248, -0.2720803916454315, 0.17203526198863983, -0.030940772965550423]], "joint_names": ["Hips", "LeftUpLeg", "LeftLeg", "LeftFoot", "LeftToe", "RightUpLeg", "RightLeg", "RightFoot", "RightToe", "Spine", "Spine1", "Spine2", "Neck", "Head", "LeftShoulder", "LeftArm", "LeftForeArm", "LeftHand", "RightShoulder", "RightArm", "RightForeArm", "RightHand"]}