{"root_pos": [12.621004104614258, 77.07211303710938, 56.880130767822266], "local_quat": [[-0.5179729461669922, -0.43470072746276855, -0.5453202128410339, -0.49534347653388977], [-0.1290489137172699, -0.28663814067840576, -0.948600709438324, -0.03662826865911484], [0.934859037399292, 0.10405439138412476, -0.03896817937493324, -0.3371833860874176], [0.6820101141929626, 0.030440999194979668, -0.11424614489078522, 0.7217224836349487], [0.9752737283706665, -0.017042085528373718, 0.03138021379709244, 0.21809624135494232], [0.03588630259037018, 0.05397183448076248, 0.9978814125061035, 0.005640893243253231], [0.7162275314331055, -0.1334228366613388, -0.0212493184953928, -0.6846641302108765], [0.8477557897567749, -0.013731683604419231, 0.2087070494890213, 0.48740437626838684], [0.9818542003631592, -0.0031744111329317093, 0.01908929832279682, 0.18864738941192627], [0.995597243309021, 0.016559887677431107, -0.0076801953837275505, 0.09193961322307587], [0.9916380047798157, 0.04666147753596306, -0.07893037050962448, 0.09081203490495682], [0.9948631525039673, 0.02643890306353569, -0.042727891355752945, 0.08787868171930313], [0.9561740159988403, -0.13599218428134918, -0.24946512281894684, 0.0707423985004425], [0.9249462485313416, -0.28688105940818787, 0.24933381378650665, -0.002528477692976594], [-0.004479898139834404, -0.5657379031181335, 0.047294553369283676, -0.8232154846191406], [0.9182521104812622, 0.0875854343175888, 0.3728104829788208, -0.10076776146888733], [0.6563273668289185, -0.04623422026634216, -0.10318092256784439, -0.7459560632705688], [0.8911769390106201, 0.39918315410614014, -0.14485971629619598, 0.1595999002456665], [-0.05440005287528038, 0.7018691897392273, 0.026423849165439606, -0.7097338438034058], [0.8279874324798584, 0.027008550241589546, -0.5021265149116516, -0.24814587831497192], [0.4985356628894806, 0.02212555892765522, 0.038543980568647385, -0.8657292127609253], [0.9440763592720032, -0.26499730348587036, 0.194387748837471, -0.026641646400094032]], "joint_names": ["Hips", "LeftUpLeg", "LeftLeg", "LeftFoot", "LeftToe", "RightUpLeg", "RightLeg", "RightFoot", "RightToe", "Spine", "Spine1", "Spine2", "Neck", "Head", "LeftShoulder", "LeftArm", "LeftForeArm", "LeftHand", "RightShoulder", "RightArm", "RightForeArm", "RightHand"]}