{"root_pos": [13.123404502868652, 75.42123413085938, 65.97708129882812], "local_quat": [[-0.506782591342926, -0.43799149990081787, -0.5517058372497559, -0.4969463348388672], [-0.13272015750408173, -0.2797086238861084, -0.9498969912528992, -0.04294382780790329], [0.9232583045959473, 0.10857288539409637, -0.037583328783512115, -0.36659711599349976], [0.6590537428855896, 0.04267210140824318, -0.10030549764633179, 0.7441546320915222], [0.9747674465179443, -0.016954734921455383, 0.03160184621810913, 0.2203233689069748], [0.048460304737091064, 0.06151845306158066, 0.9969281554222107, -0.0011146869510412216], [0.6205666065216064, -0.13610625267028809, -0.03035222925245762, -0.7716546058654785], [0.8517890572547913, -0.021200120449066162, 0.19494518637657166, 0.48580077290534973], [0.9819607734680176, -0.003260593395680189, 0.01968560367822647, 0.18802891671657562], [0.9958351850509644, 0.016455842182040215, -0.007665486540645361, 0.08934615552425385], [0.9911642074584961, 0.045490603893995285, -0.08204833418130875, 0.09376700967550278], [0.9945768713951111, 0.025883113965392113, -0.04212653264403343, 0.0915001854300499], [0.9549669027328491, -0.1371990442276001, -0.2501634657382965, 0.0814427062869072], [0.9219499230384827, -0.28944239020347595, 0.25713926553726196, -0.010531368665397167], [-0.003622325137257576, -0.558233916759491, 0.04982110112905502, -0.8281785249710083], [0.9200955629348755, 0.021730482578277588, 0.37112393975257874, -0.12336542457342148], [0.6612659692764282, -0.048622481524944305, -0.10588344931602478, -0.7410477995872498], [0.8904873132705688, 0.3904401957988739, -0.16762840747833252, 0.1627558022737503], [-0.053162090480327606, 0.6964929699897766, 0.026344191282987595, -0.7151064872741699], [0.8063863515853882, 0.017833460122346878, -0.5343044400215149, -0.2528671622276306], [0.5314871072769165, 0.026071038097143173, 0.044648706912994385, -0.8454869389533997], [0.9377316832542419, -0.26547005772590637, 0.2226407825946808, -0.024822471663355827]], "joint_names": ["Hips", "LeftUpLeg", "LeftLeg", "LeftFoot", "LeftToe", "RightUpLeg", "RightLeg", "RightFoot", "RightToe", "Spine", "Spine1", "Spine2", "Neck", "Head", "LeftShoulder", "LeftArm", "LeftForeArm", "LeftHand", "RightShoulder", "RightArm", "RightForeArm", "RightHand"]}