{"root_pos": [20.830005645751953, 74.3210220336914, 73.31612396240234], "local_quat": [[-0.5031670331954956, -0.42757201194763184, -0.5545938014984131, -0.5063900351524353], [-0.1336364448070526, -0.27069923281669617, -0.9515315294265747, -0.05874500051140785], [0.9073577523231506, 0.11539632827043533, -0.03826281428337097, -0.402394562959671], [0.613142192363739, 0.05995333194732666, -0.08483625948429108, 0.7831124067306519], [0.974284827709198, -0.017278017476201057, 0.03294014185667038, 0.22222836315631866], [0.04553947225213051, 0.1258499026298523, 0.9907609224319458, -0.021926620975136757], [0.5224359035491943, -0.13041439652442932, -0.04903864115476608, -0.8412181735038757], [0.8489306569099426, -0.008667007088661194, 0.1929183155298233, 0.49195942282676697], [0.9819901585578918, -0.003862398909404874, 0.020893462002277374, 0.18773381412029266], [0.9958779811859131, 0.011542269960045815, -0.0072154332883656025, 0.08967629075050354], [0.9907848834991455, 0.03458157554268837, -0.0841229259967804, 0.10036277770996094], [0.9941554665565491, 0.01482873223721981, -0.040820199996232986, 0.09883687645196915], [0.9560705423355103, -0.1351035088300705, -0.24441227316856384, 0.08909974247217178], [0.9231444001197815, -0.2874986529350281, 0.25474226474761963, -0.015980400145053864], [-0.010846792720258236, -0.5542635917663574, 0.044290293008089066, -0.8310912251472473], [0.9183646440505981, -0.0185718797147274, 0.3604874908924103, -0.16220413148403168], [0.6631693840026855, -0.05162623152136803, -0.10893768072128296, -0.738697350025177], [0.8893876671791077, 0.39055320620536804, -0.16987241804599762, 0.16613554954528809], [-0.05134056881070137, 0.6894960403442383, 0.024630723521113396, -0.7220476865768433], [0.7828720211982727, -0.0006750934990122914, -0.5711091756820679, -0.24687093496322632], [0.5688614845275879, 0.03068164922297001, 0.050269532948732376, -0.8203220367431641], [0.9332095980644226, -0.26216840744018555, 0.24483728408813477, -0.02102620154619217]], "joint_names": ["Hips", "LeftUpLeg", "LeftLeg", "LeftFoot", "LeftToe", "RightUpLeg", "RightLeg", "RightFoot", "RightToe", "Spine", "Spine1", "Spine2", "Neck", "Head", "LeftShoulder", "LeftArm", "LeftForeArm", "LeftHand", "RightShoulder", "RightArm", "RightForeArm", "RightHand"]}