{"root_pos": [29.865192413330078, 78.17556762695312, 126.8211441040039], "local_quat": [[-0.5252742171287537, -0.3392314016819, -0.5559835433959961, -0.547623336315155], [-0.06479788571596146, -0.054243411868810654, -0.9756214022636414, -0.2025379091501236], [0.934790313243866, 0.07780591398477554, 0.01815863698720932, -0.34609755873680115], [0.7761188745498657, -0.005270959809422493, -0.06962630897760391, 0.6267088055610657], [0.9707122445106506, -0.0223202146589756, 0.040979932993650436, 0.23566986620426178], [0.07770633697509766, 0.23351654410362244, 0.9674685001373291, -0.05862187594175339], [0.5942951440811157, -0.11780694872140884, -0.05764377862215042, -0.7934809327125549], [0.7547085881233215, -0.06972958892583847, 0.0880652591586113, 0.6463723182678223], [0.9829791784286499, 0.00018355254724156111, 0.026328878477215767, 0.1818203628063202], [0.994562029838562, -0.058726098388433456, 0.0034034489654004574, 0.08594202250242233], [0.9867970943450928, -0.110415980219841, -0.049596212804317474, 0.10761035233736038], [0.9860459566116333, -0.13065487146377563, 0.008537158370018005, 0.10280915349721909], [0.9813287258148193, -0.051559723913669586, -0.1557542085647583, 0.10038068890571594], [0.9774784445762634, -0.16940544545650482, 0.11094287037849426, -0.059408895671367645], [-0.06877689063549042, -0.6312664151191711, -0.002228358993306756, -0.7725072503089905], [0.8638269901275635, -0.22843389213085175, 0.1849769800901413, -0.40915098786354065], [0.5909647345542908, -0.04983348771929741, -0.09702613949775696, -0.7992892265319824], [0.8785495758056641, 0.41672831773757935, -0.1522204726934433, 0.17696638405323029], [1.9021881598746404e-05, 0.6642144322395325, -0.03402913734316826, -0.7467671632766724], [0.7740418910980225, -0.13758879899978638, -0.588621199131012, 0.1882912665605545], [0.6416478157043457, 0.03382304683327675, 0.06246578320860863, -0.7637028098106384], [0.9536318778991699, -0.1863708347082138, 0.23426227271556854, 0.031198138371109962]], "joint_names": ["Hips", "LeftUpLeg", "LeftLeg", "LeftFoot", "LeftToe", "RightUpLeg", "RightLeg", "RightFoot", "RightToe", "Spine", "Spine1", "Spine2", "Neck", "Head", "LeftShoulder", "LeftArm", "LeftForeArm", "LeftHand", "RightShoulder", "RightArm", "RightForeArm", "RightHand"]}