{"root_pos": [38.539398193359375, 73.10533142089844, 167.9541015625], "local_quat": [[-0.6138876080513, -0.22113649547100067, -0.44781023263931274, -0.6113154888153076], [-0.06467778235673904, -0.2586563229560852, -0.9554583430290222, -0.12654216587543488], [0.8146982192993164, 0.08475902676582336, 0.035560302436351776, -0.5725539922714233], [0.7068488001823425, -0.014185923151671886, -0.07873179018497467, 0.7028263211250305], [0.9683420062065125, -0.02585754729807377, 0.046968962997198105, 0.24380114674568176], [-0.033290181308984756, -0.051801372319459915, 0.9975259900093079, 0.033915307372808456], [0.8173416256904602, -0.10622043162584305, -0.04028322920203209, -0.5648425817489624], [0.6983337998390198, -0.0981781855225563, 0.05425233393907547, 0.7069283127784729], [0.9832542538642883, 0.002705540042370558, 0.030337808653712273, 0.17967557907104492], [0.9974707365036011, -0.008515051566064358, -0.008040916174650192, 0.07010692358016968], [0.9930675625801086, -0.008826006203889847, -0.08771312236785889, 0.07775170356035233], [0.9957264065742493, -0.02655218169093132, -0.01763763278722763, 0.08667618036270142], [0.9688997864723206, -0.1353236883878708, -0.19498731195926666, 0.07000366598367691], [0.9459438920021057, -0.2685992121696472, 0.17780986428260803, -0.03779153898358345], [-0.02185419760644436, -0.5504860281944275, 0.036822009831666946, -0.833745539188385], [0.8884223699569702, 0.15682069957256317, 0.4199206233024597, -0.09889199584722519], [0.6948908567428589, -0.044265080243349075, -0.08362030982971191, -0.7128639221191406], [0.8730220198631287, 0.4065803587436676, -0.16114625334739685, 0.21577014029026031], [0.05059519782662392, 0.6871416568756104, -0.10360293835401535, -0.7173165082931519], [0.846548855304718, -0.006283774506300688, -0.5304147601127625, 0.044447869062423706], [0.5174834728240967, 0.02370753139257431, 0.022031525149941444, -0.8550809025764465], [0.9685356020927429, -0.1665525585412979, 0.17621725797653198, 0.0560929998755455]], "joint_names": ["Hips", "LeftUpLeg", "LeftLeg", "LeftFoot", "LeftToe", "RightUpLeg", "RightLeg", "RightFoot", "RightToe", "Spine", "Spine1", "Spine2", "Neck", "Head", "LeftShoulder", "LeftArm", "LeftForeArm", "LeftHand", "RightShoulder", "RightArm", "RightForeArm", "RightHand"]}