{"root_pos": [31.135787963867188, 75.95694732666016, 136.39547729492188], "local_quat": [[-0.5343630313873291, -0.31626108288764954, -0.539222776889801, -0.5689234137535095], [-0.039919618517160416, -0.0803963765501976, -0.9803957939147949, -0.17540520429611206], [0.8606988787651062, 0.07512006163597107, 0.03981566056609154, -0.5019651651382446], [0.796444296836853, -0.006318287458270788, -0.04509904608130455, 0.6029946804046631], [0.9702014327049255, -0.024325674399733543, 0.0424690917134285, 0.23730537295341492], [0.046363528817892075, 0.19094087183475494, 0.9804820418357849, -0.006851108744740486], [0.7669612169265747, -0.11496320366859436, -0.038811665028333664, -0.6301172375679016], [0.6788958311080933, -0.08977552503347397, 0.07333531230688095, 0.7250260710716248], [0.9831384420394897, 0.0016377682331949472, 0.02719331718981266, 0.18082235753536224], [0.9948503971099854, -0.04586566239595413, 0.0008156955009326339, 0.09037890285253525], [0.9885919094085693, -0.08592528849840164, -0.05709902569651604, 0.1097385436296463], [0.9888607263565063, -0.10512957721948624, 0.002724330872297287, 0.10533247143030167], [0.9810314178466797, -0.048073336482048035, -0.16879156231880188, 0.08231469243764877], [0.9798197746276855, -0.16451473534107208, 0.09561482816934586, -0.061204515397548676], [-0.058503568172454834, -0.6140528321266174, 0.009121360257267952, -0.7870407700538635], [0.8776553869247437, -0.1559797078371048, 0.2486235499382019, -0.37891656160354614], [0.6297904849052429, -0.04990444704890251, -0.09896128624677658, -0.7688173651695251], [0.8757650256156921, 0.4080350697040558, -0.17998181283473969, 0.18479599058628082], [0.016294967383146286, 0.6582640409469604, -0.054191943258047104, -0.7506571412086487], [0.8000317215919495, -0.07826816290616989, -0.5576012134552002, 0.20713365077972412], [0.6079517602920532, 0.031799424439668655, 0.05464765802025795, -0.7914525270462036], [0.9576384425163269, -0.17148880660533905, 0.22807662189006805, 0.03874612972140312]], "joint_names": ["Hips", "LeftUpLeg", "LeftLeg", "LeftFoot", "LeftToe", "RightUpLeg", "RightLeg", "RightFoot", "RightToe", "Spine", "Spine1", "Spine2", "Neck", "Head", "LeftShoulder", "LeftArm", "LeftForeArm", "LeftHand", "RightShoulder", "RightArm", "RightForeArm", "RightHand"]}