{"root_pos": [37.07466125488281, 73.65433502197266, 161.02001953125], "local_quat": [[-0.6036275625228882, -0.24438481032848358, -0.456394225358963, -0.6063119769096375], [-0.05142544209957123, -0.24535252153873444, -0.9598334431648254, -0.12600475549697876], [0.7781823873519897, 0.08663922548294067, 0.03994050249457359, -0.6207500696182251], [0.710893988609314, -0.011276436038315296, -0.07038632780313492, 0.6996772885322571], [0.9689250588417053, -0.025593753904104233, 0.04533432796597481, 0.24181385338306427], [-0.030000220984220505, 0.014605602249503136, 0.9989833831787109, 0.03031119517982006], [0.8311073780059814, -0.10585149377584457, -0.03843750059604645, -0.5445902347564697], [0.6704904437065125, -0.10108126699924469, 0.04999836906790733, 0.7332975268363953], [0.9832294583320618, 0.002234884537756443, 0.029325546696782112, 0.1799856722354889], [0.9969968199729919, -0.00901141669601202, -0.008203393779695034, 0.07647833973169327], [0.9925830364227295, -0.011146297678351402, -0.08675462007522583, 0.08442910760641098], [0.9952948093414307, -0.02887042984366417, -0.019915472716093063, 0.09032200276851654], [0.9717856645584106, -0.11384128034114838, -0.1965387761592865, 0.06360198557376862], [0.9550201892852783, -0.24520739912986755, 0.1598702371120453, -0.0474473312497139], [-0.023404577746987343, -0.551390528678894, 0.03802572190761566, -0.8330513834953308], [0.8869916200637817, 0.11529059708118439, 0.4169709384441376, -0.16152197122573853], [0.7008737921714783, -0.0477144829928875, -0.09055580198764801, -0.7059029340744019], [0.8679869174957275, 0.4139043986797333, -0.17632457613945007, 0.21021771430969238], [0.04554257541894913, 0.6769851446151733, -0.0951618105173111, -0.7283963561058044], [0.8497161865234375, 0.010055601596832275, -0.5199193358421326, 0.08697762340307236], [0.5320619940757751, 0.02602154202759266, 0.028618020936846733, -0.8458214402198792], [0.9670788049697876, -0.16101305186748505, 0.19007033109664917, 0.05202537029981613]], "joint_names": ["Hips", "LeftUpLeg", "LeftLeg", "LeftFoot", "LeftToe", "RightUpLeg", "RightLeg", "RightFoot", "RightToe", "Spine", "Spine1", "Spine2", "Neck", "Head", "LeftShoulder", "LeftArm", "LeftForeArm", "LeftHand", "RightShoulder", "RightArm", "RightForeArm", "RightHand"]}