{"root_pos": [33.00709915161133, 74.14078521728516, 147.00840759277344], "local_quat": [[-0.5646921992301941, -0.291163831949234, -0.5029686689376831, -0.5859768390655518], [-0.03208565711975098, -0.18134763836860657, -0.9739227294921875, -0.1325065642595291], [0.7691407799720764, 0.07946714013814926, 0.04848150163888931, -0.6322634816169739], [0.7544366121292114, -0.004730931017547846, -0.042013056576251984, 0.6550098657608032], [0.9698708653450012, -0.02514246292412281, 0.04295646771788597, 0.23848119378089905], [-0.00849099550396204, 0.13314281404018402, 0.9906356930732727, 0.029015788808465004], [0.824436366558075, -0.10894826054573059, -0.03604752942919731, -0.554198145866394], [0.6351726055145264, -0.09815064072608948, 0.05739196762442589, 0.7639557123184204], [0.9832314252853394, 0.0018866503378376365, 0.027818460017442703, 0.1802181750535965], [0.9958653450012207, -0.021111026406288147, -0.0058901021257042885, 0.08815723657608032], [0.9910978674888611, -0.036881446838378906, -0.07679194211959839, 0.10231151431798935], [0.9932076334953308, -0.054723385721445084, -0.014103170484304428, 0.1017107367515564], [0.9765993356704712, -0.07485001534223557, -0.19120685756206512, 0.06396303325891495], [0.970145046710968, -0.1996220499277115, 0.1228761300444603, -0.06221857666969299], [-0.036234766244888306, -0.5742424130439758, 0.029693320393562317, -0.8173438310623169], [0.8924183249473572, -0.006158817559480667, 0.3565636873245239, -0.27643057703971863], [0.6953042149543762, -0.052111539989709854, -0.10204716771841049, -0.7095229625701904], [0.8683677315711975, 0.41014763712882996, -0.19315940141677856, 0.2010120004415512], [0.03134025260806084, 0.6593379378318787, -0.07408031821250916, -0.747531533241272], [0.8389979600906372, -0.008916625753045082, -0.522922158241272, 0.1501850038766861], [0.5682413578033447, 0.030010521411895752, 0.042509570717811584, -0.8212149739265442], [0.9624330997467041, -0.16747187077999115, 0.20894895493984222, 0.04489979147911072]], "joint_names": ["Hips", "LeftUpLeg", "LeftLeg", "LeftFoot", "LeftToe", "RightUpLeg", "RightLeg", "RightFoot", "RightToe", "Spine", "Spine1", "Spine2", "Neck", "Head", "LeftShoulder", "LeftArm", "LeftForeArm", "LeftHand", "RightShoulder", "RightArm", "RightForeArm", "RightHand"]}