{"root_pos": [29.59992027282715, 77.08650970458984, 132.14138793945312], "local_quat": [[-0.5291792154312134, -0.32746049761772156, -0.55002760887146, -0.5569636821746826], [-0.053860533982515335, -0.04749381169676781, -0.9781427979469299, -0.19514119625091553], [0.9109185338020325, 0.07692454755306244, 0.027046076953411102, -0.404448539018631], [0.7853267788887024, -0.006228008773177862, -0.059756629168987274, 0.6161592602729797], [0.9703693389892578, -0.023307742550969124, 0.04187595099210739, 0.23682576417922974], [0.06982311606407166, 0.20506292581558228, 0.9757459163665771, -0.0315256267786026], [0.6888256072998047, -0.11736197024583817, -0.046821191906929016, -0.7138300538063049], [0.7206267714500427, -0.08025393635034561, 0.08275189250707626, 0.6836727261543274], [0.9830878973007202, 0.0010850332910194993, 0.02678767591714859, 0.18116116523742676], [0.9945694208145142, -0.05565045401453972, 0.0041601452976465225, 0.0878487154841423], [0.9873717427253723, -0.10458804666996002, -0.04894893243908882, 0.10845427215099335], [0.9867205619812012, -0.12453172355890274, 0.009722332470119, 0.10382620245218277], [0.981907844543457, -0.04553503915667534, -0.15906989574432373, 0.09208949655294418], [0.9802747964859009, -0.16148383915424347, 0.09737146645784378, -0.05918700993061066], [-0.06600959599018097, -0.6273495554924011, 0.0014759836485609412, -0.7759336829185486], [0.8656333088874817, -0.2092411071062088, 0.20457340776920319, -0.40625956654548645], [0.6004160046577454, -0.04930337145924568, -0.09684517979621887, -0.7922694087028503], [0.8772188425064087, 0.41391676664352417, -0.16475677490234375, 0.17892755568027496], [0.008479351177811623, 0.6601698398590088, -0.04404713585972786, -0.749775767326355], [0.7818532586097717, -0.11483334004878998, -0.5749786496162415, 0.2119397521018982], [0.6298711895942688, 0.03311825543642044, 0.06011802703142166, -0.7736609578132629], [0.9553369283676147, -0.17528210580348969, 0.23527871072292328, 0.03537772223353386]], "joint_names": ["Hips", "LeftUpLeg", "LeftLeg", "LeftFoot", "LeftToe", "RightUpLeg", "RightLeg", "RightFoot", "RightToe", "Spine", "Spine1", "Spine2", "Neck", "Head", "LeftShoulder", "LeftArm", "LeftForeArm", "LeftHand", "RightShoulder", "RightArm", "RightForeArm", "RightHand"]}