{"root_pos": [31.959423065185547, 74.59577178955078, 141.94076538085938], "local_quat": [[-0.5443563461303711, -0.3089965581893921, -0.526511013507843, -0.5753116011619568], [-0.03133517876267433, -0.1362948715686798, -0.9786056876182556, -0.15090660750865936], [0.8046600222587585, 0.0755121260881424, 0.04832204058766365, -0.5869284868240356], [0.7854194641113281, -0.005767599679529667, -0.03776337206363678, 0.6177839040756226], [0.9700707793235779, -0.02484629862010479, 0.04249343276023865, 0.2377808541059494], [0.017931200563907623, 0.1692221760749817, 0.9852731823921204, 0.016704844310879707], [0.8060681819915771, -0.11313972622156143, -0.034019585698843, -0.579910397529602], [0.6465834379196167, -0.09790312498807907, 0.06391941756010056, 0.7538297176361084], [0.9831981658935547, 0.001881440170109272, 0.02748613990843296, 0.18045035004615784], [0.9953355193138123, -0.03213803097605705, -0.003506226697936654, 0.09089525789022446], [0.9899726510047913, -0.05906989425420761, -0.06851865351200104, 0.10849020630121231], [0.9914023876190186, -0.0773443952202797, -0.00705945398658514, 0.10530577600002289], [0.9790956377983093, -0.058420781046152115, -0.18117816746234894, 0.07164672762155533], [0.9760790467262268, -0.1783907115459442, 0.10649610310792923, -0.06407112628221512], [-0.04628151282668114, -0.5925949215888977, 0.020938586443662643, -0.8038972616195679], [0.8886227607727051, -0.07938775420188904, 0.30999600887298584, -0.32855698466300964], [0.6698194742202759, -0.051512084901332855, -0.10205084085464478, -0.7336715459823608], [0.8717008829116821, 0.40696120262145996, -0.1926107257604599, 0.19344587624073029], [0.02371066063642502, 0.6572061777114868, -0.06363135576248169, -0.7506455779075623], [0.8218710422515869, -0.04112638905644417, -0.5379670858383179, 0.18283376097679138], [0.5869973301887512, 0.03106914460659027, 0.048630617558956146, -0.8075295090675354], [0.9599297642707825, -0.17156989872455597, 0.21763670444488525, 0.04162741079926491]], "joint_names": ["Hips", "LeftUpLeg", "LeftLeg", "LeftFoot", "LeftToe", "RightUpLeg", "RightLeg", "RightFoot", "RightToe", "Spine", "Spine1", "Spine2", "Neck", "Head", "LeftShoulder", "LeftArm", "LeftForeArm", "LeftHand", "RightShoulder", "RightArm", "RightForeArm", "RightHand"]}