{"root_pos": [35.36457061767578, 73.8775863647461, 153.60418701171875], "local_quat": [[-0.5873602032661438, -0.26790904998779297, -0.4763903021812439, -0.5968961119651794], [-0.040812715888023376, -0.2162269502878189, -0.9674038290977478, -0.12533998489379883], [0.7587117552757263, 0.08420643210411072, 0.045094627887010574, -0.6443851590156555], [0.7263908982276917, -0.006906288210302591, -0.05498383194208145, 0.6850441098213196], [0.9694593548774719, -0.02545083872973919, 0.04401414468884468, 0.23992398381233215], [-0.02355499379336834, 0.07933775335550308, 0.9961891770362854, 0.027526725083589554], [0.8327557444572449, -0.10673031210899353, -0.03680432587862015, -0.5420073866844177], [0.6434822082519531, -0.10001462697982788, 0.052762385457754135, 0.7570627331733704], [0.9832286834716797, 0.0020037153735756874, 0.028511060401797295, 0.18012329936027527], [0.9963390231132507, -0.013330390676856041, -0.007710890844464302, 0.084091916680336], [0.9917678236961365, -0.020771006122231483, -0.08344320207834244, 0.09488097578287125], [0.9943193197250366, -0.03858707845211029, -0.018995024263858795, 0.09736192971467972], [0.9743191599845886, -0.09407990425825119, -0.19533060491085052, 0.060802530497312546], [0.9628656506538391, -0.22267836332321167, 0.14132514595985413, -0.05771762877702713], [-0.02917100116610527, -0.5604346990585327, 0.03477523475885391, -0.8269538879394531], [0.8910537958145142, 0.05740104615688324, 0.3930795192718506, -0.21958328783512115], [0.7021397352218628, -0.05058973655104637, -0.09732366353273392, -0.703540027141571], [0.8668208122253418, 0.4140367805957794, -0.18641528487205505, 0.20602108538150787], [0.0387381836771965, 0.6677603125572205, -0.08488664776086807, -0.7385050654411316], [0.8498473763465881, 0.011805802583694458, -0.5135411024093628, 0.11787914484739304], [0.551055371761322, 0.028635062277317047, 0.0362023189663887, -0.8331910371780396], [0.9648250937461853, -0.16263729333877563, 0.2007240206003189, 0.048696987330913544]], "joint_names": ["Hips", "LeftUpLeg", "LeftLeg", "LeftFoot", "LeftToe", "RightUpLeg", "RightLeg", "RightFoot", "RightToe", "Spine", "Spine1", "Spine2", "Neck", "Head", "LeftShoulder", "LeftArm", "LeftForeArm", "LeftHand", "RightShoulder", "RightArm", "RightForeArm", "RightHand"]}