{"root_pos": [28.28131866455078, 78.47425079345703, 120.75880432128906], "local_quat": [[-0.5169861316680908, -0.35014766454696655, -0.5620421767234802, -0.5424301028251648], [-0.07432562112808228, -0.07682661712169647, -0.9739060401916504, -0.20020094513893127], [0.9369215965270996, 0.08853211998939514, 0.003274237969890237, -0.33812612295150757], [0.7485150098800659, 0.006698131561279297, -0.08322913944721222, 0.6578398942947388], [0.9711669683456421, -0.0213415939360857, 0.04007234796881676, 0.23403692245483398], [0.0677201896905899, 0.24643264710903168, 0.9648012518882751, -0.06199566647410393], [0.5068921446800232, -0.10860784351825714, -0.07740084081888199, -0.8516301512718201], [0.7859001159667969, -0.036423131823539734, 0.1043090671300888, 0.6084027886390686], [0.9828969240188599, -0.0007637147791683674, 0.025845667347311974, 0.18233244121074677], [0.9946863055229187, -0.05440238118171692, 0.0023173068184405565, 0.08737370371818542], [0.9871524572372437, -0.10098432004451752, -0.05477586388587952, 0.11104867607355118], [0.9868645668029785, -0.12146920710802078, 0.0027240014169365168, 0.1064719632267952], [0.9780886769294739, -0.06749838590621948, -0.16759635508060455, 0.10343070328235626], [0.9692574739456177, -0.19417855143547058, 0.13918572664260864, -0.058838147670030594], [-0.06629354506731033, -0.6269144415855408, -0.001236592885106802, -0.7762615084648132], [0.8734820485115051, -0.22479665279388428, 0.18040427565574646, -0.3923644423484802], [0.5823482871055603, -0.05062709003686905, -0.09734199941158295, -0.8055010437965393], [0.8779581189155579, 0.4235990643501282, -0.1411605179309845, 0.17270517349243164], [-0.009850455448031425, 0.669165849685669, -0.022257624194025993, -0.7427143454551697], [0.7689039707183838, -0.14246389269828796, -0.6078634262084961, 0.13781467080116272], [0.6424450278282166, 0.03449391946196556, 0.06208609417080879, -0.763033390045166], [0.9506940245628357, -0.20155394077301025, 0.23445452749729156, 0.024248987436294556]], "joint_names": ["Hips", "LeftUpLeg", "LeftLeg", "LeftFoot", "LeftToe", "RightUpLeg", "RightLeg", "RightFoot", "RightToe", "Spine", "Spine1", "Spine2", "Neck", "Head", "LeftShoulder", "LeftArm", "LeftForeArm", "LeftHand", "RightShoulder", "RightArm", "RightForeArm", "RightHand"]}