{"root_pos": [38.23617935180664, 73.02156066894531, 167.81906127929688], "local_quat": [[-0.5408023595809937, -0.22004111111164093, -0.4998807907104492, -0.6397139430046082], [-0.08056094497442245, -0.3398100435733795, -0.9370369911193848, -0.0008749411208555102], [0.8848070502281189, 0.07824470847845078, -0.011700930073857307, -0.4591919779777527], [0.7516047358512878, -0.05914054065942764, -0.16884514689445496, 0.6348889470100403], [0.9825242757797241, -5.018723186367424e-06, 2.6538593374425545e-05, 0.18613436818122864], [-0.016661833971738815, -0.08338526636362076, 0.9908214211463928, -0.10508149862289429], [0.7235369682312012, 0.039726823568344116, -0.10185074806213379, -0.6815735101699829], [0.7832163572311401, 0.008618984371423721, -0.09774173051118851, 0.613957941532135], [0.9825242757797241, 4.84218571727979e-06, -2.6731911930255592e-05, 0.18613450229167938], [0.9969847202301025, 0.010089133866131306, -0.018777476623654366, 0.07461285591125488], [0.9971694946289062, 0.01851976476609707, -0.03836679458618164, 0.061951905488967896], [0.9973376393318176, 0.018644776195287704, -0.038304977118968964, 0.05918360501527786], [0.9676272869110107, -0.19871284067630768, -0.15264739096164703, -0.030156726017594337], [0.9124179482460022, -0.30758801102638245, 0.26915258169174194, 0.020974786952137947], [0.027378810569643974, -0.6314273476600647, 0.05245231091976166, -0.7731744050979614], [0.9219835996627808, 0.18335717916488647, 0.34105342626571655, 0.002985126804560423], [0.5349296927452087, 0.012947681359946728, -0.027362920343875885, -0.8443540930747986], [0.9382569193840027, 0.32051700353622437, -0.08759212493896484, 0.09628278017044067], [-0.0013049886329099536, 0.6373492479324341, -0.018170244991779327, -0.7703596949577332], [0.875371515750885, -0.19522908329963684, -0.41290077567100525, -0.158502995967865], [0.560652494430542, -0.022014828398823738, 0.019370408728718758, -0.8275318145751953], [0.9772863388061523, -0.1768135279417038, 0.11336793750524521, -0.028214339166879654]], "joint_names": ["Hips", "LeftUpLeg", "LeftLeg", "LeftFoot", "LeftToe", "RightUpLeg", "RightLeg", "RightFoot", "RightToe", "Spine", "Spine1", "Spine2", "Neck", "Head", "LeftShoulder", "LeftArm", "LeftForeArm", "LeftHand", "RightShoulder", "RightArm", "RightForeArm", "RightHand"]}