{"root_pos": [-70.06680297851562, 60.85408401489258, -88.03799438476562], "local_quat": [[0.13615761697292328, -0.7176294326782227, -0.6767669916152954, -0.09195366501808167], [0.04014257714152336, -0.17867517471313477, -0.9819421768188477, 0.04746958985924721], [0.8746939301490784, 0.08441206067800522, 0.0019778944551944733, -0.4772643446922302], [0.6889868974685669, 0.005051157902926207, -0.07468536496162415, 0.7208977937698364], [0.982781708240509, -0.007024609018117189, 0.004935873672366142, 0.18457067012786865], [0.0810883417725563, 0.2473755031824112, 0.9623958468437195, -0.07761599123477936], [0.7409181594848633, -0.11818879097700119, -0.08123032003641129, -0.6561045050621033], [0.6697973608970642, -0.09243161976337433, -0.06502117961645126, 0.7338938117027283], [0.9815599918365479, -0.004090209491550922, 0.004557991400361061, 0.19105614721775055], [0.994592010974884, 0.001944873365573585, -0.00972254853695631, 0.10338477045297623], [0.9937973618507385, 0.0006783923017792404, -0.018852008506655693, 0.10959398746490479], [0.9953696727752686, 0.0015903989551588893, -0.016434989869594574, 0.09469179064035416], [0.9800505638122559, -0.10262007266283035, -0.16093572974205017, -0.055404264479875565], [0.9496109485626221, -0.21677787601947784, 0.22344161570072174, 0.03633483871817589], [0.01959041692316532, -0.5910890102386475, 0.061444174498319626, -0.8040240406990051], [0.8617722392082214, 0.1400919407606125, 0.4836239218711853, -0.06189369410276413], [0.518141508102417, 0.015661850571632385, -0.02866300567984581, -0.8546710014343262], [0.9324746131896973, 0.3513878583908081, -0.06344140321016312, 0.05470668524503708], [-0.004810338839888573, 0.6142979860305786, -0.02085486240684986, -0.788783848285675], [0.8413233160972595, -0.24892960488796234, -0.47893014550209045, -0.028899352997541428], [0.7331385612487793, -0.0018265765393152833, 0.05295724421739578, -0.6780118346214294], [0.9783701300621033, -0.152357816696167, 0.1373843550682068, 0.02654145285487175]], "joint_names": ["Hips", "LeftUpLeg", "LeftLeg", "LeftFoot", "LeftToe", "RightUpLeg", "RightLeg", "RightFoot", "RightToe", "Spine", "Spine1", "Spine2", "Neck", "Head", "LeftShoulder", "LeftArm", "LeftForeArm", "LeftHand", "RightShoulder", "RightArm", "RightForeArm", "RightHand"]}