{"root_pos": [-126.11412811279297, 76.77574157714844, -65.56121826171875], "local_quat": [[0.26136159896850586, -0.7481421232223511, -0.604057252407074, 0.08419200032949448], [0.046281859278678894, -0.33874303102493286, -0.9395432472229004, 0.019225550815463066], [0.9505670070648193, 0.047347959131002426, 0.010167685337364674, -0.30672016739845276], [0.7893419861793518, -0.05194983258843422, -0.11909971386194229, 0.6000463366508484], [0.9827020168304443, -0.0013067631516605616, 0.0016968923155218363, 0.1851811408996582], [0.03265710920095444, -0.05654473602771759, 0.9923428893089294, -0.10484156757593155], [0.8920788764953613, -0.1253286451101303, -0.04446776211261749, -0.4318687915802002], [0.8093365430831909, -0.08105962723493576, -0.0002401431993348524, 0.5817247033119202], [0.9822493195533752, -0.0009957972215488553, 0.0007753410609439015, 0.18757544457912445], [0.9976909160614014, 0.026155712082982063, -0.0005338112823665142, 0.06267619132995605], [0.9979047775268555, 0.0511002317070961, -0.005464722402393818, 0.03930669277906418], [0.9979862570762634, 0.05143410712480545, -0.006437203846871853, 0.036558397114276886], [0.9694485068321228, -0.12609851360321045, -0.20243526995182037, -0.057347606867551804], [0.9298098087310791, -0.2565544545650482, 0.24755826592445374, 0.09137019515037537], [0.06110037490725517, -0.6084328889846802, 0.09426632523536682, -0.7856143712997437], [0.8961002230644226, 0.23354113101959229, 0.3592787981033325, 0.11567895114421844], [0.4841684401035309, 0.015337744727730751, -0.02572617121040821, -0.8744620084762573], [0.9328188896179199, 0.35424238443374634, -0.0068779862485826015, 0.06568076461553574], [-0.021996954455971718, 0.6390621662139893, 0.004444796591997147, -0.7688276171684265], [0.8753362894058228, -0.22632427513599396, -0.3869006931781769, -0.1813054233789444], [0.5526403188705444, -0.021299215033650398, 0.021211471408605576, -0.8328776359558105], [0.9805228114128113, -0.1860456019639969, 0.06268546730279922, -0.005711191799491644]], "joint_names": ["Hips", "LeftUpLeg", "LeftLeg", "LeftFoot", "LeftToe", "RightUpLeg", "RightLeg", "RightFoot", "RightToe", "Spine", "Spine1", "Spine2", "Neck", "Head", "LeftShoulder", "LeftArm", "LeftForeArm", "LeftHand", "RightShoulder", "RightArm", "RightForeArm", "RightHand"]}