{"root_pos": [-119.18579864501953, 73.130859375, -70.10476684570312], "local_quat": [[0.25103920698165894, -0.747092068195343, -0.6116741895675659, 0.0684647411108017], [0.041283827275037766, -0.3235042989253998, -0.9450452923774719, 0.02302170731127262], [0.9394310116767883, 0.05006292834877968, 0.011218675412237644, -0.33887648582458496], [0.764458954334259, -0.0424426831305027, -0.10645730048418045, 0.634403645992279], [0.9827779531478882, -0.0021082009188830853, 0.0025448668748140335, 0.1847609132528305], [0.042485423386096954, -0.017966140061616898, 0.9944287538528442, -0.09478204697370529], [0.8613875508308411, -0.12831668555736542, -0.05003266781568527, -0.4889202415943146], [0.7784364819526672, -0.08618554472923279, -0.011767690069973469, 0.6216673254966736], [0.9821577072143555, -0.0012447156477719545, 0.001298961928114295, 0.18805038928985596], [0.9975815415382385, 0.02238544262945652, 0.0009424688760191202, 0.06579475104808807], [0.9979811310768127, 0.0437731109559536, -0.0028324297163635492, 0.04592958465218544], [0.9980873465538025, 0.04436657577753067, -0.003919605631381273, 0.042870499193668365], [0.9711384177207947, -0.12179889529943466, -0.19760166108608246, -0.05485215410590172], [0.9339181184768677, -0.25004005432128906, 0.24067512154579163, 0.0857459008693695], [0.058576419949531555, -0.606568455696106, 0.09292614459991455, -0.7874060273170471], [0.8965878486633301, 0.2202359437942505, 0.3705711364746094, 0.10150551795959473], [0.48615896701812744, 0.014732792973518372, -0.026471704244613647, -0.8733450770378113], [0.9306445717811584, 0.3602045774459839, -0.0087206419557333, 0.06385518610477448], [-0.017816463485360146, 0.6319063901901245, -0.0010828602826222777, -0.7748391628265381], [0.8795953989028931, -0.22848808765411377, -0.3901262581348419, -0.1480090171098709], [0.5708837509155273, -0.018635474145412445, 0.024633727967739105, -0.8204495906829834], [0.9803832173347473, -0.18400682508945465, 0.0705302357673645, -0.0039693196304142475]], "joint_names": ["Hips", "LeftUpLeg", "LeftLeg", "LeftFoot", "LeftToe", "RightUpLeg", "RightLeg", "RightFoot", "RightToe", "Spine", "Spine1", "Spine2", "Neck", "Head", "LeftShoulder", "LeftArm", "LeftForeArm", "LeftHand", "RightShoulder", "RightArm", "RightForeArm", "RightHand"]}