{"root_pos": [-133.19329833984375, 78.85308837890625, -60.98242950439453], "local_quat": [[0.2709488272666931, -0.74919593334198, -0.5963600873947144, 0.09821851551532745], [0.05026692524552345, -0.3490484356880188, -0.9355974793434143, 0.017198560759425163], [0.9546758532524109, 0.046045638620853424, 0.009611384943127632, -0.29390737414360046], [0.802540123462677, -0.05716225504875183, -0.12622679769992828, 0.5802831649780273], [0.9826263189315796, -0.0005647882935591042, 0.0007627429440617561, 0.1855928897857666], [0.021165793761610985, -0.08319375663995743, 0.9903358221054077, -0.10893028974533081], [0.9142237305641174, -0.12260457128286362, -0.04042771831154823, -0.3840946555137634], [0.8271600604057312, -0.07688964903354645, 0.00798736046999693, 0.5566241145133972], [0.9823832511901855, -0.0005779481725767255, 0.0003060000599361956, 0.1868760585784912], [0.9977324604988098, 0.028558364138007164, -0.0025481581687927246, 0.06089188531041145], [0.9977462887763977, 0.05615180358290672, -0.008777518756687641, 0.03566842898726463], [0.9978171586990356, 0.056288138031959534, -0.009290781803429127, 0.03326139226555824], [0.9680029153823853, -0.1299332082271576, -0.20606741309165955, -0.06019941717386246], [0.9259598851203918, -0.2626960575580597, 0.25466638803482056, 0.09345672279596329], [0.06247010454535484, -0.6100180149078369, 0.09463247656822205, -0.7842321991920471], [0.8988918662071228, 0.2402832955121994, 0.34634044766426086, 0.11960587650537491], [0.4877091348171234, 0.014984379522502422, -0.02671520598232746, -0.8724685907363892], [0.9337323904037476, 0.35162773728370667, -0.004491920582950115, 0.06694456934928894], [-0.0247463658452034, 0.6435328125953674, 0.00849227700382471, -0.7649713158607483], [0.8692914247512817, -0.22436636686325073, -0.38885530829429626, -0.2068423330783844], [0.5442608594894409, -0.022592823952436447, 0.01979774981737137, -0.8383779525756836], [0.9801978468894958, -0.18833079934120178, 0.060799404978752136, -0.00685683311894536]], "joint_names": ["Hips", "LeftUpLeg", "LeftLeg", "LeftFoot", "LeftToe", "RightUpLeg", "RightLeg", "RightFoot", "RightToe", "Spine", "Spine1", "Spine2", "Neck", "Head", "LeftShoulder", "LeftArm", "LeftForeArm", "LeftHand", "RightShoulder", "RightArm", "RightForeArm", "RightHand"]}