{"root_pos": [-76.80284118652344, 58.460941314697266, -86.87532043457031], "local_quat": [[0.16257451474666595, -0.7249776124954224, -0.6664073467254639, -0.06227531656622887], [0.04596473276615143, -0.1978340744972229, -0.977849006652832, 0.050599124282598495], [0.8579902648925781, 0.08467818051576614, 0.0029799893964082003, -0.506629467010498], [0.6529598832130432, 0.010910284705460072, -0.06532138586044312, 0.7544915080070496], [0.9828191995620728, -0.006545303855091333, 0.004508619196712971, 0.18439961969852448], [0.08941410481929779, 0.21621456742286682, 0.9696884155273438, -0.07043282687664032], [0.734878420829773, -0.12400320917367935, -0.08045011013746262, -0.6618947386741638], [0.6556385159492493, -0.09125477075576782, -0.05833713710308075, 0.7472665905952454], [0.9817362427711487, -0.0032498203217983246, 0.004393711220473051, 0.19016844034194946], [0.9944631457328796, 0.001524954685010016, -0.008823470212519169, 0.10470328480005264], [0.993537187576294, 0.001168893650174141, -0.017514634877443314, 0.11214148998260498], [0.9950247406959534, 0.0024443960282951593, -0.01535266824066639, 0.0984078198671341], [0.9798563122749329, -0.10333328694105148, -0.1605415940284729, -0.058567874133586884], [0.9492411613464355, -0.21882233023643494, 0.2233346551656723, 0.03434590995311737], [0.021074991673231125, -0.5928174257278442, 0.06200973689556122, -0.8026694059371948], [0.8744860887527466, 0.1373700201511383, 0.4623243510723114, -0.051572490483522415], [0.5237065553665161, 0.013871975243091583, -0.032325323671102524, -0.8511722087860107], [0.9312551021575928, 0.35537710785865784, -0.05976542830467224, 0.05384358391165733], [-0.004076624289155006, 0.6080700159072876, -0.020654646679759026, -0.7936041951179504], [0.8436134457588196, -0.24032604694366455, -0.479193776845932, -0.030547168105840683], [0.7279760241508484, -0.0013280580751597881, 0.052648697048425674, -0.6835768222808838], [0.9779821634292603, -0.15828396379947662, 0.1337992548942566, 0.024389054626226425]], "joint_names": ["Hips", "LeftUpLeg", "LeftLeg", "LeftFoot", "LeftToe", "RightUpLeg", "RightLeg", "RightFoot", "RightToe", "Spine", "Spine1", "Spine2", "Neck", "Head", "LeftShoulder", "LeftArm", "LeftForeArm", "LeftHand", "RightShoulder", "RightArm", "RightForeArm", "RightHand"]}