{"root_pos": [-97.06401062011719, 61.50939178466797, -80.33473205566406], "local_quat": [[0.2166089117527008, -0.7399393916130066, -0.6367951035499573, 0.007894911803305149], [0.04389568418264389, -0.26772642135620117, -0.961856484413147, 0.035041049122810364], [0.8917617201805115, 0.06813089549541473, 0.008686322718858719, -0.44726234674453735], [0.6848278045654297, -0.01502644456923008, -0.0839703232049942, 0.7236947417259216], [0.9828292727470398, -0.004660691600292921, 0.004326123744249344, 0.18440747261047363], [0.0777331292629242, 0.11383397877216339, 0.9877922534942627, -0.07256615161895752], [0.779990553855896, -0.13263553380966187, -0.06742189824581146, -0.6078460812568665], [0.6912915706634521, -0.09248197078704834, -0.03889497369527817, 0.7155768275260925], [0.981964647769928, -0.001759223872795701, 0.003183661727234721, 0.18902955949306488], [0.9961035251617432, 0.008867635391652584, -0.0007438710308633745, 0.0877414345741272], [0.9962928891181946, 0.01728285476565361, -0.00521527836099267, 0.08411072194576263], [0.9968632459640503, 0.019068589434027672, -0.005358338356018066, 0.07662451267242432], [0.9759662747383118, -0.11137553304433823, -0.17930413782596588, -0.054178908467292786], [0.9431018233299255, -0.23399068415164948, 0.22934786975383759, 0.05663011968135834], [0.04062661901116371, -0.605394184589386, 0.07911281287670135, -0.7909415364265442], [0.9042550325393677, 0.16335871815681458, 0.3930596709251404, 0.03377636522054672], [0.5025908946990967, 0.014155629090964794, -0.030530011281371117, -0.8638691306114197], [0.9284913539886475, 0.3659100830554962, -0.02687976323068142, 0.05736719071865082], [-0.007493603974580765, 0.6124460697174072, -0.014840512536466122, -0.7903375029563904], [0.8713648319244385, -0.2246987521648407, -0.43339645862579346, -0.04900377616286278], [0.6430284380912781, -0.009260688908398151, 0.03762558475136757, -0.7648614048957825], [0.9793190360069275, -0.17319750785827637, 0.1042717844247818, 0.008014362305402756]], "joint_names": ["Hips", "LeftUpLeg", "LeftLeg", "LeftFoot", "LeftToe", "RightUpLeg", "RightLeg", "RightFoot", "RightToe", "Spine", "Spine1", "Spine2", "Neck", "Head", "LeftShoulder", "LeftArm", "LeftForeArm", "LeftHand", "RightShoulder", "RightArm", "RightForeArm", "RightHand"]}