{"root_pos": [-104.56774139404297, 64.69542694091797, -77.50999450683594], "local_quat": [[0.22809860110282898, -0.7435532212257385, -0.6279343366622925, 0.02825048752129078], [0.039782676845788956, -0.28623124957084656, -0.956854522228241, 0.0303046815097332], [0.9104494452476501, 0.061505574733018875, 0.009348714724183083, -0.40891507267951965], [0.7030373215675354, -0.022770430892705917, -0.08911766111850739, 0.7051795125007629], [0.982832133769989, -0.0038046236149966717, 0.004090697038918734, 0.18441744148731232], [0.06632886826992035, 0.0731423944234848, 0.9921669960021973, -0.07651963084936142], [0.8008590340614319, -0.13177931308746338, -0.06294633448123932, -0.5807725787162781], [0.7137116193771362, -0.09065891057252884, -0.030932169407606125, 0.6938586831092834], [0.9820281863212585, -0.0015435060486197472, 0.002588429022580385, 0.18871016800403595], [0.9967506527900696, 0.01400812342762947, 0.0013440563343465328, 0.07931026071310043], [0.9971614480018616, 0.027579735964536667, -0.002039623446762562, 0.0700303241610527], [0.9974815845489502, 0.028940564021468163, -0.0026884579565376043, 0.0646970272064209], [0.9739773273468018, -0.11514168232679367, -0.1874883621931076, -0.05439353734254837], [0.9398357272148132, -0.2403857558965683, 0.23305204510688782, 0.06789830327033997], [0.04859301820397377, -0.605826199054718, 0.08569473773241043, -0.7894743084907532], [0.9037513732910156, 0.1846727728843689, 0.3812893033027649, 0.06121991202235222], [0.4953579306602478, 0.014203297905623913, -0.028861260041594505, -0.8680931925773621], [0.928229808807373, 0.36686068773269653, -0.01559000089764595, 0.059662189334630966], [-0.010765871033072472, 0.6181106567382812, -0.010538092814385891, -0.7859467267990112], [0.8772333264350891, -0.2271353006362915, -0.4150529205799103, -0.08125511556863785], [0.6157678961753845, -0.012333953753113747, 0.03264661133289337, -0.7871543765068054], [0.9798659086227417, -0.1777293086051941, 0.09092960506677628, 0.00262506608851254]], "joint_names": ["Hips", "LeftUpLeg", "LeftLeg", "LeftFoot", "LeftToe", "RightUpLeg", "RightLeg", "RightFoot", "RightToe", "Spine", "Spine1", "Spine2", "Neck", "Head", "LeftShoulder", "LeftArm", "LeftForeArm", "LeftHand", "RightShoulder", "RightArm", "RightForeArm", "RightHand"]}