{"root_pos": [-90.04325866699219, 59.34748458862305, -82.43463134765625], "local_quat": [[0.20085187256336212, -0.7361292243003845, -0.6462043523788452, -0.013859609141945839], [0.04526505991816521, -0.24286067485809326, -0.9680725336074829, 0.04248855635523796], [0.8733111023902893, 0.07388390600681305, 0.008212336339056492, -0.48145756125450134], [0.6698470115661621, -0.007149141281843185, -0.07726684957742691, 0.738433301448822], [0.9828149080276489, -0.005402039736509323, 0.004290238954126835, 0.18446460366249084], [0.08832486718893051, 0.14547507464885712, 0.9829618334770203, -0.0694393441081047], [0.7624882459640503, -0.13185001909732819, -0.07092291116714478, -0.6294419765472412], [0.6727638244628906, -0.09570372849702835, -0.04905402660369873, 0.7319995760917664], [0.9819077849388123, -0.002049420727416873, 0.003686414333060384, 0.18931268155574799], [0.9954273700714111, 0.0048360805958509445, -0.003954391460865736, 0.09531746059656143], [0.9952163696289062, 0.008986243978142738, -0.009858536534011364, 0.09678103029727936], [0.996116578578949, 0.010906865820288658, -0.00917176902294159, 0.08688297867774963], [0.9777601957321167, -0.10748355835676193, -0.1714068353176117, -0.055244334042072296], [0.9459693431854248, -0.22731924057006836, 0.22663649916648865, 0.04586776718497276], [0.03288080915808678, -0.6022653579711914, 0.07253839820623398, -0.7943132519721985], [0.8987627625465393, 0.14529462158679962, 0.4136595129966736, 0.0008991617942228913], [0.5116574168205261, 0.014006568118929863, -0.032013148069381714, -0.8584787845611572], [0.9294981360435486, 0.36222344636917114, -0.04176934435963631, 0.05552162975072861], [-0.005056658759713173, 0.6082550883293152, -0.018121914938092232, -0.793518602848053], [0.8607357144355774, -0.2287587672472, -0.45383772253990173, -0.028894077986478806], [0.6766327023506165, -0.006028924603015184, 0.043669525533914566, -0.7349998354911804], [0.9785779714584351, -0.1688973307609558, 0.11682239174842834, 0.014538940042257309]], "joint_names": ["Hips", "LeftUpLeg", "LeftLeg", "LeftFoot", "LeftToe", "RightUpLeg", "RightLeg", "RightFoot", "RightToe", "Spine", "Spine1", "Spine2", "Neck", "Head", "LeftShoulder", "LeftArm", "LeftForeArm", "LeftHand", "RightShoulder", "RightArm", "RightForeArm", "RightHand"]}