{"root_pos": [-112.05859375, 68.73511505126953, -74.01287078857422], "local_quat": [[0.23928822576999664, -0.746067225933075, -0.6194493174552917, 0.049065444618463516], [0.03885047510266304, -0.30348172783851624, -0.9516529440879822, 0.027314260601997375], [0.9260752201080322, 0.05472362041473389, 0.011031989008188248, -0.37318676710128784], [0.732421338558197, -0.032410819083452225, -0.09565231949090958, 0.6733195185661316], [0.9828178882598877, -0.0029466713313013315, 0.003390008118003607, 0.18452318012714386], [0.0547436960041523, 0.026226384565234184, 0.9946274161338806, -0.08385461568832397], [0.8300022482872009, -0.13094688951969147, -0.05561871826648712, -0.5393104553222656], [0.7424517273902893, -0.09119262546300888, -0.02395694889128208, 0.6632310152053833], [0.9820910692214966, -0.0013714531669393182, 0.0019088106928393245, 0.18839187920093536], [0.9972758293151855, 0.018560169264674187, 0.0014380287611857057, 0.07137434929609299], [0.997739851474762, 0.036455828696489334, -0.0018131113611161709, 0.05641581863164902], [0.9979146122932434, 0.037395134568214417, -0.0026984154246747494, 0.052542801946401596], [0.972541868686676, -0.11809758841991425, -0.19309565424919128, -0.054123405367136], [0.9371141791343689, -0.24481289088726044, 0.2363976389169693, 0.07745872437953949], [0.05485859140753746, -0.6052983999252319, 0.09059146046638489, -0.7889218330383301], [0.8995831608772278, 0.20397840440273285, 0.37724918127059937, 0.08261975646018982], [0.49174755811691284, 0.014290113002061844, -0.027753110975027084, -0.8701780438423157], [0.9290666580200195, 0.36448511481285095, -0.011520379222929478, 0.06207272410392761], [-0.013850810006260872, 0.6245245337486267, -0.006302427966147661, -0.7808568477630615], [0.8797450065612793, -0.22926269471645355, -0.40061622858047485, -0.113990917801857], [0.5930036306381226, -0.015486128628253937, 0.028584422543644905, -0.8045431971549988], [0.9800244569778442, -0.1820783168077469, 0.07998906821012497, -0.0012055590050294995]], "joint_names": ["Hips", "LeftUpLeg", "LeftLeg", "LeftFoot", "LeftToe", "RightUpLeg", "RightLeg", "RightFoot", "RightToe", "Spine", "Spine1", "Spine2", "Neck", "Head", "LeftShoulder", "LeftArm", "LeftForeArm", "LeftHand", "RightShoulder", "RightArm", "RightForeArm", "RightHand"]}