{"root_pos": [-83.20024871826172, 58.062984466552734, -84.63214111328125], "local_quat": [[0.18201762437820435, -0.7315171360969543, -0.6560211181640625, -0.03726201504468918], [0.04616956040263176, -0.21692410111427307, -0.9739086031913757, 0.048106998205184937], [0.8614025115966797, 0.07909615337848663, 0.006574174854904413, -0.5016834735870361], [0.6556221842765808, 0.0033921010326594114, -0.06766026467084885, 0.7520439624786377], [0.9828112125396729, -0.006081845611333847, 0.004372164141386747, 0.18446125090122223], [0.09248852729797363, 0.17856673896312714, 0.9772246479988098, -0.06776310503482819], [0.7454812526702881, -0.12904945015907288, -0.0752590075135231, -0.6495691537857056], [0.6585817337036133, -0.09489625692367554, -0.05494154244661331, 0.7444771528244019], [0.9818432331085205, -0.002485622651875019, 0.004112247843295336, 0.18963362276554108], [0.9947851300239563, 0.0022029727697372437, -0.007052999921143055, 0.10172457247972488], [0.9941067695617676, 0.0033724394161254168, -0.01448804046958685, 0.10738031566143036], [0.9953576922416687, 0.005018997937440872, -0.012859858572483063, 0.09524928033351898], [0.9792165160179138, -0.10453270375728607, -0.16405251622200012, -0.05739998072385788], [0.9482744932174683, -0.22167636454105377, 0.22416621446609497, 0.03721058368682861], [0.025788569822907448, -0.597366452217102, 0.06626293063163757, -0.7988101243972778], [0.8878208994865417, 0.13708220422267914, 0.4383348524570465, -0.02906927280128002], [0.5213795304298401, 0.01361373346298933, -0.03317088633775711, -0.8525712490081787], [0.9304949641227722, 0.3582577407360077, -0.053561169654130936, 0.05442146584391594], [-0.003892636625096202, 0.6059331297874451, -0.0200129933655262, -0.7952543497085571], [0.8508192896842957, -0.23532861471176147, -0.4692155718803406, -0.023744987323880196], [0.7099593281745911, -0.0027698581106960773, 0.049795784056186676, -0.7024744749069214], [0.9780577421188354, -0.16354043781757355, 0.12737222015857697, 0.02083204872906208]], "joint_names": ["Hips", "LeftUpLeg", "LeftLeg", "LeftFoot", "LeftToe", "RightUpLeg", "RightLeg", "RightFoot", "RightToe", "Spine", "Spine1", "Spine2", "Neck", "Head", "LeftShoulder", "LeftArm", "LeftForeArm", "LeftHand", "RightShoulder", "RightArm", "RightForeArm", "RightHand"]}