{"root_pos": [-16.859315872192383, 73.728759765625, -69.2537612915039], "local_quat": [[-0.20080101490020752, -0.6202646493911743, -0.6424599885940552, -0.40273547172546387], [0.008514972403645515, -0.017314283177256584, -0.9997853636741638, 0.007547189947217703], [0.9427189230918884, 0.04121706634759903, 0.027883395552635193, -0.32985562086105347], [0.827780544757843, -0.06096392497420311, -0.09918523579835892, 0.5488397479057312], [0.9810609817504883, -0.011611626483500004, 0.014258724637329578, 0.19282440841197968], [0.0017398038180544972, 0.22368429601192474, 0.9645789861679077, -0.1398206204175949], [0.9024749398231506, -0.061959002166986465, -0.06320232897996902, -0.4215512275695801], [0.8057900071144104, -0.029504679143428802, 0.008553808555006981, 0.5914039611816406], [0.980472207069397, -0.008421558886766434, 0.009790828451514244, 0.19623319804668427], [0.9940971732139587, 0.006074102595448494, 0.00465887738391757, 0.10822261869907379], [0.9950829148292542, 0.004738467279821634, 0.0016162749379873276, 0.0989188477396965], [0.996761679649353, 0.0027387093286961317, 0.006040776614099741, 0.08013834059238434], [0.9789246916770935, -0.09728502482175827, -0.17864134907722473, -0.018147118389606476], [0.9494014382362366, -0.2158089578151703, 0.22492653131484985, 0.03835883364081383], [0.02335905283689499, -0.6263033151626587, 0.07877783477306366, -0.7752371430397034], [0.8709580302238464, 0.1929243952035904, 0.4518793225288391, -0.0041736336424946785], [0.5023506283760071, 0.014783259481191635, -0.0205329991877079, -0.8642937541007996], [0.9036384224891663, 0.41805052757263184, 0.020036062225699425, 0.09093934297561646], [-0.005706022027879953, 0.645156741142273, -0.025904925540089607, -0.7635896801948547], [0.8534212708473206, -0.28927478194236755, -0.42374715209007263, 0.09181782603263855], [0.641524076461792, -0.011443032883107662, 0.03297265246510506, -0.7663085460662842], [0.9819826483726501, -0.12992893159389496, 0.13671927154064178, 0.011678782291710377]], "joint_names": ["Hips", "LeftUpLeg", "LeftLeg", "LeftFoot", "LeftToe", "RightUpLeg", "RightLeg", "RightFoot", "RightToe", "Spine", "Spine1", "Spine2", "Neck", "Head", "LeftShoulder", "LeftArm", "LeftForeArm", "LeftHand", "RightShoulder", "RightArm", "RightForeArm", "RightHand"]}