{"root_pos": [-56.49462890625, 67.92674255371094, -87.00840759277344], "local_quat": [[0.06902865320444107, -0.7065943479537964, -0.6852314472198486, -0.16253399848937988], [0.031753059476614, -0.11570487171411514, -0.9922224283218384, 0.03314729407429695], [0.930975615978241, 0.07103566825389862, 0.003959932830184698, -0.3580819368362427], [0.816446840763092, -0.023192035034298897, -0.10145033895969391, 0.5679651498794556], [0.9825727939605713, -0.008067360147833824, 0.006658946163952351, 0.18558350205421448], [0.0661013126373291, 0.2547706365585327, 0.95931476354599, -0.10216536372900009], [0.7695761322975159, -0.11101829260587692, -0.06986358016729355, -0.6249373555183411], [0.7335559725761414, -0.09848266839981079, -0.06608593463897705, 0.669200599193573], [0.9811174273490906, -0.0057072388008236885, 0.004935959819704294, 0.19326592981815338], [0.9960283041000366, 0.0020276769064366817, -0.00951403472572565, 0.08850397169589996], [0.9960933923721313, -0.0017863151151686907, -0.018328625708818436, 0.08636461943387985], [0.9973630905151367, -0.0015324754640460014, -0.015153864398598671, 0.07095672190189362], [0.9806444644927979, -0.1007334291934967, -0.16437561810016632, -0.03420139104127884], [0.9500582814216614, -0.2116680145263672, 0.2232309877872467, 0.052476346492767334], [0.02615966647863388, -0.5970880389213562, 0.07068969309329987, -0.7986266016960144], [0.8474570512771606, 0.1629796326160431, 0.5042592883110046, -0.03125119209289551], [0.4875379502773285, 0.02154344506561756, -0.015118052251636982, -0.8727049231529236], [0.9293728470802307, 0.36115676164627075, -0.04994146153330803, 0.05777372792363167], [-0.0038623774889856577, 0.6304572820663452, -0.02419448457658291, -0.775837242603302], [0.8437671661376953, -0.27154669165611267, -0.4625076353549957, 0.02015489526093006], [0.7059255838394165, -0.007855578325688839, 0.04604297876358032, -0.7067442536354065], [0.9804121851921082, -0.1433294117450714, 0.1323872208595276, 0.026875976473093033]], "joint_names": ["Hips", "LeftUpLeg", "LeftLeg", "LeftFoot", "LeftToe", "RightUpLeg", "RightLeg", "RightFoot", "RightToe", "Spine", "Spine1", "Spine2", "Neck", "Head", "LeftShoulder", "LeftArm", "LeftForeArm", "LeftHand", "RightShoulder", "RightArm", "RightForeArm", "RightHand"]}