{"root_pos": [-63.28086471557617, 64.4274673461914, -88.08857727050781], "local_quat": [[0.1045737937092781, -0.7116652727127075, -0.6832306385040283, -0.12566949427127838], [0.03377797082066536, -0.14760039746761322, -0.9876407384872437, 0.04048266261816025], [0.9045701026916504, 0.0786646232008934, 0.002694512950256467, -0.4189958870410919], [0.7546497583389282, -0.009080356918275356, -0.08939801156520844, 0.6499456167221069], [0.982700526714325, -0.0075386762619018555, 0.005707521457225084, 0.18496008217334747], [0.0730767473578453, 0.260276734828949, 0.9585505127906799, -0.08998151123523712], [0.757066547870636, -0.11479208618402481, -0.07530956715345383, -0.638749897480011], [0.6995393633842468, -0.09748385846614838, -0.06858808547258377, 0.7045829892158508], [0.9813388586044312, -0.004908940754830837, 0.004661239683628082, 0.1921670138835907], [0.9952799677848816, 0.002255617408081889, -0.0098720146343112, 0.09651603549718857], [0.9949384331703186, -7.76593733462505e-05, -0.018814638257026672, 0.09870875626802444], [0.9963827133178711, 0.0004986761487089097, -0.016202552244067192, 0.08341877907514572], [0.9803167581558228, -0.10147453099489212, -0.162911519408226, -0.046280499547719955], [0.9499806761741638, -0.21392852067947388, 0.22330836951732635, 0.04364233464002609], [0.022518638521432877, -0.5927345752716064, 0.06568608433008194, -0.8023988604545593], [0.8522345423698425, 0.15137837827205658, 0.49816569685935974, -0.05110461637377739], [0.5064496994018555, 0.018750175833702087, -0.02238517627120018, -0.8617749214172363], [0.9324312806129456, 0.3518482446670532, -0.059451036155223846, 0.05692349001765251], [-0.004387779161334038, 0.6223964095115662, -0.022500552237033844, -0.7823664546012878], [0.84262615442276, -0.26228582859039307, -0.47026097774505615, -0.006478510797023773], [0.724916398525238, -0.004354693461209536, 0.05051803961396217, -0.6869680285453796], [0.9794656038284302, -0.1476134955883026, 0.13447873294353485, 0.02779938094317913]], "joint_names": ["Hips", "LeftUpLeg", "LeftLeg", "LeftFoot", "LeftToe", "RightUpLeg", "RightLeg", "RightFoot", "RightToe", "Spine", "Spine1", "Spine2", "Neck", "Head", "LeftShoulder", "LeftArm", "LeftForeArm", "LeftHand", "RightShoulder", "RightArm", "RightForeArm", "RightHand"]}