{"root_pos": [-11.967775344848633, 70.23531341552734, -65.30503845214844], "local_quat": [[-0.22451891005039215, -0.6043640971183777, -0.6369535326957703, -0.42264100909233093], [0.006269538309425116, -0.034069519490003586, -0.9993981122970581, 0.0018177583115175366], [0.9191893339157104, 0.04606075584888458, 0.03053816594183445, -0.38991889357566833], [0.7786427140235901, -0.05360922962427139, -0.08890599757432938, 0.6188192963600159], [0.9808041453361511, -0.011977095156908035, 0.015567737631499767, 0.19400376081466675], [0.015570220537483692, 0.2256644368171692, 0.9665250182151794, -0.12108884006738663], [0.898836076259613, -0.05853232741355896, -0.06779087334871292, -0.4290362298488617], [0.769621729850769, -0.020008612424135208, 0.017633654177188873, 0.6379428505897522], [0.9805165529251099, -0.008255835622549057, 0.010818731039762497, 0.1959642916917801], [0.9931569695472717, 0.00629853829741478, 0.005408207420259714, 0.11649169772863388], [0.9938246011734009, 0.005651257000863552, 0.0013924265513196588, 0.11080975085496902], [0.995712399482727, 0.0036057764664292336, 0.0071192835457623005, 0.09215826541185379], [0.9773691892623901, -0.10222365707159042, -0.18339936435222626, -0.02577780932188034], [0.9460971355438232, -0.22464045882225037, 0.23122183978557587, 0.031196322292089462], [0.01835382729768753, -0.6269659399986267, 0.07509884238243103, -0.7752012610435486], [0.8824567198753357, 0.17544114589691162, 0.43528276681900024, -0.03192858770489693], [0.5197295546531677, 0.009531130082905293, -0.028622588142752647, -0.8537980318069458], [0.8971351981163025, 0.43118777871131897, 0.022463271394371986, 0.09338607639074326], [-0.006771525833755732, 0.6440361738204956, -0.024420365691184998, -0.7645751237869263], [0.8561774492263794, -0.2825993001461029, -0.42453324794769287, 0.08288078755140305], [0.6567479968070984, -0.0067454795353114605, 0.03694487735629082, -0.753174364566803], [0.9807567596435547, -0.12838567793369293, 0.1467629075050354, 0.009692936204373837]], "joint_names": ["Hips", "LeftUpLeg", "LeftLeg", "LeftFoot", "LeftToe", "RightUpLeg", "RightLeg", "RightFoot", "RightToe", "Spine", "Spine1", "Spine2", "Neck", "Head", "LeftShoulder", "LeftArm", "LeftForeArm", "LeftHand", "RightShoulder", "RightArm", "RightForeArm", "RightHand"]}