{"root_pos": [-21.454524993896484, 76.04348754882812, -72.91030883789062], "local_quat": [[-0.17289938032627106, -0.6354504823684692, -0.6508018970489502, -0.3778432011604309], [0.010045613162219524, -0.013507968746125698, -0.9997548460960388, 0.014382550492882729], [0.9571831822395325, 0.03880557045340538, 0.024837810546159744, -0.28579282760620117], [0.8585785627365112, -0.06269396096467972, -0.10351218283176422, 0.4981943666934967], [0.9813310503959656, -0.011099176481366158, 0.012884297408163548, 0.19157297909259796], [-0.0018511534435674548, 0.22890301048755646, 0.9620120525360107, -0.14877086877822876], [0.8920761942863464, -0.06755713373422623, -0.06265927851200104, -0.4423910081386566], [0.8296661376953125, -0.03948575258255005, -0.002463294193148613, 0.5568563342094421], [0.9804533123970032, -0.00854802131652832, 0.00879666581749916, 0.19636940956115723], [0.9949610233306885, 0.00511252461001277, 0.0034117591567337513, 0.10007361322641373], [0.9960521459579468, 0.0025048386305570602, 0.00031166066764853895, 0.0887339860200882], [0.9975341558456421, 0.0006430278299376369, 0.003918963018804789, 0.07006962597370148], [0.9803078174591064, -0.0944054052233696, -0.17292919754981995, -0.013403852470219135], [0.9516969323158264, -0.20916111767292023, 0.2203378528356552, 0.044450510293245316], [0.026724431663751602, -0.6238017082214355, 0.08037783950567245, -0.7769790887832642], [0.8584291934967041, 0.2079550176858902, 0.4687577784061432, 0.01095658354461193], [0.4894775152206421, 0.018966807052493095, -0.013853831216692924, -0.8716995716094971], [0.9082399010658264, 0.40917596220970154, 0.013892167247831821, 0.08650084584951401], [-0.004326827358454466, 0.6455211639404297, -0.027585865929722786, -0.7632318735122681], [0.8481538891792297, -0.2923383414745331, -0.43109577894210815, 0.09659101814031601], [0.6268820762634277, -0.01483085472136736, 0.02912752516567707, -0.7784282565116882], [0.9823008179664612, -0.13352268934249878, 0.130797877907753, 0.012193912640213966]], "joint_names": ["Hips", "LeftUpLeg", "LeftLeg", "LeftFoot", "LeftToe", "RightUpLeg", "RightLeg", "RightFoot", "RightToe", "Spine", "Spine1", "Spine2", "Neck", "Head", "LeftShoulder", "LeftArm", "LeftForeArm", "LeftHand", "RightShoulder", "RightArm", "RightForeArm", "RightHand"]}