{"root_pos": [-50.1982536315918, 71.0379409790039, -85.34119415283203], "local_quat": [[0.027045488357543945, -0.6999314427375793, -0.6848087906837463, -0.2010011076927185], [0.027351923286914825, -0.09216465055942535, -0.9949933886528015, 0.027308328077197075], [0.9485917091369629, 0.0622066929936409, 0.007012360729277134, -0.3102497160434723], [0.8597627878189087, -0.035435065627098083, -0.1074116975069046, 0.4980110228061676], [0.982418417930603, -0.008566555567085743, 0.007536307908594608, 0.18634331226348877], [0.059181779623031616, 0.2420845925807953, 0.9618996977806091, -0.11243461072444916], [0.7826718688011169, -0.10550127178430557, -0.06648290157318115, -0.6098149418830872], [0.767142653465271, -0.09322391450405121, -0.05741116404533386, 0.6320644617080688], [0.9809220433235168, -0.006433154921978712, 0.005343372002243996, 0.19422169029712677], [0.9964694976806641, 0.0023991763591766357, -0.008989191614091396, 0.08343841880559921], [0.9968072772026062, -0.00228996854275465, -0.017882004380226135, 0.07778315991163254], [0.997976541519165, -0.002451489446684718, -0.014158063568174839, 0.06193841993808746], [0.9810867309570312, -0.09899681806564331, -0.16474831104278564, -0.022943420335650444], [0.9505856037139893, -0.20880375802516937, 0.22231636941432953, 0.0579950176179409], [0.02891922928392887, -0.6030212044715881, 0.07469714432954788, -0.7936935424804688], [0.8468525409698486, 0.17437168955802917, 0.5022863149642944, -0.011990556493401527], [0.4704768657684326, 0.02355649694800377, -0.009127194993197918, -0.8820505738258362], [0.925341784954071, 0.372417688369751, -0.03971942514181137, 0.05890658497810364], [-0.0037834516260772943, 0.6388373374938965, -0.025495421141386032, -0.7689099907875061], [0.8459195494651794, -0.27220961451530457, -0.4564061164855957, 0.044895660132169724], [0.6766541600227356, -0.011930713430047035, 0.03959174081683159, -0.7351389527320862], [0.9812353253364563, -0.13843883574008942, 0.13214941322803497, 0.023419810459017754]], "joint_names": ["Hips", "LeftUpLeg", "LeftLeg", "LeftFoot", "LeftToe", "RightUpLeg", "RightLeg", "RightFoot", "RightToe", "Spine", "Spine1", "Spine2", "Neck", "Head", "LeftShoulder", "LeftArm", "LeftForeArm", "LeftHand", "RightShoulder", "RightArm", "RightForeArm", "RightHand"]}