{"root_pos": [-32.391380310058594, 77.31973266601562, -78.50325775146484], "local_quat": [[-0.10431254655122757, -0.6655847430229187, -0.6673006415367126, -0.3175307810306549], [0.011279729194939137, -0.03718096390366554, -0.9988361597061157, 0.028576938435435295], [0.967064380645752, 0.04206316918134689, 0.01840059831738472, -0.2503569424152374], [0.8896021842956543, -0.05722355842590332, -0.10622771084308624, 0.44050994515419006], [0.9818322658538818, -0.01003186870366335, 0.010402415879070759, 0.1892000138759613], [0.01959978975355625, 0.23504339158535004, 0.961868941783905, -0.1384868323802948], [0.8469831347465515, -0.08240766078233719, -0.06435444205999374, -0.5212360620498657], [0.8349437117576599, -0.06308215856552124, -0.026925165206193924, 0.5460445284843445], [0.9805347323417664, -0.008235852234065533, 0.0069868844002485275, 0.1960482895374298], [0.9962027072906494, 0.0031201972160488367, -0.0018053192179650068, 0.08698944747447968], [0.9971416592597961, -0.0019716706592589617, -0.007674674969166517, 0.07513779401779175], [0.9983463287353516, -0.003190501593053341, -0.004275188315659761, 0.05723714083433151], [0.9818717241287231, -0.09266046434640884, -0.16507643461227417, -0.009582186117768288], [0.9534760117530823, -0.2024763971567154, 0.21667219698429108, 0.054221976548433304], [0.0299904216080904, -0.6174924969673157, 0.08004544675350189, -0.7819183468818665], [0.8453627824783325, 0.21145310997962952, 0.49033692479133606, 0.014800525270402431], [0.4669283628463745, 0.023829296231269836, -0.0054717459715902805, -0.8839570879936218], [0.9140036702156067, 0.39906376600265503, -0.009242231957614422, 0.07252556830644608], [-0.002852027304470539, 0.6462959051132202, -0.028986085206270218, -0.7625308632850647], [0.8445884585380554, -0.28146013617515564, -0.4457595944404602, 0.093535415828228], [0.609238862991333, -0.018748659640550613, 0.024603107944130898, -0.7923831939697266], [0.982187807559967, -0.1377618908882141, 0.1271926462650299, 0.012279112823307514]], "joint_names": ["Hips", "LeftUpLeg", "LeftLeg", "LeftFoot", "LeftToe", "RightUpLeg", "RightLeg", "RightFoot", "RightToe", "Spine", "Spine1", "Spine2", "Neck", "Head", "LeftShoulder", "LeftArm", "LeftForeArm", "LeftHand", "RightShoulder", "RightArm", "RightForeArm", "RightHand"]}