{"root_pos": [-38.10158157348633, 76.45963287353516, -81.0486068725586], "local_quat": [[-0.062228791415691376, -0.6784207224845886, -0.6757833361625671, -0.2814067304134369], [0.016439007595181465, -0.05846211686730385, -0.9976965188980103, 0.030225319787859917], [0.9647226929664612, 0.04836488887667656, 0.013462468981742859, -0.2584371268749237], [0.8894540667533875, -0.05069199576973915, -0.10852821171283722, 0.44104814529418945], [0.9820608496665955, -0.009464043192565441, 0.009285773150622845, 0.18809756636619568], [0.03418925404548645, 0.23320187628269196, 0.9630077481269836, -0.1306297332048416], [0.8247667551040649, -0.08878965675830841, -0.0661291629076004, -0.5545296669006348], [0.8208657503128052, -0.07192616909742355, -0.03629574179649353, 0.5654101967811584], [0.9806179404258728, -0.007874870672821999, 0.006348941940814257, 0.1956685483455658], [0.9964891076087952, 0.003216702491044998, -0.004503081552684307, 0.08353916555643082], [0.9972854852676392, -0.002045749919489026, -0.011880177073180676, 0.07263752073049545], [0.9984291195869446, -0.0029810057021677494, -0.008415885269641876, 0.05531395226716995], [0.9817041754722595, -0.09380847960710526, -0.16522172093391418, -0.012597063556313515], [0.9526878595352173, -0.2034381628036499, 0.21816834807395935, 0.05832170322537422], [0.03046884946525097, -0.6140862107276917, 0.07895184308290482, -0.7846886515617371], [0.8470309972763062, 0.1988413780927658, 0.49287959933280945, 0.00838562473654747], [0.4575651288032532, 0.024564657360315323, -0.004321495536714792, -0.8888261914253235], [0.9171121716499329, 0.39267754554748535, -0.018366076052188873, 0.06612343341112137], [-0.0036865200381726027, 0.6478974223136902, -0.02765076607465744, -0.7612166404724121], [0.8444821238517761, -0.27492690086364746, -0.4525563716888428, 0.08036084473133087], [0.6167550086975098, -0.01837659254670143, 0.02619345858693123, -0.7865046262741089], [0.9821445941925049, -0.13726523518562317, 0.12790003418922424, 0.01384843047708273]], "joint_names": ["Hips", "LeftUpLeg", "LeftLeg", "LeftFoot", "LeftToe", "RightUpLeg", "RightLeg", "RightFoot", "RightToe", "Spine", "Spine1", "Spine2", "Neck", "Head", "LeftShoulder", "LeftArm", "LeftForeArm", "LeftHand", "RightShoulder", "RightArm", "RightForeArm", "RightHand"]}