{"root_pos": [-44.05855941772461, 74.02651977539062, -83.31902313232422], "local_quat": [[-0.01783929578959942, -0.6902147531509399, -0.6817925572395325, -0.24175231158733368], [0.02239595539867878, -0.07485170662403107, -0.9965671300888062, 0.027379466220736504], [0.9592694640159607, 0.05478987842798233, 0.009687038138508797, -0.27695897221565247], [0.8806369304656982, -0.04323023930191994, -0.10843203961849213, 0.4591863751411438], [0.9822481274604797, -0.00899792741984129, 0.008384673856198788, 0.18718291819095612], [0.04833315685391426, 0.23383282124996185, 0.9635591506958008, -0.12058163434267044], [0.8019068241119385, -0.0969650149345398, -0.06637749820947647, -0.5857791900634766], [0.7970439195632935, -0.08175425231456757, -0.045411817729473114, 0.5966364145278931], [0.9807533621788025, -0.007204601541161537, 0.005843609105795622, 0.19503019750118256], [0.996577262878418, 0.003077209461480379, -0.007220169063657522, 0.08229339867830276], [0.9971511363983154, -0.001960672438144684, -0.0157245472073555, 0.07374544441699982], [0.9982901811599731, -0.002565457485616207, -0.011969644576311111, 0.057157061994075775], [0.9813210964202881, -0.0964418426156044, -0.16563205420970917, -0.016550440341234207], [0.9513800144195557, -0.20625095069408417, 0.22088290750980377, 0.05956031382083893], [0.030334660783410072, -0.6093180179595947, 0.07746455073356628, -0.7885496020317078], [0.8487861752510071, 0.18538625538349152, 0.495169073343277, 0.0012053924147039652], [0.45946767926216125, 0.02437271922826767, -0.005742918234318495, -0.8878414630889893], [0.9210907816886902, 0.38338494300842285, -0.028192562982439995, 0.061748575419187546], [-0.004093944560736418, 0.645409882068634, -0.026331821456551552, -0.763371467590332], [0.8452060222625732, -0.27296167612075806, -0.45496296882629395, 0.06424523144960403], [0.6433746218681335, -0.015726421028375626, 0.032126858830451965, -0.7647153735160828], [0.9818312525749207, -0.13676826655864716, 0.13026224076747894, 0.01826327294111252]], "joint_names": ["Hips", "LeftUpLeg", "LeftLeg", "LeftFoot", "LeftToe", "RightUpLeg", "RightLeg", "RightFoot", "RightToe", "Spine", "Spine1", "Spine2", "Neck", "Head", "LeftShoulder", "LeftArm", "LeftForeArm", "LeftHand", "RightShoulder", "RightArm", "RightForeArm", "RightHand"]}