{"root_pos": [-26.692398071289062, 77.14496612548828, -76.00920104980469], "local_quat": [[-0.14067329466342926, -0.6509395837783813, -0.6592145562171936, -0.34917739033699036], [0.010707452893257141, -0.021063733845949173, -0.9994821548461914, 0.02184273675084114], [0.9644038677215576, 0.0390596017241478, 0.021797820925712585, -0.2606232166290283], [0.8779388666152954, -0.0603109709918499, -0.10402997583150864, 0.46342596411705017], [0.9815903306007385, -0.010567999444901943, 0.011612570844590664, 0.19035188853740692], [0.005987160373479128, 0.23471729457378387, 0.9609586596488953, -0.1463916301727295], [0.8705030083656311, -0.07477762550115585, -0.06400666385889053, -0.4822198152542114], [0.8385716676712036, -0.049984246492385864, -0.013668828643858433, 0.5423212647438049], [0.9804768562316895, -0.008489679545164108, 0.007846884429454803, 0.19629429280757904], [0.9956717491149902, 0.0041098701767623425, 0.0011293650604784489, 0.09284169971942902], [0.9967176914215088, 0.00022942888608668, -0.0031830505467951298, 0.08089336007833481], [0.9980384707450867, -0.0013631389010697603, 0.00019099406199529767, 0.06258781254291534], [0.9812842607498169, -0.09317854791879654, -0.16819512844085693, -0.010458037257194519], [0.9529474377632141, -0.2050079107284546, 0.21773162484169006, 0.049555789679288864], [0.028881456702947617, -0.6206075549125671, 0.08062141388654709, -0.7794308662414551], [0.8492372035980225, 0.21610338985919952, 0.48145103454589844, 0.017329232767224312], [0.47821056842803955, 0.02187803015112877, -0.008813740685582161, -0.8779284358024597], [0.9112824201583862, 0.4039303958415985, 0.003517630510032177, 0.07995162159204483], [-0.003364199073985219, 0.6455489993095398, -0.02864081971347332, -0.7631741762161255], [0.8455181121826172, -0.2884681820869446, -0.4389050006866455, 0.09616480022668839], [0.6140075325965881, -0.017314143478870392, 0.02594544179737568, -0.7886836528778076], [0.9822548627853394, -0.1367386281490326, 0.1278194785118103, 0.01183729711920023]], "joint_names": ["Hips", "LeftUpLeg", "LeftLeg", "LeftFoot", "LeftToe", "RightUpLeg", "RightLeg", "RightFoot", "RightToe", "Spine", "Spine1", "Spine2", "Neck", "Head", "LeftShoulder", "LeftArm", "LeftForeArm", "LeftHand", "RightShoulder", "RightArm", "RightForeArm", "RightHand"]}