{"root_pos": [26.645109176635742, 75.46859741210938, -5.829482078552246], "local_quat": [[-0.3347843587398529, -0.5263429880142212, -0.6091774702072144, -0.48967868089675903], [0.011382941156625748, -0.018151501193642616, -0.9996601939201355, -0.014848629012703896], [0.891353964805603, 0.04958316683769226, 0.06001690402626991, -0.4465731978416443], [0.8232848048210144, -0.06972509622573853, -0.07901815325021744, 0.5577603578567505], [0.9781273603439331, -0.013635801151394844, 0.022361699491739273, 0.2063514143228531], [0.054351646453142166, 0.19695362448692322, 0.9649121761322021, -0.16492332518100739], [0.8758817315101624, -0.0623161606490612, -0.04985128715634346, -0.47588080167770386], [0.832790732383728, -0.014743311330676079, 0.07658928632736206, 0.5480660200119019], [0.9802954792976379, -0.009868918918073177, 0.014177462086081505, 0.19677986204624176], [0.9967787265777588, -0.017832821235060692, -0.003890884341672063, 0.07809622585773468], [0.9966373443603516, -0.04080530256032944, -0.023480048403143883, 0.06706462055444717], [0.9975859522819519, -0.04290296509861946, -0.0033937508706003428, 0.05449875444173813], [0.9777454137802124, -0.12776778638362885, -0.16598935425281525, 0.011698554269969463], [0.9316320419311523, -0.2465977668762207, 0.25343912839889526, 0.08378449827432632], [-0.008327771909534931, -0.617448091506958, 0.057225391268730164, -0.7844831347465515], [0.8540385365486145, 0.16902875900268555, 0.4699157178401947, -0.14569376409053802], [0.5251104831695557, 0.004173878114670515, -0.02026175707578659, -0.850782573223114], [0.8473489284515381, 0.5176604986190796, 0.0531478114426136, 0.10584354400634766], [-0.013775738887488842, 0.6630358695983887, -0.008197760209441185, -0.7484159469604492], [0.7967313528060913, -0.27165019512176514, -0.5284322500228882, 0.11038478463888168], [0.7086063623428345, -0.0006479730946011841, 0.03450942039489746, -0.7047593593597412], [0.9742975831031799, -0.1453980654478073, 0.1717461347579956, 0.010335748083889484]], "joint_names": ["Hips", "LeftUpLeg", "LeftLeg", "LeftFoot", "LeftToe", "RightUpLeg", "RightLeg", "RightFoot", "RightToe", "Spine", "Spine1", "Spine2", "Neck", "Head", "LeftShoulder", "LeftArm", "LeftForeArm", "LeftHand", "RightShoulder", "RightArm", "RightForeArm", "RightHand"]}