{"root_pos": [23.509355545043945, 71.21888732910156, -15.984676361083984], "local_quat": [[-0.32681211829185486, -0.5281893610954285, -0.6174929738044739, -0.4826098382472992], [0.020441846922039986, -0.022980717942118645, -0.9994876980781555, -0.008855761960148811], [0.8807154297828674, 0.05376560240983963, 0.056162700057029724, -0.46722084283828735], [0.7906601428985596, -0.06390712410211563, -0.07835014909505844, 0.6038489937782288], [0.9785081744194031, -0.01326853409409523, 0.021165702491998672, 0.20468947291374207], [0.06492269784212112, 0.20495663583278656, 0.965142011642456, -0.14926064014434814], [0.8559301495552063, -0.06342745572328568, -0.05958858132362366, -0.5097153782844543], [0.7992346286773682, -0.02633197233080864, 0.04587864875793457, 0.5986867547035217], [0.9803407788276672, -0.009686443954706192, 0.014032801613211632, 0.19657357037067413], [0.9966520071029663, -0.015808824449777603, -0.004155988339334726, 0.08010983467102051], [0.9964933395385742, -0.036405324935913086, -0.022332943975925446, 0.07195082306861877], [0.9974970817565918, -0.03808913007378578, -0.004076351411640644, 0.05943255499005318], [0.9773478507995605, -0.12725777924060822, -0.1691034883260727, -0.0007367694051936269], [0.9321027398109436, -0.24598149955272675, 0.2536805272102356, 0.07952199876308441], [-0.00705997459590435, -0.6091009974479675, 0.05673442780971527, -0.7910292744636536], [0.8422147035598755, 0.1771392524242401, 0.48157644271850586, -0.16546975076198578], [0.5560417771339417, 0.001646094722673297, -0.02693326771259308, -0.8307161927223206], [0.8552708029747009, 0.5049173831939697, 0.0448078028857708, 0.10752981156110764], [-0.011750174686312675, 0.6557917594909668, -0.011358474381268024, -0.7547649145126343], [0.7934951782226562, -0.2739148736000061, -0.536702036857605, 0.08536296337842941], [0.7260897755622864, 0.002819968154653907, 0.039915021508932114, -0.6864345669746399], [0.973231315612793, -0.15257878601551056, 0.17147672176361084, 0.011668123304843903]], "joint_names": ["Hips", "LeftUpLeg", "LeftLeg", "LeftFoot", "LeftToe", "RightUpLeg", "RightLeg", "RightFoot", "RightToe", "Spine", "Spine1", "Spine2", "Neck", "Head", "LeftShoulder", "LeftArm", "LeftForeArm", "LeftHand", "RightShoulder", "RightArm", "RightForeArm", "RightHand"]}