{"root_pos": [11.358199119567871, 58.81206130981445, -40.11648178100586], "local_quat": [[-0.30259424448013306, -0.5333544015884399, -0.627427339553833, -0.47990065813064575], [0.03261413797736168, -0.054484833031892776, -0.9979154467582703, 0.011511477641761303], [0.8264201283454895, 0.05997326225042343, 0.0514400340616703, -0.5574826598167419], [0.6730768084526062, -0.043153081089258194, -0.059279292821884155, 0.7359288930892944], [0.9794085621833801, -0.013029137626290321, 0.01860661990940571, 0.20060624182224274], [0.07332424819469452, 0.24346841871738434, 0.9598473310470581, -0.11848954856395721], [0.8550896644592285, -0.06227324530482292, -0.08000940084457397, -0.5084704756736755], [0.6901817321777344, -0.02717132493853569, 0.00779764587059617, 0.7230837345123291], [0.9806593060493469, -0.008094441145658493, 0.014138014987111092, 0.19504348933696747], [0.9932492971420288, -0.011582603678107262, -0.0011727138189598918, 0.11541334539651871], [0.9920968413352966, -0.026038113981485367, -0.013227349147200584, 0.12202789634466171], [0.9939656257629395, -0.026768380776047707, 0.0012914342805743217, 0.10636764764785767], [0.9787203073501587, -0.118489108979702, -0.16481401026248932, -0.030052246525883675], [0.9404404759407043, -0.2376377284526825, 0.24057550728321075, 0.034978363662958145], [-0.011439385823905468, -0.6078989505767822, 0.04844126105308533, -0.7924528121948242], [0.8543956875801086, 0.17297638952732086, 0.46145084500312805, -0.16477373242378235], [0.6134305596351624, -0.004953107330948114, -0.04791610687971115, -0.7882781028747559], [0.8718055486679077, 0.47818487882614136, 0.01953362487256527, 0.10446350276470184], [-0.006330512464046478, 0.6383295655250549, -0.021166250109672546, -0.7694461345672607], [0.8083314299583435, -0.27170541882514954, -0.5198651552200317, 0.050167862325906754], [0.7626581788063049, 0.01079198345541954, 0.05480169132351875, -0.6443856358528137], [0.9729874134063721, -0.14099358022212982, 0.18161669373512268, 0.020776934921741486]], "joint_names": ["Hips", "LeftUpLeg", "LeftLeg", "LeftFoot", "LeftToe", "RightUpLeg", "RightLeg", "RightFoot", "RightToe", "Spine", "Spine1", "Spine2", "Neck", "Head", "LeftShoulder", "LeftArm", "LeftForeArm", "LeftHand", "RightShoulder", "RightArm", "RightForeArm", "RightHand"]}