{"root_pos": [20.137592315673828, 66.52754974365234, -25.90758514404297], "local_quat": [[-0.321357786655426, -0.5283122062683105, -0.6209452152252197, -0.4817078709602356], [0.022180795669555664, -0.03513404726982117, -0.999135434627533, -0.0014398160856217146], [0.8639143705368042, 0.057699620723724365, 0.0534692108631134, -0.4974572956562042], [0.7449332475662231, -0.05606049671769142, -0.07364112138748169, 0.660688042640686], [0.9789078235626221, -0.012992859818041325, 0.019890988245606422, 0.20291629433631897], [0.06703740358352661, 0.21385762095451355, 0.9644747972488403, -0.13985450565814972], [0.842766284942627, -0.06369112432003021, -0.06958029419183731, -0.529949963092804], [0.7567893862724304, -0.03105182945728302, 0.023692307993769646, 0.6524908542633057], [0.9804247617721558, -0.009399976581335068, 0.014033321291208267, 0.19616833329200745], [0.995898962020874, -0.014109771698713303, -0.00462765246629715, 0.08924592286348343], [0.9955515265464783, -0.03276791423559189, -0.021190345287322998, 0.08575741946697235], [0.9967783689498901, -0.03400770202279091, -0.004423520527780056, 0.07250352948904037], [0.9777014851570129, -0.12479551136493683, -0.16824248433113098, -0.014843457378447056], [0.9346038103103638, -0.24317793548107147, 0.2508142590522766, 0.06687646359205246], [-0.008705218322575092, -0.6071454882621765, 0.05409909039735794, -0.7926990985870361], [0.845579981803894, 0.16886405646800995, 0.4743198752403259, -0.17748293280601501], [0.5869052410125732, -0.0012133345007896423, -0.03593728691339493, -0.8088567852973938], [0.863057553768158, 0.49214351177215576, 0.03332401439547539, 0.10870108753442764], [-0.009950407780706882, 0.6485241651535034, -0.01445207092911005, -0.7609918713569641], [0.7978093028068542, -0.2679942548274994, -0.536490797996521, 0.06210499629378319], [0.7497699856758118, 0.006322104018181562, 0.046699509024620056, -0.6600183248519897], [0.9726004004478455, -0.14999152719974518, 0.17684036493301392, 0.016685152426362038]], "joint_names": ["Hips", "LeftUpLeg", "LeftLeg", "LeftFoot", "LeftToe", "RightUpLeg", "RightLeg", "RightFoot", "RightToe", "Spine", "Spine1", "Spine2", "Neck", "Head", "LeftShoulder", "LeftArm", "LeftForeArm", "LeftHand", "RightShoulder", "RightArm", "RightForeArm", "RightHand"]}