{"root_pos": [15.786345481872559, 61.32997512817383, -33.70423889160156], "local_quat": [[-0.31198030710220337, -0.5292869210243225, -0.6258975863456726, -0.4803915321826935], [0.03369932994246483, -0.04320425167679787, -0.9984657168388367, 0.007996632717549801], [0.8364818096160889, 0.06050226837396622, 0.05274678021669388, -0.5420843958854675], [0.6941883563995361, -0.04614608362317085, -0.06275448203086853, 0.715566098690033], [0.9792065620422363, -0.012949352152645588, 0.0189171452075243, 0.20156626403331757], [0.07034604996442795, 0.2356126457452774, 0.9601495265960693, -0.13285689055919647], [0.8395087718963623, -0.06273802369832993, -0.07952938228845596, -0.5338202118873596], [0.708005964756012, -0.029332824051380157, 0.009827131405472755, 0.7055286169052124], [0.9805816411972046, -0.008709576912224293, 0.014170585200190544, 0.19540482759475708], [0.9945476651191711, -0.012909451499581337, -0.0031539781484752893, 0.10343282669782639], [0.9937402009963989, -0.029372302815318108, -0.01741759479045868, 0.10636875778436661], [0.9953029751777649, -0.03014107048511505, -0.0015133657725527883, 0.09198468178510666], [0.9780794978141785, -0.12329068779945374, -0.1657261848449707, -0.02635846845805645], [0.9370642900466919, -0.24210475385189056, 0.24660535156726837, 0.0498155802488327], [-0.011371436528861523, -0.6065242290496826, 0.049838319420814514, -0.7934198975563049], [0.8503546714782715, 0.16900180280208588, 0.466004878282547, -0.17656350135803223], [0.6100490689277649, -0.00434108916670084, -0.04455737769603729, -0.7910979390144348], [0.867719292640686, 0.48453575372695923, 0.026131605729460716, 0.10772794485092163], [-0.008346612565219402, 0.6410778760910034, -0.017301807180047035, -0.7672353386878967], [0.8046862483024597, -0.26207593083381653, -0.530940055847168, 0.04357556626200676], [0.763788104057312, 0.009993847459554672, 0.052751779556274414, -0.6432301998138428], [0.9721211791038513, -0.14636656641960144, 0.1820775419473648, 0.020124249160289764]], "joint_names": ["Hips", "LeftUpLeg", "LeftLeg", "LeftFoot", "LeftToe", "RightUpLeg", "RightLeg", "RightFoot", "RightToe", "Spine", "Spine1", "Spine2", "Neck", "Head", "LeftShoulder", "LeftArm", "LeftForeArm", "LeftHand", "RightShoulder", "RightArm", "RightForeArm", "RightHand"]}