{"root_pos": [3.012788772583008, 60.8878059387207, -51.6531867980957], "local_quat": [[-0.27732107043266296, -0.5550971627235413, -0.6329858303070068, -0.4629135727882385], [0.013046661391854286, -0.0692065954208374, -0.9974429607391357, 0.012156014330685139], [0.8460977673530579, 0.058165572583675385, 0.04170384258031845, -0.5282008051872253], [0.6598377227783203, -0.038741305470466614, -0.06275627762079239, 0.7477800846099854], [0.9799218773841858, -0.012675415724515915, 0.01809130609035492, 0.19815431535243988], [0.06654752045869827, 0.24523039162158966, 0.9619812369346619, -0.10012766718864441], [0.8837108016014099, -0.05894310399889946, -0.07640194147825241, -0.45797786116600037], [0.7117947340011597, -0.013124614953994751, 0.024988407269120216, 0.7018201947212219], [0.980610728263855, -0.007936599664390087, 0.013363197445869446, 0.1953486055135727], [0.9918453693389893, -0.0028086844831705093, 0.003048800164833665, 0.12737935781478882], [0.9911710619926453, -0.00982378888875246, -0.006266229785978794, 0.13207674026489258], [0.9933493137359619, -0.011457598768174648, 0.0038361472543329, 0.11450360715389252], [0.9771910309791565, -0.11394298076629639, -0.1757834553718567, -0.03485497459769249], [0.9408646821975708, -0.23763050138950348, 0.24064242839813232, 0.01991436630487442], [-0.0020728863310068846, -0.6165544986724854, 0.05635590851306915, -0.7852898836135864], [0.8730700016021729, 0.1642046868801117, 0.44078385829925537, -0.12843337655067444], [0.5824307203292847, -0.0016431412659585476, -0.045334380120038986, -0.8116135597229004], [0.8787406086921692, 0.4666837453842163, 0.0183118786662817, 0.09841729700565338], [-0.005695316009223461, 0.6422995924949646, -0.02454870566725731, -0.7660393118858337], [0.8282364010810852, -0.27951309084892273, -0.4811236262321472, 0.06646092981100082], [0.7154685854911804, 0.006081538274884224, 0.04764704033732414, -0.6969916820526123], [0.9755592346191406, -0.13672111928462982, 0.17164351046085358, 0.01140215527266264]], "joint_names": ["Hips", "LeftUpLeg", "LeftLeg", "LeftFoot", "LeftToe", "RightUpLeg", "RightLeg", "RightFoot", "RightToe", "Spine", "Spine1", "Spine2", "Neck", "Head", "LeftShoulder", "LeftArm", "LeftForeArm", "LeftHand", "RightShoulder", "RightArm", "RightForeArm", "RightHand"]}