{"root_pos": [28.682296752929688, 78.09894561767578, 3.420578956604004], "local_quat": [[-0.34885722398757935, -0.5188563466072083, -0.5990840196609497, -0.5001850128173828], [0.0049206227995455265, -0.00982513464987278, -0.9998374581336975, -0.014293993823230267], [0.8953051567077637, 0.044526465237140656, 0.06624241918325424, -0.43824413418769836], [0.8423191905021667, -0.07665833085775375, -0.0786270871758461, 0.5276737213134766], [0.9777337908744812, -0.014051848091185093, 0.02345108799636364, 0.208060622215271], [0.03663913905620575, 0.18428000807762146, 0.9655027985572815, -0.1802852302789688], [0.8995908498764038, -0.06056886166334152, -0.04001433402299881, -0.43065834045410156], [0.8505198359489441, -0.006846809294074774, 0.09973961114883423, 0.5163536667823792], [0.9803206324577332, -0.009751451201736927, 0.01460802461951971, 0.19662924110889435], [0.9966089725494385, -0.022194527089595795, -0.0015759625239297748, 0.07921772450208664], [0.9963963627815247, -0.04901226609945297, -0.02014157921075821, 0.06622935086488724], [0.9972330927848816, -0.05130607262253761, 0.0014559263363480568, 0.05377443507313728], [0.9783047437667847, -0.1280723363161087, -0.16153477132320404, 0.020586691796779633], [0.9327929615974426, -0.24618934094905853, 0.24968573451042175, 0.0833374634385109], [-0.01163946371525526, -0.627469539642334, 0.05616330727934837, -0.7765256762504578], [0.8673660755157471, 0.1568523496389389, 0.4523843824863434, -0.1357268989086151], [0.5112530589103699, 0.004748901352286339, -0.01891007460653782, -0.8592090606689453], [0.841087818145752, 0.5272416472434998, 0.05636315792798996, 0.10682082176208496], [-0.014457127079367638, 0.666837215423584, -0.006671110633760691, -0.745033323764801], [0.7997753620147705, -0.2751595079898834, -0.514581561088562, 0.14089837670326233], [0.7026404142379761, -0.0022917541209608316, 0.032458510249853134, -0.7108007669448853], [0.974579393863678, -0.14071746170520782, 0.1739916056394577, 0.01097781490534544]], "joint_names": ["Hips", "LeftUpLeg", "LeftLeg", "LeftFoot", "LeftToe", "RightUpLeg", "RightLeg", "RightFoot", "RightToe", "Spine", "Spine1", "Spine2", "Neck", "Head", "LeftShoulder", "LeftArm", "LeftForeArm", "LeftHand", "RightShoulder", "RightArm", "RightForeArm", "RightHand"]}