{"root_pos": [-6.745029449462891, 66.77971649169922, -60.886375427246094], "local_quat": [[-0.24550697207450867, -0.5865584015846252, -0.6362376809120178, -0.436894953250885], [0.005144046153873205, -0.0523127056658268, -0.9986143112182617, 0.002536429325118661], [0.8945539593696594, 0.051009681075811386, 0.032918039709329605, -0.4428178369998932], [0.721965491771698, -0.045337677001953125, -0.07739017903804779, 0.6860911846160889], [0.9805134534835815, -0.012238556519150734, 0.016673032194375992, 0.195360004901886], [0.03608164191246033, 0.23259598016738892, 0.9664129614830017, -0.10316626727581024], [0.8944843411445618, -0.055005431175231934, -0.07374495267868042, -0.43753159046173096], [0.7378655672073364, -0.011748340912163258, 0.02342643029987812, 0.6744387745857239], [0.9805576205253601, -0.008103948086500168, 0.011842573061585426, 0.19570593535900116], [0.9921882152557373, 0.004919151309877634, 0.005733194295316935, 0.12452130764722824], [0.9924019575119019, 0.003486787900328636, 0.00040869181975722313, 0.12298783659934998], [0.9945181012153625, 0.0013801492750644684, 0.007343705277889967, 0.10429737716913223], [0.9762552976608276, -0.10743015259504318, -0.18505363166332245, -0.03375537320971489], [0.9428406357765198, -0.23278310894966125, 0.23727737367153168, 0.02372690662741661], [0.011438928544521332, -0.6260117292404175, 0.06913286447525024, -0.7766590118408203], [0.8880066871643066, 0.16101837158203125, 0.4251290559768677, -0.06915594637393951], [0.5395680665969849, 0.004547883290797472, -0.03642357513308525, -0.8411414623260498], [0.8903685808181763, 0.44466379284858704, 0.022486135363578796, 0.09493383020162582], [-0.007241655141115189, 0.6434599161148071, -0.023714113980531693, -0.765078067779541], [0.850750744342804, -0.27983251214027405, -0.4384039044380188, 0.07562420517206192], [0.6728096604347229, -0.0017470602178946137, 0.04036928713321686, -0.7387112975120544], [0.9789317846298218, -0.12892143428325653, 0.15814276039600372, 0.007919834926724434]], "joint_names": ["Hips", "LeftUpLeg", "LeftLeg", "LeftFoot", "LeftToe", "RightUpLeg", "RightLeg", "RightFoot", "RightToe", "Spine", "Spine1", "Spine2", "Neck", "Head", "LeftShoulder", "LeftArm", "LeftForeArm", "LeftHand", "RightShoulder", "RightArm", "RightForeArm", "RightHand"]}