{"root_pos": [7.343193054199219, 59.01179504394531, -46.095882415771484], "local_quat": [[-0.29060766100883484, -0.5429176688194275, -0.6295482516288757, -0.4737684428691864], [0.022637249901890755, -0.06569090485572815, -0.9974952340126038, 0.013248397037386894], [0.8313847780227661, 0.05943833664059639, 0.04717009887099266, -0.550491988658905], [0.6610456109046936, -0.04138006269931793, -0.06131046637892723, 0.7466909289360046], [0.9796452522277832, -0.01286410354077816, 0.018439071252942085, 0.1994737982749939], [0.07257412374019623, 0.2467781901359558, 0.9602329134941101, -0.10856489092111588], [0.8689486384391785, -0.06223331391811371, -0.07786129415035248, -0.4847606420516968], [0.6990102529525757, -0.021631430834531784, 0.01553711574524641, 0.714615523815155], [0.9806413054466248, -0.00795071106404066, 0.01385361049324274, 0.19515998661518097], [0.9924651384353638, -0.007709904108196497, 0.0010955679463222623, 0.1222795695066452], [0.9914697408676147, -0.018652910366654396, -0.009543007239699364, 0.12864220142364502], [0.9934949278831482, -0.019709110260009766, 0.0028186130803078413, 0.11212220042943954], [0.9783663749694824, -0.11524157226085663, -0.16871970891952515, -0.032437846064567566], [0.9414798021316528, -0.23616838455200195, 0.23912790417671204, 0.02565358392894268], [-0.007563299499452114, -0.6118312478065491, 0.05145756155252457, -0.7892765402793884], [0.8630510568618774, 0.1699908971786499, 0.4516032338142395, -0.14933347702026367], [0.600724995136261, -0.0036618318408727646, -0.04730017110705376, -0.7980468273162842], [0.8743607997894287, 0.4742877781391144, 0.01799938827753067, 0.1010955423116684], [-0.005482034292072058, 0.6406999826431274, -0.02367478795349598, -0.767406702041626], [0.8182725310325623, -0.2760173976421356, -0.5007243156433105, 0.05932590737938881], [0.7409411072731018, 0.008919759653508663, 0.0518219880759716, -0.6695082187652588], [0.9744182229042053, -0.13874875009059906, 0.17602787911891937, 0.016496310010552406]], "joint_names": ["Hips", "LeftUpLeg", "LeftLeg", "LeftFoot", "LeftToe", "RightUpLeg", "RightLeg", "RightFoot", "RightToe", "Spine", "Spine1", "Spine2", "Neck", "Head", "LeftShoulder", "LeftArm", "LeftForeArm", "LeftHand", "RightShoulder", "RightArm", "RightForeArm", "RightHand"]}