{"root_pos": [-1.5902137756347656, 63.51944351196289, -56.52971649169922], "local_quat": [[-0.2631227374076843, -0.5695487856864929, -0.6358756422996521, -0.4494917392730713], [0.006697854492813349, -0.06247325241565704, -0.9979976415634155, 0.007275737822055817], [0.8685481548309326, 0.05539967492222786, 0.03645751625299454, -0.4911474287509918], [0.678031861782074, -0.03865060210227966, -0.06658221781253815, 0.7309895157814026], [0.9802148342132568, -0.012494156137108803, 0.01751653291285038, 0.1967635601758957], [0.05426722392439842, 0.23898038268089294, 0.9647150635719299, -0.09627239406108856], [0.8901986479759216, -0.055123619735240936, -0.0765085369348526, -0.4457063376903534], [0.7204469442367554, -0.008195968344807625, 0.027710281312465668, 0.6929077506065369], [0.980586588382721, -0.007981495931744576, 0.012719093821942806, 0.19551070034503937], [0.9916893839836121, 0.0015812019119039178, 0.004626348614692688, 0.1285621076822281], [0.991418719291687, -0.0022298668045550585, -0.002863215282559395, 0.13067428767681122], [0.9936515092849731, -0.004288710653781891, 0.005484249908477068, 0.11228644102811813], [0.9763175249099731, -0.11136310547590256, -0.18184643983840942, -0.03652617707848549], [0.9410837292671204, -0.23700660467147827, 0.24045886099338531, 0.019205207005143166], [0.004280394408851862, -0.6217743158340454, 0.062414687126874924, -0.780693769454956], [0.8831742405891418, 0.15841816365718842, 0.4292794167995453, -0.10308278352022171], [0.5609822273254395, 0.0008202899480238557, -0.04205447807908058, -0.8267585635185242], [0.8839820623397827, 0.45709025859832764, 0.02007046900689602, 0.09613273292779922], [-0.006489883176982403, 0.6426939964294434, -0.02433926612138748, -0.7657088041305542], [0.8390721678733826, -0.2799453139305115, -0.4608455300331116, 0.07217881083488464], [0.6916781663894653, 0.002531643956899643, 0.04359171539545059, -0.7208845615386963], [0.9769017100334167, -0.13290157914161682, 0.16714432835578918, 0.007931512780487537]], "joint_names": ["Hips", "LeftUpLeg", "LeftLeg", "LeftFoot", "LeftToe", "RightUpLeg", "RightLeg", "RightFoot", "RightToe", "Spine", "Spine1", "Spine2", "Neck", "Head", "LeftShoulder", "LeftArm", "LeftForeArm", "LeftHand", "RightShoulder", "RightArm", "RightForeArm", "RightHand"]}