{"root_pos": [42.878135681152344, 71.7775650024414, 56.043399810791016], "local_quat": [[-0.4487256109714508, -0.4012334644794464, -0.5545671582221985, -0.574553906917572], [0.021524177864193916, -0.18970081210136414, -0.9814612865447998, 0.016857905313372612], [0.807262122631073, 0.04939908906817436, 0.088269904255867, -0.5814602375030518], [0.7784204483032227, -0.08603070676326752, -0.07662111520767212, 0.6170814037322998], [0.9754073619842529, -0.01575246825814247, 0.02963845431804657, 0.217839315533638], [0.022898662835359573, 0.2160971611738205, 0.965691864490509, -0.14218586683273315], [0.9355045557022095, -0.04941647872328758, -0.040193282067775726, -0.3475252389907837], [0.7337599992752075, -0.052498914301395416, 0.04237353056669235, 0.6760507822036743], [0.9807767868041992, -0.007400906644761562, 0.017069775611162186, 0.19424410164356232], [0.9957982897758484, -0.009646615944802761, 0.008416024036705494, 0.09067466109991074], [0.9965104460716248, -0.0192609503865242, -0.010976025834679604, 0.08047067373991013], [0.9969522953033447, -0.018899621441960335, 0.019862525165081024, 0.07303652912378311], [0.9714714884757996, -0.14090083539485931, -0.1906612664461136, -0.006205006502568722], [0.9224098920822144, -0.26951518654823303, 0.2693062126636505, 0.06321164220571518], [-0.007051281165331602, -0.6137151718139648, 0.07046924531459808, -0.7863447070121765], [0.8620719313621521, 0.18860870599746704, 0.44735047221183777, -0.1453835517168045], [0.6393729448318481, -0.007828827947378159, -0.049408018589019775, -0.7672677040100098], [0.8324533104896545, 0.5338248610496521, 0.03499699383974075, 0.14431820809841156], [-0.023258764296770096, 0.6922856569290161, 0.005027398467063904, -0.7212309837341309], [0.8329839110374451, -0.20187163352966309, -0.4997083842754364, 0.12520837783813477], [0.7192405462265015, 0.008715915493667126, 0.036541618406772614, -0.6937447190284729], [0.9786208271980286, -0.12804462015628815, 0.15854303538799286, 0.027747564017772675]], "joint_names": ["Hips", "LeftUpLeg", "LeftLeg", "LeftFoot", "LeftToe", "RightUpLeg", "RightLeg", "RightFoot", "RightToe", "Spine", "Spine1", "Spine2", "Neck", "Head", "LeftShoulder", "LeftArm", "LeftForeArm", "LeftHand", "RightShoulder", "RightArm", "RightForeArm", "RightHand"]}