{"root_pos": [30.315608978271484, 79.3322982788086, 11.40285873413086], "local_quat": [[-0.3638072609901428, -0.5087810754776001, -0.5907173156738281, -0.5097441077232361], [0.00736135384067893, -0.013514301739633083, -0.9998154044151306, -0.01150281447917223], [0.9010514616966248, 0.04139956086874008, 0.07006623595952988, -0.4260081946849823], [0.8483898043632507, -0.08017188310623169, -0.0774918794631958, 0.5174962282180786], [0.977367103099823, -0.014425113797187805, 0.024465318769216537, 0.20963498950004578], [0.0195915587246418, 0.1767621636390686, 0.9659721851348877, -0.1878008395433426], [0.9130403995513916, -0.05937030911445618, -0.0350019708275795, -0.4020041823387146], [0.8578887581825256, -0.0037005706690251827, 0.11128510534763336, 0.5016261339187622], [0.9803540110588074, -0.009632643312215805, 0.015044793486595154, 0.19643570482730865], [0.9963496923446655, -0.02373441308736801, 0.001684361370280385, 0.08198238164186478], [0.996232807636261, -0.05170008912682533, -0.015145190060138702, 0.0679551213979721], [0.9969620108604431, -0.054050739854574203, 0.007465698290616274, 0.055584605783224106], [0.9781787395477295, -0.12825995683670044, -0.1617644727230072, 0.023408986628055573], [0.9336137175559998, -0.2466670274734497, 0.2473393827676773, 0.07964985817670822], [-0.012514096684753895, -0.6337234377861023, 0.05762309208512306, -0.7713090181350708], [0.8763472437858582, 0.1514972299337387, 0.4403347074985504, -0.12316425144672394], [0.5124202370643616, 0.004636245779693127, -0.020063526928424835, -0.8584879040718079], [0.8382430672645569, 0.5309452414512634, 0.055675920099020004, 0.11111149191856384], [-0.015261524356901646, 0.6704374551773071, -0.005417381413280964, -0.7417893409729004], [0.800665020942688, -0.27846166491508484, -0.505519449710846, 0.16076280176639557], [0.6983855962753296, -0.003211560659110546, 0.030695665627717972, -0.7150558829307556], [0.9754104018211365, -0.13753074407577515, 0.17176897823810577, 0.012462430633604527]], "joint_names": ["Hips", "LeftUpLeg", "LeftLeg", "LeftFoot", "LeftToe", "RightUpLeg", "RightLeg", "RightFoot", "RightToe", "Spine", "Spine1", "Spine2", "Neck", "Head", "LeftShoulder", "LeftArm", "LeftForeArm", "LeftHand", "RightShoulder", "RightArm", "RightForeArm", "RightHand"]}