{"root_pos": [37.883216857910156, 76.31640625, 37.2333984375], "local_quat": [[-0.41867125034332275, -0.4435271918773651, -0.5714995861053467, -0.548986554145813], [0.011191198602318764, -0.08485418558120728, -0.9963247776031494, -0.003371145809069276], [0.863929808139801, 0.04200727865099907, 0.0813266932964325, -0.49522385001182556], [0.8142342567443848, -0.08589153736829758, -0.07572413980960846, 0.5691318511962891], [0.9761585593223572, -0.015153063461184502, 0.02781098522245884, 0.21473538875579834], [0.03066886216402054, 0.18749575316905975, 0.968067467212677, -0.1635545939207077], [0.9265098571777344, -0.05410660058259964, -0.034054916352033615, -0.37079936265945435], [0.8122555613517761, -0.028886711224913597, 0.08054020255804062, 0.5769919753074646], [0.9805465936660767, -0.008587424643337727, 0.01629779301583767, 0.19541995227336884], [0.9955675601959229, -0.017544934526085854, 0.014821482822299004, 0.09120190888643265], [0.9963019490242004, -0.03621559217572212, 0.0030533219687640667, 0.07785554230213165], [0.996594250202179, -0.03709276020526886, 0.028564002364873886, 0.06788253784179688], [0.9752756953239441, -0.13722507655620575, -0.1732199788093567, 0.0011742905480787158], [0.9299612641334534, -0.25980135798454285, 0.2519467771053314, 0.06479331105947495], [-0.011333351954817772, -0.6317617297172546, 0.06384821981191635, -0.7724454402923584], [0.8725236058235168, 0.17242109775543213, 0.4399080276489258, -0.12431623786687851], [0.5806642174720764, -0.0008515594527125359, -0.035017505288124084, -0.813389241695404], [0.833035945892334, 0.5344604253768921, 0.050119683146476746, 0.1337576061487198], [-0.023291941732168198, 0.6899896264076233, 0.003808567300438881, -0.723434329032898], [0.8395073413848877, -0.22388465702533722, -0.4701114892959595, 0.15523599088191986], [0.6931812167167664, 0.0015660470817238092, 0.032210059463977814, -0.7200415730476379], [0.9797557592391968, -0.12100522220134735, 0.1582215130329132, 0.020059000700712204]], "joint_names": ["Hips", "LeftUpLeg", "LeftLeg", "LeftFoot", "LeftToe", "RightUpLeg", "RightLeg", "RightFoot", "RightToe", "Spine", "Spine1", "Spine2", "Neck", "Head", "LeftShoulder", "LeftArm", "LeftForeArm", "LeftHand", "RightShoulder", "RightArm", "RightForeArm", "RightHand"]}