{"root_pos": [42.90292739868164, 69.88694763183594, 94.01560974121094], "local_quat": [[-0.46569254994392395, -0.367580384016037, -0.5383700728416443, -0.5984753966331482], [0.01994909532368183, -0.3142075836658478, -0.9490966200828552, 0.00955597497522831], [0.7294689416885376, 0.06451953947544098, 0.08447523415088654, -0.6757042407989502], [0.7049464583396912, -0.06642919778823853, -0.06697586178779602, 0.702959418296814], [0.9739195108413696, -0.01647634245455265, 0.03259451314806938, 0.22393523156642914], [0.016199573874473572, 0.15082703530788422, 0.9820436835289001, -0.1121557280421257], [0.9172635078430176, -0.0446467250585556, -0.0669269785284996, -0.39007052779197693], [0.7353917360305786, -0.059587039053440094, 0.013384571298956871, 0.6748846769332886], [0.9812922477722168, -0.005346505902707577, 0.018113134428858757, 0.19159549474716187], [0.9950414299964905, -0.004566015210002661, -0.00025636874488554895, 0.09935615211725235], [0.9942755103111267, -0.00434513995423913, -0.03666788712143898, 0.10026335716247559], [0.9955959916114807, -0.0018763982225209475, 0.002253660699352622, 0.09370208531618118], [0.9690018892288208, -0.1420111060142517, -0.19977155327796936, -0.030975723639130592], [0.9145593047142029, -0.27653589844703674, 0.2894192337989807, 0.057841647416353226], [-0.018653549253940582, -0.5937509536743164, 0.0608733706176281, -0.8021261096000671], [0.8544462323188782, 0.14642234146595, 0.4419458210468292, -0.23057764768600464], [0.6977934837341309, -0.012959598563611507, -0.0607449971139431, -0.7136009931564331], [0.8444002866744995, 0.5118240714073181, -0.0006807210156694055, 0.15818922221660614], [-0.021864628419280052, 0.6883623600006104, 0.009261969476938248, -0.7249782085418701], [0.8295270204544067, -0.1361694633960724, -0.5397310256958008, 0.04509240388870239], [0.7391442060470581, 0.016754375770688057, 0.035524412989616394, -0.6724011301994324], [0.9713343381881714, -0.17641688883304596, 0.15646600723266602, 0.030084969475865364]], "joint_names": ["Hips", "LeftUpLeg", "LeftLeg", "LeftFoot", "LeftToe", "RightUpLeg", "RightLeg", "RightFoot", "RightToe", "Spine", "Spine1", "Spine2", "Neck", "Head", "LeftShoulder", "LeftArm", "LeftForeArm", "LeftHand", "RightShoulder", "RightArm", "RightForeArm", "RightHand"]}