{"root_pos": [40.34600067138672, 74.1033706665039, 47.096500396728516], "local_quat": [[-0.43427982926368713, -0.4215088188648224, -0.5627365708351135, -0.5630798935890198], [0.01765233837068081, -0.14113618433475494, -0.9898124933242798, 0.006340892519801855], [0.8373574614524841, 0.0438634417951107, 0.08705399930477142, -0.5378941297531128], [0.8000016808509827, -0.08850549906492233, -0.07593338191509247, 0.5885561108589172], [0.9757602214813232, -0.015523222275078297, 0.028753701597452164, 0.21638906002044678], [0.025548063218593597, 0.2052895426750183, 0.9660348892211914, -0.15485531091690063], [0.9340441226959229, -0.05299638584256172, -0.03389286622405052, -0.3515739440917969], [0.773832380771637, -0.04206198453903198, 0.06415823847055435, 0.6287272572517395], [0.9806731939315796, -0.00791916623711586, 0.016650691628456116, 0.19478240609169006], [0.99554044008255, -0.012571388855576515, 0.011610970832407475, 0.09277034550905228], [0.9963619112968445, -0.025745972990989685, -0.0037933499552309513, 0.08115255832672119], [0.9967674612998962, -0.026065263897180557, 0.02431279793381691, 0.07200075685977936], [0.9733807444572449, -0.1394389569759369, -0.18187005817890167, -0.0031614885665476322], [0.9262785911560059, -0.26493456959724426, 0.260663241147995, 0.062228381633758545], [-0.00916318316012621, -0.622463583946228, 0.06710659712553024, -0.7797126173973083], [0.8649945855140686, 0.18750211596488953, 0.4460584819316864, -0.1328878551721573], [0.6163034439086914, -0.004490097053349018, -0.04294394329190254, -0.7863242030143738], [0.8326278328895569, 0.5340801477432251, 0.04212912172079086, 0.14040791988372803], [-0.024379992857575417, 0.6928123831748962, 0.005602140445262194, -0.7206839323043823], [0.8423386812210083, -0.20531706511974335, -0.47870299220085144, 0.13839735090732574], [0.7020659446716309, 0.005033144261687994, 0.03426506370306015, -0.7112693190574646], [0.9795635342597961, -0.12243833392858505, 0.15780538320541382, 0.023695968091487885]], "joint_names": ["Hips", "LeftUpLeg", "LeftLeg", "LeftFoot", "LeftToe", "RightUpLeg", "RightLeg", "RightFoot", "RightToe", "Spine", "Spine1", "Spine2", "Neck", "Head", "LeftShoulder", "LeftArm", "LeftForeArm", "LeftHand", "RightShoulder", "RightArm", "RightForeArm", "RightHand"]}