{"root_pos": [44.36768341064453, 69.66995239257812, 65.39668273925781], "local_quat": [[-0.4577156901359558, -0.38668230175971985, -0.5480214357376099, -0.5836485624313354], [0.026665708050131798, -0.22185535728931427, -0.9743094444274902, 0.028111742809414864], [0.7777339816093445, 0.056580908596515656, 0.0871363952755928, -0.619948148727417], [0.7563036680221558, -0.08380123972892761, -0.08061177283525467, 0.6438041925430298], [0.9750373959541321, -0.01618112623691559, 0.030513586476445198, 0.2193380743265152], [0.024142203852534294, 0.2201729118824005, 0.9666377902030945, -0.12865613400936127], [0.9335004687309265, -0.04629240557551384, -0.048546865582466125, -0.352245956659317], [0.6975433230400085, -0.06563037633895874, 0.0148061728104949, 0.7133769392967224], [0.9809266328811646, -0.006712406408041716, 0.017404409125447273, 0.19348128139972687], [0.9956059455871582, -0.007436539977788925, 0.004777482710778713, 0.093223936855793], [0.9959938526153564, -0.013858521357178688, -0.01911241002380848, 0.08624919503927231], [0.9966452121734619, -0.012742345221340656, 0.014431197196245193, 0.079546719789505], [0.9698113203048706, -0.1427437961101532, -0.19736331701278687, -0.011752543970942497], [0.918637216091156, -0.27430686354637146, 0.27797073125839233, 0.05994849652051926], [-0.00834503024816513, -0.6049901843070984, 0.07012991607189178, -0.7930945754051208], [0.8558543920516968, 0.18591344356536865, 0.45392856001853943, -0.1640070229768753], [0.658450722694397, -0.010060355067253113, -0.05341200530529022, -0.7506587505340576], [0.8319779634475708, 0.5342424511909485, 0.027509795501828194, 0.14710865914821625], [-0.022125836461782455, 0.689780056476593, 0.0049830274656414986, -0.7236636877059937], [0.8288770914077759, -0.18564769625663757, -0.5163087248802185, 0.10919289290904999], [0.7311476469039917, 0.012363167479634285, 0.03803465515375137, -0.6810459494590759], [0.9767388105392456, -0.13660578429698944, 0.16250409185886383, 0.03020721860229969]], "joint_names": ["Hips", "LeftUpLeg", "LeftLeg", "LeftFoot", "LeftToe", "RightUpLeg", "RightLeg", "RightFoot", "RightToe", "Spine", "Spine1", "Spine2", "Neck", "Head", "LeftShoulder", "LeftArm", "LeftForeArm", "LeftHand", "RightShoulder", "RightArm", "RightForeArm", "RightHand"]}