{"root_pos": [35.19293212890625, 78.00496673583984, 27.148712158203125], "local_quat": [[-0.4030817449092865, -0.4691365659236908, -0.577672004699707, -0.5326640605926514], [0.006926192436367273, -0.0358378030359745, -0.9992996454238892, -0.008236984722316265], [0.8895660042762756, 0.04117308184504509, 0.07519496232271194, -0.4486900568008423], [0.8291869759559631, -0.08265919238328934, -0.07609102874994278, 0.5475643277168274], [0.9765878915786743, -0.014785997569561005, 0.026571109890937805, 0.2129586637020111], [0.02710711397230625, 0.17674344778060913, 0.9684890508651733, -0.1733659952878952], [0.9207403063774109, -0.05641055852174759, -0.03329223766922951, -0.38463830947875977], [0.8396041393280029, -0.019057994708418846, 0.09355919063091278, 0.5347415208816528], [0.9804330468177795, -0.009191994555294514, 0.015891224145889282, 0.1959948092699051], [0.9961020946502686, -0.020810943096876144, 0.012561946175992489, 0.08479240536689758], [0.996650218963623, -0.043994054198265076, 0.0009198499610647559, 0.06893448531627655], [0.9969338178634644, -0.04548057168722153, 0.024667788296937943, 0.05870352312922478], [0.9770735502243042, -0.1334909200668335, -0.1656077802181244, 0.009029269218444824], [0.9328628778457642, -0.2529408633708954, 0.2464880645275116, 0.0709330216050148], [-0.0110170878469944, -0.636310338973999, 0.06277988851070404, -0.768795371055603], [0.8773221969604492, 0.16146481037139893, 0.43562230467796326, -0.12028345465660095], [0.5531489849090576, 0.0018024054588750005, -0.028927629813551903, -0.8325780034065247], [0.8350526094436646, 0.5328990817070007, 0.05261769890785217, 0.12624183297157288], [-0.019739607349038124, 0.6834697723388672, -0.0006521508330479264, -0.7297115325927734], [0.8309409618377686, -0.2398912012577057, -0.4741802513599396, 0.16474924981594086], [0.6883059740066528, -0.0013037020107731223, 0.03061867505311966, -0.7247728109359741], [0.9781356453895569, -0.12892507016658783, 0.16243599355220795, 0.015607155859470367]], "joint_names": ["Hips", "LeftUpLeg", "LeftLeg", "LeftFoot", "LeftToe", "RightUpLeg", "RightLeg", "RightFoot", "RightToe", "Spine", "Spine1", "Spine2", "Neck", "Head", "LeftShoulder", "LeftArm", "LeftForeArm", "LeftHand", "RightShoulder", "RightArm", "RightForeArm", "RightHand"]}