{"root_pos": [44.399898529052734, 68.2825927734375, 75.22734832763672], "local_quat": [[-0.4620141386985779, -0.3768934905529022, -0.5433921813964844, -0.590947687625885], [0.031092828139662743, -0.26041051745414734, -0.9645566940307617, 0.02915431745350361], [0.7477846145629883, 0.06281054019927979, 0.08534308522939682, -0.655430793762207], [0.735505998134613, -0.07842570543289185, -0.0803666040301323, 0.6681479215621948], [0.9746701717376709, -0.01649426855146885, 0.03127346932888031, 0.22083459794521332], [0.024300923570990562, 0.21212902665138245, 0.9700883626937866, -0.11549607664346695], [0.9276970028877258, -0.04524841159582138, -0.056659355759620667, -0.3662249445915222], [0.67972731590271, -0.07406014204025269, -0.0032250399235635996, 0.7297091484069824], [0.9810968637466431, -0.00603741267696023, 0.017728881910443306, 0.19260887801647186], [0.9952347278594971, -0.0049162860959768295, 0.001059207716025412, 0.09737800061702728], [0.9951181411743164, -0.007886716164648533, -0.02802388370037079, 0.09429937601089478], [0.9960960745811462, -0.005961298011243343, 0.008034908212721348, 0.08770700544118881], [0.9687034487724304, -0.14267206192016602, -0.20213694870471954, -0.019977835938334465], [0.9160699248313904, -0.2767747640609741, 0.2848810851573944, 0.05526818335056305], [-0.010986365377902985, -0.5986995697021484, 0.06817977875471115, -0.7979909777641296], [0.8552084565162659, 0.17376194894313812, 0.45258328318595886, -0.1832856386899948], [0.6744303703308105, -0.011882038787007332, -0.056671276688575745, -0.7360644340515137], [0.8328929543495178, 0.5325393676757812, 0.017750684171915054, 0.1495862752199173], [-0.02189227193593979, 0.6881088018417358, 0.006241851951926947, -0.7252503037452698], [0.8296194076538086, -0.16209451854228973, -0.527437686920166, 0.08524385094642639], [0.7397364974021912, 0.015135533176362514, 0.0386490598320961, -0.6716153621673584], [0.9747282862663269, -0.14854255318641663, 0.16373491287231445, 0.03210734203457832]], "joint_names": ["Hips", "LeftUpLeg", "LeftLeg", "LeftFoot", "LeftToe", "RightUpLeg", "RightLeg", "RightFoot", "RightToe", "Spine", "Spine1", "Spine2", "Neck", "Head", "LeftShoulder", "LeftArm", "LeftForeArm", "LeftHand", "RightShoulder", "RightArm", "RightForeArm", "RightHand"]}