{"root_pos": [33.38078308105469, 79.218994140625, 18.609085083007812], "local_quat": [[-0.379961758852005, -0.4935576915740967, -0.5853166580200195, -0.5190705060958862], [0.0044787367805838585, -0.02057403326034546, -0.9996998906135559, -0.012521562166512012], [0.899982750415802, 0.04095624387264252, 0.07151719927787781, -0.42806410789489746], [0.8411357402801514, -0.08062964677810669, -0.07642936706542969, 0.5292900204658508], [0.9770019054412842, -0.014566037803888321, 0.025550339370965958, 0.21119248867034912], [0.019862644374370575, 0.17321312427520752, 0.967307984828949, -0.1841682344675064], [0.9158007502555847, -0.05857829377055168, -0.033839013427495956, -0.39589476585388184], [0.8553193807601929, -0.00877242162823677, 0.1071074977517128, 0.5068331360816956], [0.980350911617279, -0.00960766151547432, 0.015514467842876911, 0.19641588628292084], [0.9963065981864929, -0.02379634976387024, 0.00802407693117857, 0.08211275935173035], [0.9964762330055237, -0.050968803465366364, -0.005532378330826759, 0.06638248264789581], [0.9969168901443481, -0.05288226157426834, 0.017300114035606384, 0.05532582476735115], [0.9778093099594116, -0.13113176822662354, -0.16243904829025269, 0.017520722001791], [0.9337145686149597, -0.2494651973247528, 0.24526165425777435, 0.07609857618808746], [-0.012090102769434452, -0.637678861618042, 0.060172609984874725, -0.767853319644928], [0.8807656764984131, 0.15347422659397125, 0.43189263343811035, -0.11902207881212234], [0.5303901433944702, 0.0032964185811579227, -0.024516575038433075, -0.8473926782608032], [0.8368562459945679, 0.5314902067184448, 0.05520392954349518, 0.11892138421535492], [-0.01667679101228714, 0.676199734210968, -0.004298089537769556, -0.736517071723938], [0.8137372732162476, -0.26424452662467957, -0.4893304109573364, 0.16900376975536346], [0.6929986476898193, -0.0029274795670062304, 0.0300411619246006, -0.7203067541122437], [0.9766761660575867, -0.1343715488910675, 0.1669057011604309, 0.01379433088004589]], "joint_names": ["Hips", "LeftUpLeg", "LeftLeg", "LeftFoot", "LeftToe", "RightUpLeg", "RightLeg", "RightFoot", "RightToe", "Spine", "Spine1", "Spine2", "Neck", "Head", "LeftShoulder", "LeftArm", "LeftForeArm", "LeftHand", "RightShoulder", "RightArm", "RightForeArm", "RightHand"]}