{"root_pos": [43.82570266723633, 68.2920913696289, 84.80427551269531], "local_quat": [[-0.4632226824760437, -0.37143826484680176, -0.5393235683441162, -0.5971502065658569], [0.03070538304746151, -0.2968178987503052, -0.9541648030281067, 0.02293306216597557], [0.7290596961975098, 0.06701318174600601, 0.08282894641160965, -0.6761069297790527], [0.7141180038452148, -0.06926863640546799, -0.07431435585021973, 0.6926143765449524], [0.9743073582649231, -0.01650877110660076, 0.031946636736392975, 0.22233305871486664], [0.022035615518689156, 0.18861687183380127, 0.97560054063797, -0.11018923670053482], [0.9208825826644897, -0.04535089060664177, -0.06327290087938309, -0.38198837637901306], [0.6963276863098145, -0.07065766304731369, -0.00130506104324013, 0.7142363786697388], [0.9812155365943909, -0.005636694375425577, 0.01793850027024746, 0.19199636578559875], [0.9950412511825562, -0.0036836983636021614, -0.00027236511232331395, 0.09939449280500412], [0.9945331811904907, -0.0040421555750072, -0.03349430114030838, 0.0988205224275589], [0.9957160949707031, -0.0015637545147910714, 0.004266225267201662, 0.09235180169343948], [0.9682524800300598, -0.14291997253894806, -0.20320861041545868, -0.02769961580634117], [0.9144290089607239, -0.27799829840660095, 0.2889188528060913, 0.05533955246210098], [-0.014768573455512524, -0.5952210426330566, 0.06471717357635498, -0.8008155226707458], [0.8558135628700256, 0.15782879292964935, 0.44542405009269714, -0.21040594577789307], [0.6886686682701111, -0.013223658315837383, -0.05968157574534416, -0.7224947810173035], [0.8374515175819397, 0.5244956612586975, 0.00798488687723875, 0.15334753692150116], [-0.022167431190609932, 0.6879652738571167, 0.00820192601531744, -0.7253587245941162], [0.8308857679367065, -0.14507101476192474, -0.5341445803642273, 0.05720862001180649], [0.7444462776184082, 0.01679554022848606, 0.03814341500401497, -0.6663803458213806], [0.9728876948356628, -0.16312061250209808, 0.1607702672481537, 0.03215746581554413]], "joint_names": ["Hips", "LeftUpLeg", "LeftLeg", "LeftFoot", "LeftToe", "RightUpLeg", "RightLeg", "RightFoot", "RightToe", "Spine", "Spine1", "Spine2", "Neck", "Head", "LeftShoulder", "LeftArm", "LeftForeArm", "LeftHand", "RightShoulder", "RightArm", "RightForeArm", "RightHand"]}