{"root_pos": [39.252647399902344, 78.36234283447266, 159.37220764160156], "local_quat": [[-0.4969702661037445, -0.28640151023864746, -0.5372338891029358, -0.6183643937110901], [-0.07304514944553375, -0.28772246837615967, -0.9548470973968506, -0.012128442525863647], [0.8833348751068115, 0.07800246775150299, 0.06027846038341522, -0.45825934410095215], [0.7669947743415833, -0.08591222018003464, -0.1286654770374298, 0.6227223873138428], [0.9704611301422119, -0.0179942287504673, 0.03807060420513153, 0.23755450546741486], [-0.004246035125106573, -0.006104867905378342, 0.9927964806556702, -0.11958198249340057], [0.8091871738433838, -0.03193512186408043, -0.12259648740291595, -0.5737302303314209], [0.8305246829986572, 0.012288547120988369, 0.0632365271449089, 0.5532439947128296], [0.9817264676094055, -0.004032095894217491, 0.02019587904214859, 0.18917976319789886], [0.9967896342277527, 0.02139855921268463, 0.004398655146360397, 0.07702770829200745], [0.994320273399353, 0.05045973137021065, -0.047649186104536057, 0.08068853616714478], [0.995665967464447, 0.053058117628097534, 0.00296491920016706, 0.07632343471050262], [0.9660175442695618, -0.14561955630779266, -0.21114972233772278, -0.0319485180079937], [0.9007152915000916, -0.2902137041091919, 0.3213508427143097, 0.03495127707719803], [0.01701604574918747, -0.5873991250991821, 0.0997234433889389, -0.8029494881629944], [0.8819631934165955, 0.16886459290981293, 0.4368143677711487, -0.05309295281767845], [0.5887078046798706, 0.011471780017018318, -0.018671797588467598, -0.8080487847328186], [0.882509171962738, 0.43578481674194336, -0.022891219705343246, 0.17534296214580536], [-0.0015374032082036138, 0.7186228036880493, -0.011583971790969372, -0.6953019499778748], [0.8518736362457275, -0.1312255561351776, -0.5069447755813599, 0.009902874007821083], [0.621078372001648, 0.00033447385067120194, 0.0003648391575552523, -0.7837483882904053], [0.9707304835319519, -0.19542087614536285, 0.13851888477802277, 0.017479948699474335]], "joint_names": ["Hips", "LeftUpLeg", "LeftLeg", "LeftFoot", "LeftToe", "RightUpLeg", "RightLeg", "RightFoot", "RightToe", "Spine", "Spine1", "Spine2", "Neck", "Head", "LeftShoulder", "LeftArm", "LeftForeArm", "LeftHand", "RightShoulder", "RightArm", "RightForeArm", "RightHand"]}