{"root_pos": [40.4998893737793, 80.3764877319336, 151.16644287109375], "local_quat": [[-0.48349958658218384, -0.31002649664878845, -0.5475938320159912, -0.6084839701652527], [-0.05689116194844246, -0.2927609384059906, -0.9542613625526428, -0.02096903696656227], [0.885120153427124, 0.07457558810710907, 0.05947616696357727, -0.45548146963119507], [0.7759675979614258, -0.08262746036052704, -0.12242987006902695, 0.6132357120513916], [0.9709843993186951, -0.017559118568897247, 0.0374634824693203, 0.23553670942783356], [-0.0025914134457707405, 0.013869822025299072, 0.9925147891044617, -0.12130707502365112], [0.8475315570831299, -0.030761990696191788, -0.11252089589834213, -0.5177674293518066], [0.8372825980186462, 0.02048550359904766, 0.08407702296972275, 0.5398789048194885], [0.9815884828567505, -0.0047076186165213585, 0.019581498578190804, 0.18994340300559998], [0.9967349767684937, 0.018546709790825844, 0.004922465421259403, 0.07842906564474106], [0.9949172139167786, 0.04367932304739952, -0.044591546058654785, 0.07901584357023239], [0.9962084293365479, 0.04568878933787346, 0.00358343543484807, 0.07394829392433167], [0.9654971361160278, -0.148760586977005, -0.21092627942562103, -0.034580476582050323], [0.9009543061256409, -0.2919192910194397, 0.3178943395614624, 0.04480760172009468], [0.012203734368085861, -0.5921398997306824, 0.09445350617170334, -0.8001874089241028], [0.8829888701438904, 0.16944892704486847, 0.4326041638851166, -0.06686855852603912], [0.5950711965560913, 0.009161282330751419, -0.022583484649658203, -0.8033034205436707], [0.8808728456497192, 0.44036009907722473, -0.013229114934802055, 0.1731211394071579], [-0.005936655681580305, 0.7149375081062317, -0.0067311301827430725, -0.6991307735443115], [0.8473957180976868, -0.13745389878749847, -0.5128277540206909, 0.005886637605726719], [0.6329963803291321, 0.0016051384154707193, 0.003318238537758589, -0.7741459608078003], [0.9715328812599182, -0.1949339509010315, 0.13336077332496643, 0.018424823880195618]], "joint_names": ["Hips", "LeftUpLeg", "LeftLeg", "LeftFoot", "LeftToe", "RightUpLeg", "RightLeg", "RightFoot", "RightToe", "Spine", "Spine1", "Spine2", "Neck", "Head", "LeftShoulder", "LeftArm", "LeftForeArm", "LeftHand", "RightShoulder", "RightArm", "RightForeArm", "RightHand"]}