{"root_pos": [42.500274658203125, 72.1727066040039, 102.704833984375], "local_quat": [[-0.46630796790122986, -0.3682686686515808, -0.541845440864563, -0.5944227576255798], [0.010266677476465702, -0.3144170045852661, -0.9492270946502686, -0.0021079168654978275], [0.7489686012268066, 0.05909150093793869, 0.08722729980945587, -0.6541755795478821], [0.7225359678268433, -0.06971730291843414, -0.06462928652763367, 0.6847658753395081], [0.9735236763954163, -0.016595030203461647, 0.03330674394965172, 0.22553688287734985], [0.004609561059623957, 0.11969491094350815, 0.9853829145431519, -0.1211295798420906], [0.922131359577179, -0.04518705978989601, -0.06444401293992996, -0.3787860572338104], [0.7775661945343018, -0.04342968389391899, 0.04217679053544998, 0.6258800029754639], [0.9813218712806702, -0.0051288241520524025, 0.018246129155158997, 0.1914372742176056], [0.9952804446220398, -0.004996707197278738, -0.001592271844856441, 0.09689901024103165], [0.9942965507507324, -0.00449788523837924, -0.04165972024202347, 0.09807450324296951], [0.9958356022834778, -0.0024879404809325933, -0.0014608249766752124, 0.09112149477005005], [0.9700381755828857, -0.1399182826280594, -0.19649773836135864, -0.02893948368728161], [0.9149923920631409, -0.273462176322937, 0.2899934649467468, 0.06253842264413834], [-0.019883569329977036, -0.5946409702301025, 0.05987680330872536, -0.8015120029449463], [0.8561055064201355, 0.1401243358850479, 0.4381476640701294, -0.2355315089225769], [0.6884833574295044, -0.010020042769610882, -0.05658436939120293, -0.7229719758033752], [0.851544201374054, 0.4989871382713318, -0.004318606108427048, 0.16082806885242462], [-0.019870147109031677, 0.6908460259437561, 0.00804645475000143, -0.7226840853691101], [0.8231835961341858, -0.14354929327964783, -0.5470781922340393, 0.049678340554237366], [0.7273737788200378, 0.014336938969790936, 0.03034215420484543, -0.6854203939437866], [0.9717285633087158, -0.1836097091436386, 0.14543874561786652, 0.02964176796376705]], "joint_names": ["Hips", "LeftUpLeg", "LeftLeg", "LeftFoot", "LeftToe", "RightUpLeg", "RightLeg", "RightFoot", "RightToe", "Spine", "Spine1", "Spine2", "Neck", "Head", "LeftShoulder", "LeftArm", "LeftForeArm", "LeftHand", "RightShoulder", "RightArm", "RightForeArm", "RightHand"]}