{"root_pos": [42.364742279052734, 74.20980072021484, 110.57332611083984], "local_quat": [[-0.4646380543708801, -0.3708581328392029, -0.5476764440536499, -0.5887497067451477], [0.0003355727531015873, -0.3037329614162445, -0.9526864290237427, -0.011609076522290707], [0.7809382081031799, 0.05680609866976738, 0.08572670817375183, -0.616084098815918], [0.7508360147476196, -0.07399830967187881, -0.07033051550388336, 0.6525512337684631], [0.9731482863426208, -0.01683811843395233, 0.034007202833890915, 0.22702965140342712], [-0.003996548242866993, 0.09736291319131851, 0.9872889518737793, -0.125559002161026], [0.9269325137138367, -0.04468713328242302, -0.06254935264587402, -0.367269366979599], [0.8039847016334534, -0.02602291665971279, 0.07094916701316833, 0.5898284912109375], [0.9813343286514282, -0.005007980391383171, 0.01830030418932438, 0.19137127697467804], [0.9955890774726868, -0.003960816655308008, -0.0027264568489044905, 0.093697689473629], [0.9944564700126648, -0.002276754006743431, -0.04566161707043648, 0.09468909353017807], [0.9961720705032349, -0.0008038749801926315, -0.004122304730117321, 0.08731284737586975], [0.970312237739563, -0.13907384872436523, -0.1963597536087036, -0.024400191381573677], [0.9143750071525574, -0.272596538066864, 0.29192182421684265, 0.06626509130001068], [-0.017998849973082542, -0.5964735150337219, 0.062479179352521896, -0.7999948263168335], [0.8615462183952332, 0.13809628784656525, 0.4352905750274658, -0.22178754210472107], [0.6679501533508301, -0.006066087167710066, -0.0500086285173893, -0.742499053478241], [0.8577415347099304, 0.488142728805542, -0.0075673265382647514, 0.16105510294437408], [-0.01686663180589676, 0.6935610771179199, 0.005184984300285578, -0.7201817035675049], [0.8173909783363342, -0.1543762981891632, -0.5521121621131897, 0.056675758212804794], [0.7152564525604248, 0.011162192560732365, 0.02481081150472164, -0.6983323097229004], [0.9726636409759521, -0.1846686750650406, 0.13757756352424622, 0.029922237619757652]], "joint_names": ["Hips", "LeftUpLeg", "LeftLeg", "LeftFoot", "LeftToe", "RightUpLeg", "RightLeg", "RightFoot", "RightToe", "Spine", "Spine1", "Spine2", "Neck", "Head", "LeftShoulder", "LeftArm", "LeftForeArm", "LeftHand", "RightShoulder", "RightArm", "RightForeArm", "RightHand"]}