{"root_pos": [41.43541717529297, 81.14778137207031, 142.9003143310547], "local_quat": [[-0.4699975848197937, -0.33480075001716614, -0.5566421151161194, -0.5976288318634033], [-0.038895461708307266, -0.29234907031059265, -0.9551728963851929, -0.025767222046852112], [0.8770796656608582, 0.0696210190653801, 0.0624939426779747, -0.47114625573158264], [0.7831814885139465, -0.07827655225992203, -0.10972132533788681, 0.607009768486023], [0.9714767932891846, -0.017281878739595413, 0.036741770803928375, 0.23363304138183594], [-0.00264437566511333, 0.03604084253311157, 0.9919832944869995, -0.12109155207872391], [0.880543053150177, -0.030601317062973976, -0.10075921565294266, -0.46212038397789], [0.8418740630149841, 0.024749379605054855, 0.10115346312522888, 0.5295313596725464], [0.9814779162406921, -0.005115209147334099, 0.019096413627266884, 0.19055280089378357], [0.9965444207191467, 0.014454851858317852, 0.0033966614864766598, 0.08172336220741272], [0.9950966238975525, 0.034494657069444656, -0.044667214155197144, 0.08122546225786209], [0.9965397715568542, 0.03595895692706108, 0.00160905288066715, 0.07491914927959442], [0.9657717943191528, -0.1487809270620346, -0.2096271961927414, -0.03472162038087845], [0.9023906588554382, -0.29039064049720764, 0.3138315677642822, 0.05361078307032585], [0.005306887440383434, -0.5961544513702393, 0.08736895024776459, -0.7980841994285583], [0.884782612323761, 0.16030064225196838, 0.42713114619255066, -0.09498569369316101], [0.6023693680763245, 0.006491494365036488, -0.027337415143847466, -0.7977228164672852], [0.8795043230056763, 0.44408372044563293, -0.0063530574552714825, 0.17094255983829498], [-0.009297099895775318, 0.7103365063667297, -0.0027350347954779863, -0.7037955522537231], [0.8342033624649048, -0.1544460952281952, -0.5293406248092651, 0.0070483023300766945], [0.6515272855758667, 0.003161294851452112, 0.006838923320174217, -0.7585878372192383], [0.9722380042076111, -0.194862499833107, 0.1277713030576706, 0.02135915867984295]], "joint_names": ["Hips", "LeftUpLeg", "LeftLeg", "LeftFoot", "LeftToe", "RightUpLeg", "RightLeg", "RightFoot", "RightToe", "Spine", "Spine1", "Spine2", "Neck", "Head", "LeftShoulder", "LeftArm", "LeftForeArm", "LeftHand", "RightShoulder", "RightArm", "RightForeArm", "RightHand"]}