{"root_pos": [40.68196487426758, 78.69005584716797, 126.48523712158203], "local_quat": [[-0.4602710008621216, -0.3658711910247803, -0.5583503842353821, -0.5852638483047485], [-0.01831756718456745, -0.2919776737689972, -0.9559517502784729, -0.02386949025094509], [0.8438245058059692, 0.060017433017492294, 0.0744054764509201, -0.5280358791351318], [0.7802595496177673, -0.07639317959547043, -0.08697434514760971, 0.6146498918533325], [0.9723754525184631, -0.016956517472863197, 0.03509918972849846, 0.23014459013938904], [0.0020551339257508516, 0.0729202851653099, 0.9906474947929382, -0.11530841886997223], [0.9180923104286194, -0.03666221722960472, -0.07699904590845108, -0.3870832920074463], [0.8310201168060303, 0.006917155813425779, 0.10076447576284409, 0.5469956994056702], [0.9813796281814575, -0.005151650868356228, 0.018349817022681236, 0.19113005697727203], [0.9960950016975403, 0.0035586885642260313, 0.0006294598570093513, 0.08821392804384232], [0.9950420260429382, 0.012723717838525772, -0.044255081564188004, 0.08815348893404007], [0.9966470003128052, 0.013934418559074402, -0.0008489624597132206, 0.0806223601102829], [0.9681150317192078, -0.1442309021949768, -0.20317092537879944, -0.025932621210813522], [0.9086808562278748, -0.2815942168235779, 0.30166003108024597, 0.06328468024730682], [-0.007993710227310658, -0.5995950698852539, 0.0737077072262764, -0.796862006187439], [0.8782064318656921, 0.14178109169006348, 0.4283589720726013, -0.1586194932460785], [0.6339374780654907, 0.0006857028929516673, -0.0389988012611866, -0.7724001407623291], [0.8712239861488342, 0.46170684695243835, -0.00794648565351963, 0.16653016209602356], [-0.012719369493424892, 0.7032217383384705, 0.0006861669826321304, -0.7108564972877502], [0.8201130628585815, -0.16373150050640106, -0.5471771955490112, 0.03469347581267357], [0.682054877281189, 0.006482559256255627, 0.014870364218950272, -0.7311210632324219], [0.9720856547355652, -0.19226567447185516, 0.13211865723133087, 0.025060145184397697]], "joint_names": ["Hips", "LeftUpLeg", "LeftLeg", "LeftFoot", "LeftToe", "RightUpLeg", "RightLeg", "RightFoot", "RightToe", "Spine", "Spine1", "Spine2", "Neck", "Head", "LeftShoulder", "LeftArm", "LeftForeArm", "LeftHand", "RightShoulder", "RightArm", "RightForeArm", "RightHand"]}