{"root_pos": [40.9715576171875, 80.54037475585938, 134.71853637695312], "local_quat": [[-0.4627150297164917, -0.35351455211639404, -0.5592037439346313, -0.5900960564613342], [-0.026315446943044662, -0.2920433580875397, -0.9556736350059509, -0.026570739224553108], [0.8642335534095764, 0.06409228593111038, 0.0680570974946022, -0.4943286180496216], [0.7845485806465149, -0.07596565783023834, -0.09623348712921143, 0.607825517654419], [0.9719447493553162, -0.017058338969945908, 0.03588298335671425, 0.23182928562164307], [-0.0011630271328613162, 0.05841389670968056, 0.9916014075279236, -0.11538217216730118], [0.904670000076294, -0.032167162746191025, -0.08879256993532181, -0.4155158996582031], [0.8409714698791504, 0.020594431087374687, 0.10672004520893097, 0.5300506949424744], [0.9814134240150452, -0.005232187919318676, 0.018632417544722557, 0.1909269243478775], [0.9963234066963196, 0.009434718638658524, 0.001795381773263216, 0.08513196557760239], [0.9951230883598328, 0.02414921298623085, -0.04481895640492439, 0.08448807150125504], [0.9966880679130554, 0.025332994759082794, -0.000144185105455108, 0.07727344334125519], [0.9666286110877991, -0.14705833792686462, -0.20748639106750488, -0.03085859678685665], [0.904840886592865, -0.2869081199169159, 0.3088458180427551, 0.0596732459962368], [-0.0013817677972838283, -0.5990155339241028, 0.08059751987457275, -0.796669602394104], [0.8842737674713135, 0.14719370007514954, 0.4245821237564087, -0.1269804984331131], [0.6141023635864258, 0.003802404971793294, -0.032667048275470734, -0.7885408997535706], [0.8762317299842834, 0.4514155387878418, -0.0050704893656075, 0.16857104003429413], [-0.011467318050563335, 0.707066535949707, -0.000350925576640293, -0.7070540189743042], [0.8237365484237671, -0.16589999198913574, -0.541858434677124, 0.018019739538431168], [0.667561948299408, 0.0046479725278913975, 0.010494175367057323, -0.7444658279418945], [0.9722393155097961, -0.19481709599494934, 0.12746873497962952, 0.023423785343766212]], "joint_names": ["Hips", "LeftUpLeg", "LeftLeg", "LeftFoot", "LeftToe", "RightUpLeg", "RightLeg", "RightFoot", "RightToe", "Spine", "Spine1", "Spine2", "Neck", "Head", "LeftShoulder", "LeftArm", "LeftForeArm", "LeftHand", "RightShoulder", "RightArm", "RightForeArm", "RightHand"]}