{"root_pos": [38.13604736328125, 74.8514175415039, 167.1240234375], "local_quat": [[-0.5104354619979858, -0.26413440704345703, -0.5275786519050598, -0.6255792379379272], [-0.07567127048969269, -0.2825435698032379, -0.9562650322914124, -0.00043337122770026326], [0.8667704463005066, 0.07999158650636673, 0.06467771530151367, -0.48798274993896484], [0.7564665079116821, -0.08723098784685135, -0.12845011055469513, 0.635334312915802], [0.9699278473854065, -0.018555229529738426, 0.038660138845443726, 0.2395850121974945], [-0.004461720585823059, -0.030758466571569443, 0.9930826425552368, -0.1132291704416275], [0.7593414783477783, -0.034845247864723206, -0.13050463795661926, -0.6365178227424622], [0.820635974407196, 0.0021854103542864323, 0.04368005692958832, 0.5697752833366394], [0.981884241104126, -0.0030901976861059666, 0.0210016630589962, 0.1882891207933426], [0.9968915581703186, 0.022893862798810005, 0.0019045437220484018, 0.0753619447350502], [0.9935416579246521, 0.054441142827272415, -0.053671278059482574, 0.08384860306978226], [0.9950981140136719, 0.057715363800525665, 0.00015723632532171905, 0.08030389994382858], [0.9668832421302795, -0.14118704199790955, -0.21114474534988403, -0.024916118010878563], [0.9008206129074097, -0.2870486080646515, 0.32451367378234863, 0.028568213805556297], [0.020193500444293022, -0.582319974899292, 0.10307897627353668, -0.806145429611206], [0.8826101422309875, 0.16457237303256989, 0.4378933310508728, -0.04652532935142517], [0.574877917766571, 0.013554267585277557, -0.014359267428517342, -0.8180009126663208], [0.8849012851715088, 0.43022847175598145, -0.03437428921461105, 0.1751331239938736], [0.0033197710290551186, 0.719974160194397, -0.016211632639169693, -0.6938034892082214], [0.8484998941421509, -0.13720719516277313, -0.5109063386917114, 0.014025709591805935], [0.6177225708961487, -0.0005144074675627053, -0.0017702847253531218, -0.7863938808441162], [0.9703919887542725, -0.1935534030199051, 0.14332376420497894, 0.01829388365149498]], "joint_names": ["Hips", "LeftUpLeg", "LeftLeg", "LeftFoot", "LeftToe", "RightUpLeg", "RightLeg", "RightFoot", "RightToe", "Spine", "Spine1", "Spine2", "Neck", "Head", "LeftShoulder", "LeftArm", "LeftForeArm", "LeftHand", "RightShoulder", "RightArm", "RightForeArm", "RightHand"]}