{"root_pos": [41.634727478027344, 76.38302612304688, 118.30919647216797], "local_quat": [[-0.460945188999176, -0.3714633285999298, -0.5539699196815491, -0.5853733420372009], [-0.010470216162502766, -0.29305300116539, -0.9558396935462952, -0.019514041021466255], [0.815668523311615, 0.05834564194083214, 0.07966834306716919, -0.5700294971466064], [0.7690176963806152, -0.07508368790149689, -0.0787913054227829, 0.6298936605453491], [0.9727761745452881, -0.01692390814423561, 0.03454957157373428, 0.22853094339370728], [-0.0012094139819964767, 0.08343372493982315, 0.9891289472579956, -0.12108340114355087], [0.924811840057373, -0.04158293083310127, -0.06739296764135361, -0.37209150195121765], [0.8191441297531128, -0.00843063648790121, 0.09066446870565414, 0.566314160823822], [0.9813473224639893, -0.005077271722257137, 0.01827937178313732, 0.1913049966096878], [0.9958641529083252, -0.0013802157482132316, -0.0010472555877640843, 0.0908380076289177], [0.9947959184646606, 0.003085404634475708, -0.04493808001279831, 0.09139004349708557], [0.9964653849601746, 0.004360385239124298, -0.002502306131646037, 0.08385363221168518], [0.9694295525550842, -0.14150656759738922, -0.19910551607608795, -0.023221390321850777], [0.9119628667831421, -0.2765241861343384, 0.2957053482532501, 0.06645722687244415], [-0.013866784982383251, -0.5982842445373535, 0.06738422811031342, -0.7983251214027405], [0.8692888617515564, 0.14164288341999054, 0.43242502212524414, -0.1930873841047287], [0.651828408241272, -0.0027200537733733654, -0.04477814957499504, -0.7570384740829468], [0.8644185662269592, 0.4754558801651001, -0.009533202275633812, 0.16319094598293304], [-0.014275875873863697, 0.6976564526557922, 0.002290471224114299, -0.7162866592407227], [0.816504180431366, -0.1608031839132309, -0.5521776676177979, 0.05062829330563545], [0.7000595331192017, 0.008584480732679367, 0.019725820049643517, -0.7137604355812073], [0.972578227519989, -0.18734528124332428, 0.13494248688220978, 0.027997996658086777]], "joint_names": ["Hips", "LeftUpLeg", "LeftLeg", "LeftFoot", "LeftToe", "RightUpLeg", "RightLeg", "RightFoot", "RightToe", "Spine", "Spine1", "Spine2", "Neck", "Head", "LeftShoulder", "LeftArm", "LeftForeArm", "LeftHand", "RightShoulder", "RightArm", "RightForeArm", "RightHand"]}