{"root_pos": [-139.05560302734375, 80.30609130859375, -55.896602630615234], "local_quat": [[0.27782848477363586, -0.7483810782432556, -0.5922890305519104, 0.10922806710004807], [0.05573461204767227, -0.3567696511745453, -0.9323042035102844, 0.020443769171833992], [0.9554967880249023, 0.04406692087650299, 0.011145099997520447, -0.29147857427597046], [0.8112326860427856, -0.06266236305236816, -0.13118360936641693, 0.5663619041442871], [0.9825242757797241, -5.013850568502676e-06, 2.6512871045270003e-05, 0.18613438308238983], [0.009883007034659386, -0.10397464036941528, 0.988429844379425, -0.1099911704659462], [0.9299126267433167, -0.12095864862203598, -0.03512512147426605, -0.34553974866867065], [0.8380600810050964, -0.07776600867509842, 0.010429484769701958, 0.53990638256073], [0.9825242757797241, 4.921425897919107e-06, -2.668137130967807e-05, 0.18613436818122864], [0.9976636171340942, 0.0297737754881382, -0.004869800992310047, 0.06129534915089607], [0.9975556135177612, 0.059033628553152084, -0.012302424758672714, 0.035305749624967575], [0.9976497888565063, 0.059073492884635925, -0.012108489871025085, 0.03253640606999397], [0.9672999382019043, -0.13141684234142303, -0.2071501463651657, -0.064414381980896], [0.9235984683036804, -0.26586493849754333, 0.2598559856414795, 0.0935763344168663], [0.06282816082239151, -0.6108899116516113, 0.09415319561958313, -0.783582329750061], [0.9023541808128357, 0.24242673814296722, 0.3366755247116089, 0.11677240580320358], [0.4948170781135559, 0.014097723178565502, -0.028614651411771774, -0.8684114813804626], [0.9337773323059082, 0.351131796836853, -0.0014965609880164266, 0.0690222680568695], [-0.026197804138064384, 0.6473820209503174, 0.011237621307373047, -0.7616323828697205], [0.8655354380607605, -0.222357377409935, -0.39017143845558167, -0.2217472791671753], [0.5441534519195557, -0.022602200508117676, 0.020124319940805435, -0.8384397029876709], [0.9799146056175232, -0.1897990107536316, 0.060896728187799454, -0.005935849156230688]], "joint_names": ["Hips", "LeftUpLeg", "LeftLeg", "LeftFoot", "LeftToe", "RightUpLeg", "RightLeg", "RightFoot", "RightToe", "Spine", "Spine1", "Spine2", "Neck", "Head", "LeftShoulder", "LeftArm", "LeftForeArm", "LeftHand", "RightShoulder", "RightArm", "RightForeArm", "RightHand"]}