{"root_pos": [-133.7650604248047, 71.36568450927734, -63.233192443847656], "local_quat": [[0.2155788242816925, -0.7459130883216858, -0.6268145442008972, 0.06513775885105133], [0.04206090047955513, -0.31933772563934326, -0.9459280371665955, -0.03839811682701111], [0.9076792597770691, 0.06337524205446243, 0.005219212267547846, -0.41481897234916687], [0.7176676392555237, -0.01756543293595314, -0.09026198089122772, 0.6902878880500793], [0.9825534820556641, -0.0017280431929975748, 0.001601133611984551, 0.18596528470516205], [0.008463048376142979, -0.04813419282436371, 0.9915968775749207, -0.1197795644402504], [0.7529478073120117, -0.13122351467609406, -0.06899604946374893, -0.641162633895874], [0.7234739065170288, -0.09341344237327576, -0.034008584916591644, 0.6831566095352173], [0.9825243949890137, -0.00037233359762467444, 0.0008479280513711274, 0.18613171577453613], [0.9977487325668335, 0.016855912283062935, 0.003273654030635953, 0.06482774764299393], [0.9980969429016113, 0.03571199253201485, -0.0003606175887398422, 0.05026865378022194], [0.9981513619422913, 0.03669524937868118, 0.0022568413987755775, 0.04839690402150154], [0.9713140726089478, -0.1190873384475708, -0.19909979403018951, -0.05221620202064514], [0.9332600831985474, -0.25253599882125854, 0.2436804473400116, 0.0766223594546318], [0.05791860818862915, -0.5944550037384033, 0.09034132957458496, -0.79693603515625], [0.9065402150154114, 0.14172156155109406, 0.3961764872074127, 0.033821750432252884], [0.4640239179134369, 0.004394925199449062, -0.03534376248717308, -0.8851063847541809], [0.9168693423271179, 0.3938947319984436, -0.04297654703259468, 0.048481617122888565], [-0.014177532866597176, 0.6285566091537476, -0.004143669269979, -0.7776235938072205], [0.8519580960273743, -0.22048144042491913, -0.4464815855026245, -0.16189348697662354], [0.5719541907310486, -0.014755785465240479, 0.02783389203250408, -0.819680392742157], [0.9747505784034729, -0.20505976676940918, 0.08711713552474976, -0.014911632984876633]], "joint_names": ["Hips", "LeftUpLeg", "LeftLeg", "LeftFoot", "LeftToe", "RightUpLeg", "RightLeg", "RightFoot", "RightToe", "Spine", "Spine1", "Spine2", "Neck", "Head", "LeftShoulder", "LeftArm", "LeftForeArm", "LeftHand", "RightShoulder", "RightArm", "RightForeArm", "RightHand"]}