{"root_pos": [-129.97296142578125, 65.52531433105469, -65.44641876220703], "local_quat": [[0.1471574604511261, -0.7373669743537903, -0.659267246723175, -0.0011629872024059296], [0.03692963719367981, -0.3023949861526489, -0.9483606219291687, -0.08834956586360931], [0.8774042129516602, 0.07438617944717407, 0.002242061775177717, -0.47394460439682007], [0.6069778800010681, 0.022239048033952713, -0.04320303723216057, 0.7932319045066833], [0.9825112819671631, -0.003135519800707698, 0.0017861409578472376, 0.18616819381713867], [0.007261872291564941, 0.05981667339801788, 0.9889483451843262, -0.1354638785123825], [0.5754085183143616, -0.1266554594039917, -0.09695757925510406, -0.8021612167358398], [0.6441256403923035, -0.09781728684902191, -0.06959610432386398, 0.7554404139518738], [0.9826705455780029, -0.0006581738707609475, 0.0018624711083248258, 0.18535013496875763], [0.9960762858390808, 0.006501366384327412, 0.004688607528805733, 0.08813466876745224], [0.9959238171577454, 0.017096711322665215, -0.0009140953188762069, 0.08855809271335602], [0.9964571595191956, 0.018684623762965202, 0.004683077335357666, 0.08186601102352142], [0.9732661247253418, -0.11276978999376297, -0.1885116547346115, -0.0670773908495903], [0.9383919835090637, -0.24792198836803436, 0.23734794557094574, 0.04026464372873306], [0.04121556505560875, -0.5793449282646179, 0.07436693459749222, -0.8106356263160706], [0.8922557234764099, 0.06741883605718613, 0.4441182017326355, -0.045752882957458496], [0.5012776255607605, -0.006217922084033489, -0.05166350677609444, -0.8637204170227051], [0.9062194228172302, 0.41342994570732117, -0.07388022541999817, 0.048824649304151535], [-0.0062667750753462315, 0.6112610101699829, -0.01414511725306511, -0.7912778258323669], [0.8369252681732178, -0.16893808543682098, -0.4986041188240051, -0.14969953894615173], [0.5957508683204651, -0.005367094185203314, 0.03726250305771828, -0.8022864460945129], [0.9682301878929138, -0.21198755502700806, 0.1310472935438156, -0.020450333133339882]], "joint_names": ["Hips", "LeftUpLeg", "LeftLeg", "LeftFoot", "LeftToe", "RightUpLeg", "RightLeg", "RightFoot", "RightToe", "Spine", "Spine1", "Spine2", "Neck", "Head", "LeftShoulder", "LeftArm", "LeftForeArm", "LeftHand", "RightShoulder", "RightArm", "RightForeArm", "RightHand"]}