{"root_pos": [-115.73562622070312, 76.96734619140625, -52.48888397216797], "local_quat": [[-0.08407332003116608, -0.6697654128074646, -0.716947615146637, -0.174160897731781], [0.039038971066474915, -0.14424873888492584, -0.9852442145347595, -0.08343962579965591], [0.9630769491195679, 0.1139879897236824, -0.04649549350142479, -0.23943202197551727], [0.6916925311088562, 0.04924066737294197, -0.09495502710342407, 0.714227020740509], [0.9813995361328125, -0.007308062165975571, 0.004603286273777485, 0.1917821168899536], [-0.0009213626035489142, 0.21558651328086853, 0.9620230793952942, -0.16743096709251404], [0.6965293288230896, -0.129424050450325, -0.07652077078819275, -0.7015987634658813], [0.7411960363388062, -0.1022103801369667, -0.05093596130609512, 0.6615034937858582], [0.9828442335128784, -0.0008335032616741955, 0.004091715440154076, 0.1843906193971634], [0.9902259111404419, -0.019474342465400696, 0.008064521476626396, 0.13787078857421875], [0.9891390800476074, -0.035098496824502945, 0.00888481829315424, 0.14245383441448212], [0.991747260093689, -0.036007363349199295, 0.014935589395463467, 0.12213855981826782], [0.9743199348449707, -0.1268502026796341, -0.17731715738773346, -0.056287869811058044], [0.9358277320861816, -0.26178693771362305, 0.2346639484167099, -0.02503771334886551], [-0.009541715495288372, -0.5952710509300232, 0.028827715665102005, -0.8029509782791138], [0.834443986415863, -0.13888251781463623, 0.502684473991394, -0.17811037600040436], [0.5185823440551758, -0.01462466549128294, -0.07008134573698044, -0.8520252704620361], [0.8967861533164978, 0.40555644035339355, -0.16818244755268097, 0.05489470437169075], [0.00899292342364788, 0.6040140986442566, -0.036673009395599365, -0.796078622341156], [0.8385507464408875, -0.05460771918296814, -0.5335302948951721, -0.09589646011590958], [0.48662325739860535, 0.001242992584593594, 0.032402269542217255, -0.873009979724884], [0.9409353137016296, -0.26523712277412415, 0.2035401314496994, -0.0534924678504467]], "joint_names": ["Hips", "LeftUpLeg", "LeftLeg", "LeftFoot", "LeftToe", "RightUpLeg", "RightLeg", "RightFoot", "RightToe", "Spine", "Spine1", "Spine2", "Neck", "Head", "LeftShoulder", "LeftArm", "LeftForeArm", "LeftHand", "RightShoulder", "RightArm", "RightForeArm", "RightHand"]}