{"root_pos": [-130.30001831054688, 67.89254760742188, -65.67352294921875], "local_quat": [[0.18761923909187317, -0.744684100151062, -0.6395949125289917, 0.03410125523805618], [0.03913812339305878, -0.31458428502082825, -0.9460223317146301, -0.06742904335260391], [0.894431471824646, 0.06898103654384613, 0.003344473894685507, -0.44184020161628723], [0.6555348038673401, 0.005411866120994091, -0.06268084049224854, 0.7525396943092346], [0.9825938940048218, -0.0024296175688505173, 0.0019745230674743652, 0.18574021756649017], [0.004643645603209734, -0.00252598337829113, 0.9916752576828003, -0.12865565717220306], [0.6503302454948425, -0.13106460869312286, -0.08429280668497086, -0.7434967160224915], [0.6756583452224731, -0.09501883387565613, -0.04993066564202309, 0.7293587923049927], [0.9825485944747925, -0.0006949983071535826, 0.0013868723763152957, 0.1859995424747467], [0.9971373677253723, 0.01008288562297821, 0.005748710595071316, 0.07471515983343124], [0.9974547624588013, 0.02363007701933384, 0.002548476215451956, 0.0672236755490303], [0.997641921043396, 0.02513045258820057, 0.006414470262825489, 0.06354495882987976], [0.9726355075836182, -0.11582166701555252, -0.19251425564289093, -0.05919260531663895], [0.9366838335990906, -0.249513640999794, 0.23810289800167084, 0.06060892343521118], [0.04954208806157112, -0.588358461856842, 0.08281665295362473, -0.8028208613395691], [0.9030726552009583, 0.09991805255413055, 0.41766804456710815, -0.005438998341560364], [0.47743120789527893, -0.0005718318279832602, -0.0424286425113678, -0.8776439428329468], [0.9111949801445007, 0.4052015244960785, -0.057461127638816833, 0.047260675579309464], [-0.009172158315777779, 0.6196692585945129, -0.010494670830667019, -0.7847391963005066], [0.845518946647644, -0.20019081234931946, -0.47036612033843994, -0.1541983187198639], [0.5864270925521851, -0.010079607367515564, 0.03242634981870651, -0.8092899322509766], [0.9716596603393555, -0.21039818227291107, 0.10626084357500076, -0.017853183671832085]], "joint_names": ["Hips", "LeftUpLeg", "LeftLeg", "LeftFoot", "LeftToe", "RightUpLeg", "RightLeg", "RightFoot", "RightToe", "Spine", "Spine1", "Spine2", "Neck", "Head", "LeftShoulder", "LeftArm", "LeftForeArm", "LeftHand", "RightShoulder", "RightArm", "RightForeArm", "RightHand"]}