{"root_pos": [-139.81802368164062, 78.32910919189453, -57.819793701171875], "local_quat": [[0.266406387090683, -0.7486584782600403, -0.598669171333313, 0.10066473484039307], [0.05073978379368782, -0.34373942017555237, -0.9376634359359741, 0.00748254032805562], [0.9402853846549988, 0.04979820176959038, 0.010034908540546894, -0.3365751802921295], [0.8052923083305359, -0.056815117597579956, -0.12904365360736847, 0.5758680701255798], [0.9825159907341003, -0.0004474388842936605, 0.0002394871407886967, 0.1861775815486908], [0.006939129438251257, -0.09601911157369614, 0.9888401627540588, -0.11369786411523819], [0.8984699845314026, -0.12576933205127716, -0.04083741083741188, -0.4186478853225708], [0.8130871653556824, -0.085691437125206, -0.003345728386193514, 0.5757908225059509], [0.9825178384780884, -2.4639597540954128e-05, -6.572683923877776e-05, 0.18616852164268494], [0.9979858994483948, 0.025706961750984192, -0.0014632188249379396, 0.057975370436906815], [0.9980505108833313, 0.0518331341445446, -0.0068564205430448055, 0.034081146121025085], [0.9980820417404175, 0.05229272320866585, -0.006223994307219982, 0.03254099562764168], [0.9687986969947815, -0.12883083522319794, -0.2046433836221695, -0.05433923378586769], [0.9265188574790955, -0.26173165440559387, 0.2538752555847168, 0.09277187287807465], [0.06374117732048035, -0.6058406829833984, 0.09490929543972015, -0.7873286604881287], [0.9007825255393982, 0.22212672233581543, 0.3595176935195923, 0.09998833388090134], [0.47583067417144775, 0.012575997039675713, -0.027724744752049446, -0.8790098428726196], [0.9286624789237976, 0.36565351486206055, -0.012970265932381153, 0.06095380708575249], [-0.02207059971988201, 0.6422478556632996, 0.006193788722157478, -0.7661541104316711], [0.8620613217353821, -0.2347082793712616, -0.4047970473766327, -0.194683238863945], [0.5545089840888977, -0.021295804530382156, 0.02263494022190571, -0.8315972685813904], [0.9789520502090454, -0.19399487972259521, 0.06303428113460541, -0.006755141541361809]], "joint_names": ["Hips", "LeftUpLeg", "LeftLeg", "LeftFoot", "LeftToe", "RightUpLeg", "RightLeg", "RightFoot", "RightToe", "Spine", "Spine1", "Spine2", "Neck", "Head", "LeftShoulder", "LeftArm", "LeftForeArm", "LeftHand", "RightShoulder", "RightArm", "RightForeArm", "RightHand"]}