{"root_pos": [-133.98294067382812, 74.95820617675781, -60.79444885253906], "local_quat": [[0.24691589176654816, -0.7477949261665344, -0.6105004549026489, 0.08440563827753067], [0.04533269628882408, -0.33210161328315735, -0.9420008063316345, -0.016968565061688423], [0.9265450835227966, 0.05828345939517021, 0.005977884866297245, -0.371593177318573], [0.7659913897514343, -0.03822853043675423, -0.11442743986845016, 0.631428599357605], [0.9825389385223389, -0.0011155285174027085, 0.0012785840081050992, 0.1860494464635849], [0.004407079424709082, -0.07433954626321793, 0.9905602931976318, -0.11508499085903168], [0.8395994901657104, -0.1320732831954956, -0.05048421397805214, -0.5244813561439514], [0.7703256607055664, -0.08988025784492493, -0.012186495587229729, 0.6311665773391724], [0.9824675917625427, -0.00043649543658830225, 0.0005062071140855551, 0.18643204867839813], [0.9979033470153809, 0.021141134202480316, 0.0021150463726371527, 0.061134934425354004], [0.9981997013092041, 0.04355986416339874, -0.0015330956084653735, 0.041201524436473846], [0.9982184171676636, 0.04443968087434769, -0.00014099047984927893, 0.03981245681643486], [0.9698246717453003, -0.12618783116340637, -0.20179015398025513, -0.0528903566300869], [0.9293334484100342, -0.2590911388397217, 0.24855652451515198, 0.08620211482048035], [0.060385942459106445, -0.601097583770752, 0.09273172169923782, -0.7914771437644958], [0.9033039212226868, 0.18783558905124664, 0.37922635674476624, 0.07033570855855942], [0.46731075644493103, 0.008716673590242863, -0.030959878116846085, -0.8835079073905945], [0.9229230880737305, 0.38009077310562134, -0.027560854330658913, 0.05462975054979324], [-0.017517657950520515, 0.6356580853462219, 3.2180832931771874e-05, -0.7717719078063965], [0.8581903576850891, -0.23110336065292358, -0.42129212617874146, -0.18059176206588745], [0.5624614953994751, -0.018427511677145958, 0.024335546419024467, -0.8262598514556885], [0.9774966239929199, -0.19765856862068176, 0.07292890548706055, -0.0106252022087574]], "joint_names": ["Hips", "LeftUpLeg", "LeftLeg", "LeftFoot", "LeftToe", "RightUpLeg", "RightLeg", "RightFoot", "RightToe", "Spine", "Spine1", "Spine2", "Neck", "Head", "LeftShoulder", "LeftArm", "LeftForeArm", "LeftHand", "RightShoulder", "RightArm", "RightForeArm", "RightHand"]}