{"root_pos": [-125.76641082763672, 64.24918365478516, -62.18368148803711], "local_quat": [[0.06067787855863571, -0.7130647897720337, -0.6935604214668274, -0.08264803886413574], [0.03469713032245636, -0.25636807084083557, -0.9613616466522217, -0.09410283714532852], [0.8738304376602173, 0.09376674145460129, -0.010044446215033531, -0.4769982099533081], [0.5427093505859375, 0.054350268095731735, -0.023057978600263596, 0.8378430008888245], [0.982227087020874, -0.004809796344488859, 0.0021898001432418823, 0.1876220852136612], [0.013579233549535275, 0.1779242604970932, 0.9717496037483215, -0.15447083115577698], [0.49857378005981445, -0.12760969996452332, -0.10046036541461945, -0.8514972925186157], [0.6129198670387268, -0.1094549372792244, -0.08779048919677734, 0.7775869965553284], [0.9828857183456421, -0.0004705225583165884, 0.002922783838585019, 0.1841924488544464], [0.9932812452316284, -0.004224362783133984, 0.0002008735027629882, 0.11564779281616211], [0.9918370842933655, -0.00367269990965724, -0.010473823174834251, 0.1270275115966797], [0.9934810996055603, -0.0023936410434544086, -0.0025353701785206795, 0.11394349485635757], [0.9748835563659668, -0.11083722859621048, -0.17752277851104736, -0.07617661356925964], [0.9396706223487854, -0.24677763879299164, 0.23689603805541992, -0.00040911862743087113], [0.017261618748307228, -0.570990264415741, 0.05207322537899017, -0.8191218972206116], [0.8650190234184265, -0.025301674380898476, 0.4793779253959656, -0.14594058692455292], [0.546701192855835, -0.016244448721408844, -0.0706699788570404, -0.83418208360672], [0.8984731435775757, 0.41868355870246887, -0.12068241834640503, 0.05372035875916481], [0.003149982076138258, 0.599636971950531, -0.025894777849316597, -0.799846887588501], [0.8286968469619751, -0.10229697078466415, -0.5344157218933105, -0.13113638758659363], [0.5913583636283875, 0.002552994526922703, 0.04313642904162407, -0.8052502274513245], [0.9582489132881165, -0.2255353033542633, 0.17344403266906738, -0.0284624882042408]], "joint_names": ["Hips", "LeftUpLeg", "LeftLeg", "LeftFoot", "LeftToe", "RightUpLeg", "RightLeg", "RightFoot", "RightToe", "Spine", "Spine1", "Spine2", "Neck", "Head", "LeftShoulder", "LeftArm", "LeftForeArm", "LeftHand", "RightShoulder", "RightArm", "RightForeArm", "RightHand"]}