{"root_pos": [-122.75608825683594, 67.30780029296875, -59.63397979736328], "local_quat": [[0.010394833981990814, -0.6939537525177002, -0.7098233699798584, -0.12029504776000977], [0.03455524891614914, -0.2273753583431244, -0.9688589572906494, -0.09175334870815277], [0.9033312797546387, 0.10482391715049744, -0.02362963557243347, -0.41526657342910767], [0.5652577877044678, 0.06420279294252396, -0.033321935683488846, 0.8217366933822632], [0.9820146560668945, -0.005609987303614616, 0.002689322456717491, 0.18870249390602112], [0.005675008520483971, 0.21334809064865112, 0.9619407057762146, -0.17064741253852844], [0.5182462930679321, -0.12701193988323212, -0.09891137480735779, -0.8399435877799988], [0.6495459079742432, -0.10772498697042465, -0.08310685306787491, 0.7480499744415283], [0.982916533946991, -0.0006056228885427117, 0.0033897794783115387, 0.18401949107646942], [0.9920263886451721, -0.009408623911440372, 0.0009576352313160896, 0.1256747990846634], [0.9903848767280579, -0.014331727288663387, -0.008545742370188236, 0.13732965290546417], [0.992530107498169, -0.013747124001383781, -0.0003950746322516352, 0.12122244387865067], [0.9751284718513489, -0.11298895627260208, -0.17577598989009857, -0.07389705628156662], [0.9390010833740234, -0.2490871250629425, 0.2367638796567917, -0.013246606104075909], [0.006173623725771904, -0.5754327178001404, 0.04222790524363518, -0.8167349100112915], [0.8495537042617798, -0.0771307572722435, 0.4897520840167999, -0.1801449954509735], [0.5463453531265259, -0.017327578738331795, -0.07386988401412964, -0.8341161012649536], [0.8972004055976868, 0.41482895612716675, -0.14100688695907593, 0.055363744497299194], [0.0053611393086612225, 0.600706160068512, -0.029212182387709618, -0.7989180684089661], [0.8263599872589111, -0.07719167321920395, -0.5442684292793274, -0.12223941832780838], [0.5600143671035767, 0.003238628152757883, 0.04041873291134834, -0.8274900913238525], [0.9525771141052246, -0.23652270436286926, 0.18773889541625977, -0.037521522492170334]], "joint_names": ["Hips", "LeftUpLeg", "LeftLeg", "LeftFoot", "LeftToe", "RightUpLeg", "RightLeg", "RightFoot", "RightToe", "Spine", "Spine1", "Spine2", "Neck", "Head", "LeftShoulder", "LeftArm", "LeftForeArm", "LeftHand", "RightShoulder", "RightArm", "RightForeArm", "RightHand"]}