{"root_pos": [-128.13539123535156, 64.18608856201172, -64.77577209472656], "local_quat": [[0.11036527156829834, -0.7278958559036255, -0.6755061149597168, -0.040970247238874435], [0.03429342806339264, -0.2899547219276428, -0.9510716795921326, -0.10105898231267929], [0.8691956400871277, 0.0828947126865387, -0.0022782243322581053, -0.48746517300605774], [0.5603249669075012, 0.04231009632349014, -0.02426905184984207, 0.8268354535102844], [0.9824437499046326, -0.00396689074113965, 0.0018026811303570867, 0.1865082085132599], [0.0079998429864645, 0.12087392807006836, 0.9820437431335449, -0.14462247490882874], [0.5173355340957642, -0.12681904435157776, -0.1009613648056984, -0.8402903079986572], [0.6155295372009277, -0.10090094059705734, -0.07728442549705505, 0.7777979373931885], [0.9827827215194702, -0.0006745462887920439, 0.0023592645302414894, 0.18474851548671722], [0.9945659041404724, 0.000360379257472232, 0.002249395241960883, 0.10408385843038559], [0.9936926364898682, 0.0054140291176736355, -0.006519837770611048, 0.1118169054389], [0.9948170781135559, 0.00697715999558568, 0.0005161176668480039, 0.10143951326608658], [0.9742130041122437, -0.1115255132317543, -0.18144531548023224, -0.07448965311050415], [0.9394683837890625, -0.2472943514585495, 0.2365414798259735, 0.01710752584040165], [0.02835036814212799, -0.5736568570137024, 0.062405336648225784, -0.8162227869033813], [0.8806344270706177, 0.021777905523777008, 0.4636008143424988, -0.09530539065599442], [0.5296401977539062, -0.011894600465893745, -0.06258787959814072, -0.8458265066146851], [0.9026107788085938, 0.41658884286880493, -0.09490299224853516, 0.052354972809553146], [-0.0011187654454261065, 0.6031608581542969, -0.02049516700208187, -0.7973554730415344], [0.830145537853241, -0.13690046966075897, -0.5214621424674988, -0.1421055793762207], [0.6046121120452881, -0.0005326037062332034, 0.04209202527999878, -0.7954069375991821], [0.9640662670135498, -0.2152300775051117, 0.1541370004415512, -0.022224199026823044]], "joint_names": ["Hips", "LeftUpLeg", "LeftLeg", "LeftFoot", "LeftToe", "RightUpLeg", "RightLeg", "RightFoot", "RightToe", "Spine", "Spine1", "Spine2", "Neck", "Head", "LeftShoulder", "LeftArm", "LeftForeArm", "LeftHand", "RightShoulder", "RightArm", "RightForeArm", "RightHand"]}