{"root_pos": [-118.54096221923828, 72.1999282836914, -56.65680694580078], "local_quat": [[-0.04023446515202522, -0.6776244640350342, -0.7181583642959595, -0.15314950048923492], [0.03736443817615509, -0.19082431495189667, -0.9771438241004944, -0.08590690046548843], [0.9402750730514526, 0.11175855249166489, -0.03761310875415802, -0.3193401098251343], [0.6238327026367188, 0.060931168496608734, -0.06223635375499725, 0.7766895890235901], [0.9817308187484741, -0.00651777908205986, 0.0036030339542776346, 0.1901293247938156], [0.00020461060921661556, 0.22135348618030548, 0.9595774412155151, -0.17382100224494934], [0.5949406027793884, -0.12773184478282928, -0.09120733290910721, -0.7882965803146362], [0.7022861242294312, -0.10672236979007721, -0.07316466420888901, 0.7000367045402527], [0.9828782081604004, -0.0007639014511369169, 0.0038628065958619118, 0.18421413004398346], [0.9910306930541992, -0.01448732241988182, 0.003396895481273532, 0.1328033059835434], [0.9896321296691895, -0.025033866986632347, -0.0017339835176244378, 0.14141598343849182], [0.9920967221260071, -0.02523111365735531, 0.0056116897612810135, 0.12278435379266739], [0.9749957919120789, -0.11813712865114212, -0.17610760033130646, -0.06642979383468628], [0.9378767609596252, -0.2536606192588806, 0.23582671582698822, -0.020718855783343315], [-0.002371898153796792, -0.5841113924980164, 0.03490515425801277, -0.8109191060066223], [0.839373767375946, -0.11013063043355942, 0.4989538788795471, -0.1853860467672348], [0.5367677807807922, -0.0158020481467247, -0.07267281413078308, -0.840445876121521], [0.8988277316093445, 0.40576171875, -0.1554943174123764, 0.057337649166584015], [0.0073317899368703365, 0.6028070449829102, -0.03301990404725075, -0.7971696853637695], [0.8306500911712646, -0.06424511224031448, -0.5429947376251221, -0.10511790215969086], [0.5205051898956299, 0.00220998446457088, 0.03574241325259209, -0.8531071543693542], [0.9467481374740601, -0.2500190734863281, 0.19747596979141235, -0.0464945025742054]], "joint_names": ["Hips", "LeftUpLeg", "LeftLeg", "LeftFoot", "LeftToe", "RightUpLeg", "RightLeg", "RightFoot", "RightToe", "Spine", "Spine1", "Spine2", "Neck", "Head", "LeftShoulder", "LeftArm", "LeftForeArm", "LeftHand", "RightShoulder", "RightArm", "RightForeArm", "RightHand"]}