{"root_pos": [-69.96388244628906, 83.92924499511719, -16.507457733154297], "local_quat": [[-0.4271709620952606, -0.572637140750885, -0.5919983983039856, -0.37302759289741516], [-0.03456704318523407, -0.34156709909439087, -0.9285027384757996, -0.14149132370948792], [0.6802691221237183, 0.07780478149652481, 0.030303221195936203, -0.7281908988952637], [0.7135811448097229, -0.041807882487773895, -0.12944340705871582, 0.6872397661209106], [0.9794543981552124, -0.01146587636321783, 0.013690723106265068, 0.20087389647960663], [0.0035167871974408627, 0.261690616607666, 0.9582864046096802, -0.11486057937145233], [0.9014846682548523, -0.17248333990573883, 0.01944093219935894, -0.3964807689189911], [0.7755315899848938, -0.12046821415424347, 0.0904986783862114, 0.6130645275115967], [0.9824670553207397, -0.0029941985849291086, 0.009708781726658344, 0.18615944683551788], [0.9880135655403137, -0.011450276710093021, 0.018286973237991333, 0.15285173058509827], [0.9882566332817078, -0.02672678977251053, 0.0156890619546175, 0.14962713420391083], [0.9904671907424927, -0.028238864615559578, 0.026903187856078148, 0.13211160898208618], [0.9732185006141663, -0.11847373843193054, -0.19693836569786072, -0.0050025321543216705], [0.9450380802154541, -0.2520764470100403, 0.1976207047700882, -0.06562422215938568], [-0.024569358676671982, -0.6114122867584229, 0.017134182155132294, -0.7907450795173645], [0.8860194683074951, -0.10752573609352112, 0.41718176007270813, -0.17136839032173157], [0.6212897896766663, -0.04166378080844879, -0.10841240733861923, -0.774925708770752], [0.8384937047958374, 0.49143069982528687, -0.22526399791240692, 0.06841271370649338], [-0.006221011746674776, 0.5938884615898132, -0.02680782414972782, -0.804076611995697], [0.8303841948509216, 0.07214032858610153, -0.5398502945899963, -0.11755641549825668], [0.349262535572052, 0.010109751485288143, 0.021494325250387192, -0.9367238283157349], [0.9267712831497192, -0.324072003364563, 0.17425289750099182, -0.07555288821458817]], "joint_names": ["Hips", "LeftUpLeg", "LeftLeg", "LeftFoot", "LeftToe", "RightUpLeg", "RightLeg", "RightFoot", "RightToe", "Spine", "Spine1", "Spine2", "Neck", "Head", "LeftShoulder", "LeftArm", "LeftForeArm", "LeftHand", "RightShoulder", "RightArm", "RightForeArm", "RightHand"]}