{"root_pos": [-80.22059631347656, 87.10531616210938, -25.437999725341797], "local_quat": [[-0.3717289865016937, -0.6044008731842041, -0.6220551133155823, -0.3310055434703827], [-0.011988482438027859, -0.30603843927383423, -0.938845694065094, -0.15737079083919525], [0.7773754000663757, 0.08954678475856781, 0.012097042053937912, -0.6225131154060364], [0.7641697525978088, -0.036803677678108215, -0.15089638531208038, 0.6260353922843933], [0.9798100590705872, -0.010107006877660751, 0.011811577714979649, 0.19932541251182556], [0.006865217816084623, 0.26313212513923645, 0.9561135172843933, -0.12869076430797577], [0.9113973379135132, -0.16043928265571594, 0.010176382958889008, -0.37882789969444275], [0.8323861360549927, -0.10335098206996918, 0.08825799822807312, 0.5372732281684875], [0.9823848605155945, -0.0029859659262001514, 0.008527272380888462, 0.1866503655910492], [0.9879924654960632, -0.010391438379883766, 0.016204435378313065, 0.15329815447330475], [0.9883869886398315, -0.027213633060455322, 0.01707621105015278, 0.14852243661880493], [0.9908955097198486, -0.028785107657313347, 0.026681136339902878, 0.12878482043743134], [0.9696860313415527, -0.1268439143896103, -0.20868024230003357, -0.008495021611452103], [0.9357452988624573, -0.2667835056781769, 0.2235429584980011, -0.05688541755080223], [-0.019544702023267746, -0.6318682432174683, 0.023329192772507668, -0.774478018283844], [0.8945325613021851, -0.1771712601184845, 0.37513914704322815, -0.16641025245189667], [0.5654143691062927, -0.03309501335024834, -0.09738563746213913, -0.8183686137199402], [0.8519700169563293, 0.4708615243434906, -0.22047439217567444, 0.06186537817120552], [-0.0051328991539776325, 0.6046757698059082, -0.026715053245425224, -0.7960069179534912], [0.8334550261497498, 0.006066903937608004, -0.5444313287734985, -0.09439434111118317], [0.3492484390735626, 0.004765453282743692, 0.018645500764250755, -0.9368324875831604], [0.9289782643318176, -0.32447895407676697, 0.16107407212257385, -0.07594775408506393]], "joint_names": ["Hips", "LeftUpLeg", "LeftLeg", "LeftFoot", "LeftToe", "RightUpLeg", "RightLeg", "RightFoot", "RightToe", "Spine", "Spine1", "Spine2", "Neck", "Head", "LeftShoulder", "LeftArm", "LeftForeArm", "LeftHand", "RightShoulder", "RightArm", "RightForeArm", "RightHand"]}