{"root_pos": [-75.63400268554688, 85.51075744628906, -21.127613067626953], "local_quat": [[-0.40040698647499084, -0.5882437825202942, -0.6066824197769165, -0.35437268018722534], [-0.021905893459916115, -0.32589226961135864, -0.9331469535827637, -0.15017016232013702], [0.7278875112533569, 0.08384883403778076, 0.021335631608963013, -0.6802162528038025], [0.7395841479301453, -0.040122538805007935, -0.14193186163902283, 0.6567045450210571], [0.9796281456947327, -0.010688023641705513, 0.012690318748354912, 0.20013384521007538], [0.007179962005466223, 0.26381057500839233, 0.9567550420761108, -0.12236125022172928], [0.9091373682022095, -0.16665709018707275, 0.016075601801276207, -0.3813611567020416], [0.808352530002594, -0.11350002139806747, 0.08819860219955444, 0.5708808898925781], [0.982422947883606, -0.002975994721055031, 0.009127710945904255, 0.18642109632492065], [0.9881173372268677, -0.010755044408142567, 0.016800403594970703, 0.15240147709846497], [0.9884467124938965, -0.026960207149386406, 0.015833817422389984, 0.1483086794614792], [0.9907830357551575, -0.02838674932718277, 0.026333538815379143, 0.1298065334558487], [0.971135675907135, -0.12322895228862762, -0.20415887236595154, -0.0054194130934774876], [0.9396910071372986, -0.2605234384536743, 0.21302220225334167, -0.06107224524021149], [-0.02103404514491558, -0.6228685975074768, 0.021260611712932587, -0.7817546129226685], [0.8936445713043213, -0.14322702586650848, 0.3908921778202057, -0.16759732365608215], [0.5945771336555481, -0.03720274567604065, -0.10321763157844543, -0.7965174913406372], [0.8458799719810486, 0.4798577129840851, -0.22346754372119904, 0.06546652317047119], [-0.005669129081070423, 0.5989004969596863, -0.0267442986369133, -0.8003566265106201], [0.8303026556968689, 0.03304505720734596, -0.5470475554466248, -0.1012154147028923], [0.3490038514137268, 0.0072210789658129215, 0.019933238625526428, -0.9368814826011658], [0.9278784394264221, -0.3242223262786865, 0.16779965162277222, -0.07592588663101196]], "joint_names": ["Hips", "LeftUpLeg", "LeftLeg", "LeftFoot", "LeftToe", "RightUpLeg", "RightLeg", "RightFoot", "RightToe", "Spine", "Spine1", "Spine2", "Neck", "Head", "LeftShoulder", "LeftArm", "LeftForeArm", "LeftHand", "RightShoulder", "RightArm", "RightForeArm", "RightHand"]}