{"root_pos": [-107.03926086425781, 84.20348358154297, -44.27859115600586], "local_quat": [[-0.16330930590629578, -0.6730760335922241, -0.692434549331665, -0.20207183063030243], [0.03253651037812233, -0.12100927531719208, -0.9868208169937134, -0.1023852601647377], [0.9718468189239502, 0.11345686763525009, -0.048092830926179886, -0.20081938803195953], [0.7806667685508728, 0.01988908462226391, -0.14330041408538818, 0.6079710721969604], [0.9808439016342163, -0.008136922493577003, 0.006387611385434866, 0.194520503282547], [0.00464192358776927, 0.2173297107219696, 0.9634843468666077, -0.15634627640247345], [0.8516352772712708, -0.1309962421655655, -0.04119198024272919, -0.5058265328407288], [0.7840553522109985, -0.08927899599075317, 0.009135317988693714, 0.6141685843467712], [0.9826735854148865, -0.0016727797919884324, 0.004906024783849716, 0.18527203798294067], [0.9891077876091003, -0.021175090223550797, 0.015204989351332188, 0.14486593008041382], [0.9887530207633972, -0.04134908318519592, 0.02439548447728157, 0.14164285361766815], [0.9914330244064331, -0.043490808457136154, 0.029118958860635757, 0.11967121809720993], [0.9705744981765747, -0.14208781719207764, -0.19040212035179138, -0.03928380459547043], [0.9291040301322937, -0.2801327407360077, 0.23971524834632874, -0.02877361699938774], [-0.016016211360692978, -0.617371141910553, 0.025336097925901413, -0.7861008644104004], [0.8387404680252075, -0.20428167283535004, 0.4789425730705261, -0.159365713596344], [0.4700423777103424, -0.014074759557843208, -0.06499805301427841, -0.8801348209381104], [0.8844678401947021, 0.42479440569877625, -0.18791794776916504, 0.04419653117656708], [0.007718371227383614, 0.609887421131134, -0.03780962526798248, -0.7915478944778442], [0.8439465165138245, -0.05657203868031502, -0.5244229435920715, -0.09764481335878372], [0.4340565800666809, -0.0003690455632749945, 0.025942334905266762, -0.9005119204521179], [0.9351617097854614, -0.29365864396095276, 0.1879950612783432, -0.06241021677851677]], "joint_names": ["Hips", "LeftUpLeg", "LeftLeg", "LeftFoot", "LeftToe", "RightUpLeg", "RightLeg", "RightFoot", "RightToe", "Spine", "Spine1", "Spine2", "Neck", "Head", "LeftShoulder", "LeftArm", "LeftForeArm", "LeftHand", "RightShoulder", "RightArm", "RightForeArm", "RightHand"]}