{"root_pos": [-111.45768737792969, 80.9138412475586, -48.40715789794922], "local_quat": [[-0.12391874939203262, -0.6706788539886475, -0.7063812613487244, -0.18936634063720703], [0.034490279853343964, -0.12283183634281158, -0.9877559542655945, -0.08978243917226791], [0.9712026715278625, 0.11428061127662659, -0.04915984347462654, -0.2031955122947693], [0.7437765598297119, 0.03458661213517189, -0.12214501947164536, 0.6562626957893372], [0.9811125993728638, -0.007848004810512066, 0.005523078143596649, 0.19319918751716614], [-0.00012868961493950337, 0.2115515023469925, 0.9636518359184265, -0.16315938532352448], [0.7810527682304382, -0.13066332042217255, -0.059701669961214066, -0.6077166795730591], [0.7640635371208191, -0.09639997780323029, -0.023190759122371674, 0.6374764442443848], [0.9827649593353271, -0.001219519879668951, 0.004499082453548908, 0.1848006695508957], [0.9894970059394836, -0.021788358688354492, 0.011932036839425564, 0.1424029916524887], [0.9887068271636963, -0.04082808271050453, 0.01767459325492382, 0.14310653507709503], [0.9914171099662781, -0.04233934357762337, 0.022953124716877937, 0.12154318392276764], [0.9726523160934448, -0.13523679971694946, -0.18260660767555237, -0.04809621721506119], [0.9325870275497437, -0.2713327705860138, 0.2363862544298172, -0.027953453361988068], [-0.014565175399184227, -0.6074661612510681, 0.025500329211354256, -0.7938025593757629], [0.8350991010665894, -0.1763245016336441, 0.49248507618904114, -0.17022809386253357], [0.4931826591491699, -0.01398489624261856, -0.06711360812187195, -0.8672202825546265], [0.8910425901412964, 0.4137016832828522, -0.1801614612340927, 0.04935377836227417], [0.009022467769682407, 0.6068662405014038, -0.03822864964604378, -0.7938328981399536], [0.8425396680831909, -0.05341853201389313, -0.5271785259246826, -0.09672683477401733], [0.4585987329483032, 0.0003855035756714642, 0.0290856771171093, -0.8881672620773315], [0.9368319511413574, -0.28106385469436646, 0.1997368335723877, -0.0587741956114769]], "joint_names": ["Hips", "LeftUpLeg", "LeftLeg", "LeftFoot", "LeftToe", "RightUpLeg", "RightLeg", "RightFoot", "RightToe", "Spine", "Spine1", "Spine2", "Neck", "Head", "LeftShoulder", "LeftArm", "LeftForeArm", "LeftHand", "RightShoulder", "RightArm", "RightForeArm", "RightHand"]}