{"root_pos": [-97.15898132324219, 88.060302734375, -37.210182189941406], "local_quat": [[-0.23570215702056885, -0.6698219776153564, -0.6636523008346558, -0.23526281118392944], [0.025632843375205994, -0.18348070979118347, -0.97334223985672, -0.13521318137645721], [0.9447537660598755, 0.11243867874145508, -0.03666934370994568, -0.3057013154029846], [0.8066762089729309, -0.005659597460180521, -0.168826624751091, 0.566338300704956], [0.980408251285553, -0.008584583178162575, 0.008416086435317993, 0.1966090053319931], [0.011213626712560654, 0.21401844918727875, 0.9664852023124695, -0.1413392275571823], [0.9169585704803467, -0.13479521870613098, -0.012525565922260284, -0.3753136396408081], [0.8241235613822937, -0.07992545515298843, 0.06515514850616455, 0.5569444298744202], [0.9824857711791992, -0.0023970187176018953, 0.006073708645999432, 0.18622328341007233], [0.9884036183357239, -0.01723504438996315, 0.018452901393175125, 0.14973531663417816], [0.9887718558311462, -0.0370473638176918, 0.02855476550757885, 0.1419234722852707], [0.9913480877876282, -0.03999863937497139, 0.033561982214450836, 0.12042751163244247], [0.9675068259239197, -0.1477353721857071, -0.203487366437912, -0.02641455829143524], [0.9251590967178345, -0.28924769163131714, 0.24355334043502808, -0.03313877061009407], [-0.017815282568335533, -0.6313388347625732, 0.024738464504480362, -0.7749077081680298], [0.853407084941864, -0.2333390712738037, 0.4408559799194336, -0.15131182968616486], [0.4559844136238098, -0.017241284251213074, -0.06733985990285873, -0.8872689008712769], [0.8719456195831299, 0.4473814368247986, -0.1944682002067566, 0.041748255491256714], [0.0028253349009901285, 0.6168468594551086, -0.03334116190671921, -0.786371648311615], [0.8466407060623169, -0.05304595082998276, -0.5199911594390869, -0.09997393190860748], [0.3908608853816986, -0.00020349268743302673, 0.020754793658852577, -0.9202157258987427], [0.9330631494522095, -0.31318867206573486, 0.1628768891096115, -0.0691162720322609]], "joint_names": ["Hips", "LeftUpLeg", "LeftLeg", "LeftFoot", "LeftToe", "RightUpLeg", "RightLeg", "RightFoot", "RightToe", "Spine", "Spine1", "Spine2", "Neck", "Head", "LeftShoulder", "LeftArm", "LeftForeArm", "LeftHand", "RightShoulder", "RightArm", "RightForeArm", "RightHand"]}