{"root_pos": [-92.59937286376953, 88.15544891357422, -34.40005111694336], "local_quat": [[-0.26844874024391174, -0.6582152247428894, -0.6553077697753906, -0.25545987486839294], [0.01866937056183815, -0.2256675511598587, -0.962437629699707, -0.14979781210422516], [0.9137030243873596, 0.10901585966348648, -0.02541855350136757, -0.3906613290309906], [0.8033156991004944, -0.015625322237610817, -0.1701887547969818, 0.5705046653747559], [0.9802389144897461, -0.008902373723685741, 0.009384633041918278, 0.1973939836025238], [0.007486112881451845, 0.2175014317035675, 0.9661329388618469, -0.13865171372890472], [0.9206374883651733, -0.14193879067897797, -0.00341956689953804, -0.36368709802627563], [0.8370961546897888, -0.08052349835634232, 0.0839485451579094, 0.5345452427864075], [0.9824383854866028, -0.0025646372232586145, 0.006789513863623142, 0.18644624948501587], [0.9881394505500793, -0.014522197656333447, 0.01751727983355522, 0.15186399221420288], [0.988638699054718, -0.03338553383946419, 0.025265328586101532, 0.14436309039592743], [0.9912281632423401, -0.03617772087454796, 0.03150133416056633, 0.12314862757921219], [0.9673662185668945, -0.1444425880908966, -0.2070050835609436, -0.022089270874857903], [0.9261344075202942, -0.28668293356895447, 0.24197740852832794, -0.03917745128273964], [-0.018037429079413414, -0.6351453065872192, 0.024606218561530113, -0.7717899084091187], [0.8680592775344849, -0.2245764434337616, 0.41544419527053833, -0.15311624109745026], [0.47867345809936523, -0.02099515125155449, -0.07453534007072449, -0.8745716214179993], [0.8670029640197754, 0.45437097549438477, -0.19927626848220825, 0.04628081992268562], [0.0005369005957618356, 0.6160427331924438, -0.031228307634592056, -0.7870932817459106], [0.8455643653869629, -0.038523074239492416, -0.5233608484268188, -0.09813328087329865], [0.3678685426712036, 0.00025019163149408996, 0.018007315695285797, -0.9297033548355103], [0.9314992427825928, -0.32067471742630005, 0.15516404807567596, -0.0734909400343895]], "joint_names": ["Hips", "LeftUpLeg", "LeftLeg", "LeftFoot", "LeftToe", "RightUpLeg", "RightLeg", "RightFoot", "RightToe", "Spine", "Spine1", "Spine2", "Neck", "Head", "LeftShoulder", "LeftArm", "LeftForeArm", "LeftHand", "RightShoulder", "RightArm", "RightForeArm", "RightHand"]}