{"root_pos": [-101.71057891845703, 86.77706909179688, -40.61056137084961], "local_quat": [[-0.1986541599035263, -0.6742698550224304, -0.6776537895202637, -0.216060072183609], [0.030195659026503563, -0.14336593449115753, -0.9817648530006409, -0.12112852185964584], [0.9636042714118958, 0.11326631903648376, -0.04405057057738304, -0.2381117194890976], [0.7990591526031494, 0.007268891669809818, -0.1578662246465683, 0.5801119804382324], [0.9806162118911743, -0.008332458324730396, 0.00733565678820014, 0.195623517036438], [0.008677729405462742, 0.22050493955612183, 0.9638117551803589, -0.14956358075141907], [0.8965925574302673, -0.1313093900680542, -0.02550557628273964, -0.4221719801425934], [0.805831789970398, -0.08337012678384781, 0.03855278715491295, 0.5849771499633789], [0.9825624227523804, -0.002154241083189845, 0.005452950485050678, 0.1858404278755188], [0.988713800907135, -0.01991112157702446, 0.017711030319333076, 0.14742764830589294], [0.9887534976005554, -0.04061516374349594, 0.028443539515137672, 0.14109522104263306], [0.9913833737373352, -0.043252576142549515, 0.0328931100666523, 0.1191900372505188], [0.968770444393158, -0.1468011885881424, -0.19719289243221283, -0.03237415850162506], [0.9264435172080994, -0.2865915894508362, 0.24220745265483856, -0.0300529133528471], [-0.01773112453520298, -0.6258135437965393, 0.024530118331313133, -0.7793852090835571], [0.844027042388916, -0.22628651559352875, 0.4613075256347656, -0.15364904701709747], [0.45514050126075745, -0.015066122636198997, -0.06475715339183807, -0.8879338502883911], [0.8780808448791504, 0.43629544973373413, -0.1921337991952896, 0.041290219873189926], [0.005246907938271761, 0.6140945553779602, -0.035728972405195236, -0.7884058952331543], [0.84494948387146, -0.059461820870637894, -0.5217620730400085, -0.10143421590328217], [0.4142950773239136, -0.0004548850702121854, 0.02354290895164013, -0.9098379611968994], [0.9341638088226318, -0.3047466576099396, 0.1738985776901245, -0.06501355022192001]], "joint_names": ["Hips", "LeftUpLeg", "LeftLeg", "LeftFoot", "LeftToe", "RightUpLeg", "RightLeg", "RightFoot", "RightToe", "Spine", "Spine1", "Spine2", "Neck", "Head", "LeftShoulder", "LeftArm", "LeftForeArm", "LeftHand", "RightShoulder", "RightArm", "RightForeArm", "RightHand"]}