{"root_pos": [-88.64236450195312, 88.16771697998047, -31.81603240966797], "local_quat": [[-0.30280667543411255, -0.6407660245895386, -0.6482909321784973, -0.2782910168170929], [0.010809380561113358, -0.261196494102478, -0.9524213075637817, -0.1566949039697647], [0.8736142516136169, 0.10269980132579803, -0.011825932189822197, -0.4755113422870636], [0.7943657636642456, -0.02510138787329197, -0.16642816364765167, 0.5836562514305115], [0.9800990223884583, -0.009252375923097134, 0.010178893804550171, 0.19803185760974884], [0.0038651826325803995, 0.23455871641635895, 0.9623469710350037, -0.13731518387794495], [0.9166795015335083, -0.14903636276721954, 0.0011772963916882873, -0.3707904517650604], [0.8455259799957275, -0.08628705888986588, 0.0890561193227768, 0.5193355083465576], [0.9824042320251465, -0.0027229459956288338, 0.007389009930193424, 0.18660081923007965], [0.9878870248794556, -0.01185472309589386, 0.016602348536252975, 0.1538277268409729], [0.9883967638015747, -0.029497867450118065, 0.02184695191681385, 0.14739204943180084], [0.9910551905632019, -0.031875476241111755, 0.029203057289123535, 0.12625622749328613], [0.9679446816444397, -0.1376253217458725, -0.2092834711074829, -0.01851094514131546], [0.9290875792503357, -0.27982208132743835, 0.23731829226016998, -0.046646200120449066], [-0.01835585944354534, -0.636879026889801, 0.02438957989215851, -0.770359218120575], [0.8806102871894836, -0.21321457624435425, 0.39168688654899597, -0.16014494001865387], [0.5091301798820496, -0.025325004011392593, -0.08320427685976028, -0.856283962726593], [0.8625943660736084, 0.4586069881916046, -0.20702651143074036, 0.052446845918893814], [-0.0018555250717326999, 0.6139249205589294, -0.02907758206129074, -0.788826584815979], [0.8429398536682129, -0.02409396693110466, -0.5286625623703003, -0.09689105302095413], [0.35533279180526733, 0.0012846215395256877, 0.01713665947318077, -0.9345818758010864], [0.9305009841918945, -0.32448089122772217, 0.15226459503173828, -0.07546856254339218]], "joint_names": ["Hips", "LeftUpLeg", "LeftLeg", "LeftFoot", "LeftToe", "RightUpLeg", "RightLeg", "RightFoot", "RightToe", "Spine", "Spine1", "Spine2", "Neck", "Head", "LeftShoulder", "LeftArm", "LeftForeArm", "LeftHand", "RightShoulder", "RightArm", "RightForeArm", "RightHand"]}