{"root_pos": [-84.94248962402344, 88.04985809326172, -29.040813446044922], "local_quat": [[-0.338439017534256, -0.6222524046897888, -0.6364368796348572, -0.3053015172481537], [-0.00022622810502070934, -0.2869096100330353, -0.9445852637290955, -0.15950387716293335], [0.8277272582054138, 0.0960981696844101, 0.0007387502118945122, -0.552839994430542], [0.7822318077087402, -0.03164668008685112, -0.15926338732242584, 0.6014540195465088], [0.979973316192627, -0.009633243083953857, 0.010919174179434776, 0.19859571754932404], [0.0034443254116922617, 0.2539873719215393, 0.9578481912612915, -0.13418428599834442], [0.9130507111549377, -0.15497557818889618, 0.00504295714199543, -0.37722092866897583], [0.8450843095779419, -0.09316010028123856, 0.09035692363977432, 0.5186418294906616], [0.9823862910270691, -0.002903599292039871, 0.007901830598711967, 0.18667146563529968], [0.9878063201904297, -0.010863341391086578, 0.01625666208565235, 0.1544552892446518], [0.9882473945617676, -0.028168972581624985, 0.019261393696069717, 0.1490049958229065], [0.9909001588821411, -0.03009091503918171, 0.027734268456697464, 0.12822683155536652], [0.9687697887420654, -0.1316106915473938, -0.20971547067165375, -0.013528495095670223], [0.9323711395263672, -0.27298733592033386, 0.23102274537086487, -0.052824966609478], [-0.01921209692955017, -0.6363576650619507, 0.023727167397737503, -0.7707897424697876], [0.8891726136207581, -0.19982995092868805, 0.3766676187515259, -0.16601687669754028], [0.5371833443641663, -0.029287507757544518, -0.09078679978847504, -0.8380537033081055], [0.8572862148284912, 0.4642627239227295, -0.2149965614080429, 0.057418789714574814], [-0.003722480731084943, 0.6097139120101929, -0.027589770033955574, -0.7921324372291565], [0.8385378122329712, -0.011376126669347286, -0.536453366279602, -0.09456588327884674], [0.35163936018943787, 0.002825906267389655, 0.0178363136947155, -0.9359613060951233], [0.9300011992454529, -0.32458633184432983, 0.15499506890773773, -0.07561807334423065]], "joint_names": ["Hips", "LeftUpLeg", "LeftLeg", "LeftFoot", "LeftToe", "RightUpLeg", "RightLeg", "RightFoot", "RightToe", "Spine", "Spine1", "Spine2", "Neck", "Head", "LeftShoulder", "LeftArm", "LeftForeArm", "LeftHand", "RightShoulder", "RightArm", "RightForeArm", "RightHand"]}