{"root_pos": [-28.064157485961914, 80.402099609375, 20.878313064575195], "local_quat": [[-0.5571607351303101, -0.4713628888130188, -0.494490385055542, -0.4720892012119293], [-0.08691774308681488, -0.517181396484375, -0.8477566242218018, -0.07923009991645813], [0.7726346254348755, 0.05646399408578873, 0.02675267867743969, -0.6317688226699829], [0.6748645901679993, -0.055196188390254974, -0.11743629723787308, 0.7264432907104492], [0.9775658249855042, -0.01543757226318121, 0.02201526053249836, 0.20890675485134125], [0.06584982573986053, 0.04573940113186836, 0.9967612624168396, -0.006227573845535517], [0.8634587526321411, -0.17088419198989868, 0.010507151484489441, -0.47447559237480164], [0.7650089263916016, -0.08527833223342896, 0.16700002551078796, 0.6161168217658997], [0.982296884059906, -0.004100504796952009, 0.016581380739808083, 0.18655037879943848], [0.9899365901947021, -0.014045500196516514, 0.012757557444274426, 0.1402338296175003], [0.9907293915748596, -0.02800254337489605, -0.014867959544062614, 0.1320987045764923], [0.992756187915802, -0.03337782993912697, 0.001568221254274249, 0.11540602892637253], [0.9700693488121033, -0.11222703754901886, -0.21491165459156036, 0.013544668443500996], [0.9557707905769348, -0.2448413074016571, 0.15668974816799164, -0.044758062809705734], [-0.04343387857079506, -0.5640106201171875, 0.0019236808875575662, -0.8246222734451294], [0.8746016621589661, 0.016834475100040436, 0.44908425211906433, -0.18196696043014526], [0.7117416858673096, -0.0622519850730896, -0.12835398316383362, -0.6878036260604858], [0.8311424851417542, 0.5036028027534485, -0.21286241710186005, 0.10137026011943817], [-0.020919669419527054, 0.5936740040779114, -0.01202649250626564, -0.8043438196182251], [0.8017023205757141, 0.2125651091337204, -0.5365844964981079, -0.15545602142810822], [0.286846399307251, 0.019184095785021782, 0.013595126569271088, -0.9576879143714905], [0.91532963514328, -0.36589744687080383, 0.14665962755680084, -0.08235099911689758]], "joint_names": ["Hips", "LeftUpLeg", "LeftLeg", "LeftFoot", "LeftToe", "RightUpLeg", "RightLeg", "RightFoot", "RightToe", "Spine", "Spine1", "Spine2", "Neck", "Head", "LeftShoulder", "LeftArm", "LeftForeArm", "LeftHand", "RightShoulder", "RightArm", "RightForeArm", "RightHand"]}