{"root_pos": [-58.54969787597656, 81.1924819946289, -6.775329113006592], "local_quat": [[-0.4764062762260437, -0.5508356690406799, -0.5556298494338989, -0.4011141359806061], [-0.059663258492946625, -0.38987457752227783, -0.9113096594810486, -0.11812179535627365], [0.6248217225074768, 0.06511202454566956, 0.044538870453834534, -0.7767718434333801], [0.6768590211868286, -0.045456334948539734, -0.10533487051725388, 0.7271177172660828], [0.97911536693573, -0.012932113371789455, 0.015694353729486465, 0.2022857815027237], [-0.0004591946490108967, 0.2454453557729721, 0.9641391038894653, -0.10095583647489548], [0.8784335255622864, -0.18346938490867615, 0.024086371064186096, -0.44058308005332947], [0.7079761028289795, -0.12110836803913116, 0.11392133682966232, 0.6863851547241211], [0.9825177192687988, -0.003281650133430958, 0.010875733569264412, 0.18582212924957275], [0.9878432750701904, -0.013994591310620308, 0.021801084280014038, 0.1532789021730423], [0.9879028797149658, -0.02836070954799652, 0.016260555014014244, 0.1515887826681137], [0.9899013638496399, -0.03034019283950329, 0.029124006628990173, 0.13537569344043732], [0.9768767952919006, -0.108490951359272, -0.18420560657978058, -0.0031362439040094614], [0.9553833603858948, -0.2347298115491867, 0.16426581144332886, -0.0718422457575798], [-0.03230069950222969, -0.5889129638671875, 0.009235149249434471, -0.8074979186058044], [0.8678984642028809, -0.04912765324115753, 0.46250346302986145, -0.17443975806236267], [0.659390389919281, -0.05132529139518738, -0.11769507080316544, -0.7407549619674683], [0.8244547247886658, 0.5111854076385498, -0.23205424845218658, 0.07151700556278229], [-0.0066374437883496284, 0.5834801197052002, -0.027602167800068855, -0.8116311430931091], [0.8216841816902161, 0.1335413008928299, -0.5326662659645081, -0.15254035592079163], [0.3482752740383148, 0.015135571360588074, 0.02313850075006485, -0.9369844198226929], [0.9261487126350403, -0.32640570402145386, 0.17391838133335114, -0.07389459013938904]], "joint_names": ["Hips", "LeftUpLeg", "LeftLeg", "LeftFoot", "LeftToe", "RightUpLeg", "RightLeg", "RightFoot", "RightToe", "Spine", "Spine1", "Spine2", "Neck", "Head", "LeftShoulder", "LeftArm", "LeftForeArm", "LeftHand", "RightShoulder", "RightArm", "RightForeArm", "RightHand"]}