{"root_pos": [-40.142356872558594, 79.11583709716797, 8.297746658325195], "local_quat": [[-0.5308728218078613, -0.5109383463859558, -0.5146291851997375, -0.4384894371032715], [-0.08389092981815338, -0.49710172414779663, -0.8586322069168091, -0.09275143593549728], [0.684092104434967, 0.05183925852179527, 0.04637189954519272, -0.726071834564209], [0.6608323454856873, -0.05004076287150383, -0.08878690004348755, 0.7435814738273621], [0.9783793091773987, -0.014744519256055355, 0.019341114908456802, 0.20538358390331268], [0.041043028235435486, 0.14004160463809967, 0.9881469011306763, -0.04763907194137573], [0.865193784236908, -0.17813469469547272, 0.015302364714443684, -0.46848008036613464], [0.6948036551475525, -0.10564664006233215, 0.14065591990947723, 0.6973538398742676], [0.9824249148368835, -0.0037567573599517345, 0.013844381086528301, 0.1861061304807663], [0.9884697198867798, -0.01624397560954094, 0.015773901715874672, 0.14971601963043213], [0.9886855483055115, -0.031347546726465225, -0.0031267923768609762, 0.14665737748146057], [0.9908422231674194, -0.035136155784130096, 0.012306297197937965, 0.129790797829628], [0.9759448766708374, -0.10467226058244705, -0.19124683737754822, -1.2101804713893216e-05], [0.9601110816001892, -0.229648619890213, 0.14481495320796967, -0.06690935045480728], [-0.0441398061811924, -0.5667165517807007, -0.0012861505383625627, -0.8227286338806152], [0.8598594665527344, 0.009182621724903584, 0.4735388457775116, -0.19057372212409973], [0.7026635408401489, -0.061384111642837524, -0.12836436927318573, -0.6971502900123596], [0.8212159276008606, 0.5120704174041748, -0.23806029558181763, 0.08194874972105026], [-0.012927202507853508, 0.5790250301361084, -0.021396519616246223, -0.8149264454841614], [0.7973263263702393, 0.19389475882053375, -0.5442826747894287, -0.1744474619626999], [0.3113464117050171, 0.018128830939531326, 0.016756458207964897, -0.9499757885932922], [0.9203635454177856, -0.3524303138256073, 0.15046368539333344, -0.07800371199846268]], "joint_names": ["Hips", "LeftUpLeg", "LeftLeg", "LeftFoot", "LeftToe", "RightUpLeg", "RightLeg", "RightFoot", "RightToe", "Spine", "Spine1", "Spine2", "Neck", "Head", "LeftShoulder", "LeftArm", "LeftForeArm", "LeftHand", "RightShoulder", "RightArm", "RightForeArm", "RightHand"]}