{"root_pos": [-10.886701583862305, 81.0245361328125, 43.15160369873047], "local_quat": [[-0.5765154957771301, -0.4229353368282318, -0.4890308678150177, -0.4996044337749481], [-0.09589097648859024, -0.4149395227432251, -0.8996807932853699, -0.09594012796878815], [0.8769114017486572, 0.08108175545930862, -0.01825513318181038, -0.4734119772911072], [0.695347785949707, -0.048639725893735886, -0.17798981070518494, 0.6945827603340149], [0.9761078953742981, -0.016303177922964096, 0.0267348475754261, 0.21501854062080383], [0.06546200066804886, -0.04037019610404968, 0.9967252016067505, 0.02497783675789833], [0.8225851655006409, -0.1698550581932068, 0.003948494326323271, -0.5426668524742126], [0.8154754638671875, -0.06562934815883636, 0.1945119947195053, 0.5411632657051086], [0.9823929071426392, -0.004198434296995401, 0.020244542509317398, 0.18567876517772675], [0.9925567507743835, 0.0012089128140360117, 0.010846036486327648, 0.12129300087690353], [0.9934878349304199, 0.0024870813358575106, -0.02829989604651928, 0.11033967137336731], [0.9952411651611328, -0.008310195989906788, -0.0051301755011081696, 0.09695159643888474], [0.9523872137069702, -0.12530966103076935, -0.275316447019577, 0.03817002847790718], [0.9368215203285217, -0.2814509868621826, 0.20737458765506744, -0.012105182744562626], [-0.023112181574106216, -0.5638954043388367, 0.028866920620203018, -0.8250179290771484], [0.9139032363891602, -0.023746181279420853, 0.3772287964820862, -0.14803862571716309], [0.6712043285369873, -0.06295834481716156, -0.12346220016479492, -0.7282019257545471], [0.8430113196372986, 0.49196332693099976, -0.18248005211353302, 0.118342325091362], [-0.03685583919286728, 0.6110360622406006, 0.008357427082955837, -0.7907001376152039], [0.8121728897094727, 0.13949458301067352, -0.5527787804603577, -0.12390341609716415], [0.33064889907836914, 0.026484185829758644, 0.02357901819050312, -0.9430874586105347], [0.9160373210906982, -0.36491215229034424, 0.15009400248527527, -0.07201790809631348]], "joint_names": ["Hips", "LeftUpLeg", "LeftLeg", "LeftFoot", "LeftToe", "RightUpLeg", "RightLeg", "RightFoot", "RightToe", "Spine", "Spine1", "Spine2", "Neck", "Head", "LeftShoulder", "LeftArm", "LeftForeArm", "LeftHand", "RightShoulder", "RightArm", "RightForeArm", "RightHand"]}