{"root_pos": [-15.531312942504883, 81.22149658203125, 35.18999481201172], "local_quat": [[-0.5726413130760193, -0.4350070655345917, -0.4886654019355774, -0.4940212368965149], [-0.09507648646831512, -0.46574869751930237, -0.8755292296409607, -0.08652843534946442], [0.8509818315505981, 0.07302827388048172, -0.004129777196794748, -0.5200766921043396], [0.6887211203575134, -0.05472207069396973, -0.16333992779254913, 0.7042648196220398], [0.9766041040420532, -0.016042398288846016, 0.025298308581113815, 0.2129482924938202], [0.0709228515625, -0.018293559551239014, 0.9970709085464478, 0.02202041819691658], [0.8432027101516724, -0.16900575160980225, 0.007326067890971899, -0.5102867484092712], [0.8050491809844971, -0.06920542567968369, 0.18966323137283325, 0.5577940940856934], [0.9823384881019592, -0.004306470975279808, 0.01909755729138851, 0.1860855668783188], [0.9915609359741211, -0.0047590471804142, 0.01197634544223547, 0.12899966537952423], [0.9927184581756592, -0.00861411914229393, -0.022965187206864357, 0.11793404817581177], [0.9944571256637573, -0.018330827355384827, -0.002446010010316968, 0.10350309312343597], [0.958621621131897, -0.12223004549741745, -0.2554219961166382, 0.029393579810857773], [0.9437254071235657, -0.27046823501586914, 0.18909336626529694, -0.02175043895840645], [-0.030885305255651474, -0.5665249228477478, 0.019037315621972084, -0.8232455253601074], [0.9062013030052185, -0.007388773839920759, 0.3953695297241211, -0.14975911378860474], [0.6907561421394348, -0.06274843961000443, -0.12600792944431305, -0.7092535495758057], [0.8417981863021851, 0.49268317222595215, -0.18713945150375366, 0.11669570952653885], [-0.03265068307518959, 0.6084353923797607, 0.00206687836907804, -0.7929287552833557], [0.8121564388275146, 0.17372635006904602, -0.5411288142204285, -0.1319114863872528], [0.309055358171463, 0.023104466497898102, 0.019317373633384705, -0.9505670666694641], [0.9158021211624146, -0.36488622426986694, 0.14936454594135284, -0.07651687413454056]], "joint_names": ["Hips", "LeftUpLeg", "LeftLeg", "LeftFoot", "LeftToe", "RightUpLeg", "RightLeg", "RightFoot", "RightToe", "Spine", "Spine1", "Spine2", "Neck", "Head", "LeftShoulder", "LeftArm", "LeftForeArm", "LeftHand", "RightShoulder", "RightArm", "RightForeArm", "RightHand"]}