{"root_pos": [-64.05818176269531, 82.50265502929688, -11.610918045043945], "local_quat": [[-0.45203152298927307, -0.561240017414093, -0.574750542640686, -0.38773563504219055], [-0.04715099185705185, -0.36218881607055664, -0.9218007326126099, -0.12992039322853088], [0.6430988311767578, 0.07121367007493973, 0.03848091885447502, -0.7614930868148804], [0.6930922269821167, -0.04344720020890236, -0.11630380153656006, 0.7100766897201538], [0.9792869091033936, -0.01222760509699583, 0.014717032201588154, 0.2015717774629593], [-0.00021786842262372375, 0.25641682744026184, 0.9605410099029541, -0.10775569826364517], [0.8897194862365723, -0.1783711463212967, 0.02200493775308132, -0.4196411967277527], [0.7402210831642151, -0.12235088646411896, 0.10024233907461166, 0.6534940004348755], [0.9824976325035095, -0.003106143092736602, 0.010272585786879063, 0.1859656125307083], [0.9880092144012451, -0.012605205178260803, 0.019855665042996407, 0.15259289741516113], [0.9881598949432373, -0.027313217520713806, 0.01564592309296131, 0.15016378462314606], [0.9902292490005493, -0.029024813324213028, 0.02772757038474083, 0.13354672491550446], [0.9753439426422119, -0.1130562275648117, -0.18948937952518463, -0.004021140281111002], [0.9506663680076599, -0.24268116056919098, 0.18061646819114685, -0.06868038326501846], [-0.028273535892367363, -0.5997223854064941, 0.01315233763307333, -0.79960036277771], [0.8770162463188171, -0.07641398906707764, 0.44137388467788696, -0.17376038432121277], [0.6413729786872864, -0.04645819962024689, -0.11295444518327713, -0.7574455142021179], [0.8307313323020935, 0.503054141998291, -0.22787384688854218, 0.06996719539165497], [-0.0063474648632109165, 0.588724672794342, -0.02732659876346588, -0.8078466057777405], [0.8274334669113159, 0.10629865527153015, -0.5346616506576538, -0.13487508893013], [0.34969934821128845, 0.012803075835108757, 0.02266751229763031, -0.9365002512931824], [0.9262851476669312, -0.32436010241508484, 0.17662063241004944, -0.07477688044309616]], "joint_names": ["Hips", "LeftUpLeg", "LeftLeg", "LeftFoot", "LeftToe", "RightUpLeg", "RightLeg", "RightFoot", "RightToe", "Spine", "Spine1", "Spine2", "Neck", "Head", "LeftShoulder", "LeftArm", "LeftForeArm", "LeftHand", "RightShoulder", "RightArm", "RightForeArm", "RightHand"]}