{"root_pos": [-52.94458770751953, 80.10762023925781, -2.344522476196289], "local_quat": [[-0.4992368817329407, -0.538453996181488, -0.5389263033866882, -0.41278111934661865], [-0.07121267914772034, -0.42462027072906494, -0.8960233926773071, -0.10848291218280792], [0.624584972858429, 0.059541381895542145, 0.048213232308626175, -0.7771897315979004], [0.6659648418426514, -0.046484384685754776, -0.09508859366178513, 0.7384363412857056], [0.9789307117462158, -0.013654924929141998, 0.01676400564610958, 0.203045055270195], [0.007116992957890034, 0.21937745809555054, 0.9714529514312744, -0.09001081436872482], [0.8717026710510254, -0.184310644865036, 0.02324630320072174, -0.45345747470855713], [0.6842725276947021, -0.116612009704113, 0.12609295547008514, 0.7087125182151794], [0.9825176000595093, -0.003433996345847845, 0.011666744016110897, 0.18577229976654053], [0.9876161813735962, -0.015178754925727844, 0.022162899374961853, 0.15457287430763245], [0.9876223206520081, -0.029488729313015938, 0.014023717492818832, 0.15341393649578094], [0.9896634221076965, -0.03199908509850502, 0.027673736214637756, 0.13702750205993652], [0.9775869250297546, -0.10511510074138641, -0.18237562477588654, -0.0037283115088939667], [0.9587474465370178, -0.22911788523197174, 0.1507747769355774, -0.07466812431812286], [-0.03703227639198303, -0.5793127417564392, 0.0048040589317679405, -0.8142495155334473], [0.8608518242835999, -0.023483881726861, 0.47644543647766113, -0.1771508753299713], [0.6780961751937866, -0.05590558052062988, -0.12279420346021652, -0.7224830389022827], [0.8208258152008057, 0.5145522356033325, -0.23664537072181702, 0.0740271657705307], [-0.008054072968661785, 0.5784995555877686, -0.02652040310204029, -0.8152117133140564], [0.8142321705818176, 0.15791329741477966, -0.5326933860778809, -0.1683063805103302], [0.3423006236553192, 0.01691354624927044, 0.022491883486509323, -0.9391689896583557], [0.9255961179733276, -0.33078494668006897, 0.1685628443956375, -0.07375434041023254]], "joint_names": ["Hips", "LeftUpLeg", "LeftLeg", "LeftFoot", "LeftToe", "RightUpLeg", "RightLeg", "RightFoot", "RightToe", "Spine", "Spine1", "Spine2", "Neck", "Head", "LeftShoulder", "LeftArm", "LeftForeArm", "LeftHand", "RightShoulder", "RightArm", "RightForeArm", "RightHand"]}