{"root_pos": [-46.839412689208984, 79.47102355957031, 2.525667190551758], "local_quat": [[-0.5169817805290222, -0.525948166847229, -0.5256782174110413, -0.42399391531944275], [-0.08048355579376221, -0.46360722184181213, -0.8765222430229187, -0.10148598998785019], [0.6451287269592285, 0.05500922352075577, 0.04890451207756996, -0.760520339012146], [0.6624534130096436, -0.04655420407652855, -0.08729059994220734, 0.7425419688224792], [0.9786993265151978, -0.01428302749991417, 0.017991844564676285, 0.20400941371917725], [0.022483263164758682, 0.18329578638076782, 0.9802462458610535, -0.07081227749586105], [0.8673511743545532, -0.181551992893219, 0.019279686734080315, -0.46300008893013], [0.6785721778869629, -0.11043550074100494, 0.1349535882472992, 0.7135343551635742], [0.9824846386909485, -0.003596206195652485, 0.012652886100113392, 0.18587882816791534], [0.9878363013267517, -0.015842845663428307, 0.01943957433104515, 0.15346139669418335], [0.9878981113433838, -0.030439069494605064, 0.00625583017244935, 0.15195909142494202], [0.9900237321853638, -0.03363392874598503, 0.020881224423646927, 0.13522501289844513], [0.9773483276367188, -0.10316460579633713, -0.18476468324661255, -0.003031102241948247], [0.9604907631874084, -0.2267085611820221, 0.14380747079849243, -0.07334887236356735], [-0.04125131666660309, -0.5717207193374634, 0.0010259196860715747, -0.819409966468811], [0.8585619330406189, -0.0026382484938949347, 0.4788517951965332, -0.18320831656455994], [0.6933251023292542, -0.05943887308239937, -0.1266707479953766, -0.7069101333618164], [0.8195833563804626, 0.5148457288742065, -0.23930570483207703, 0.07713446021080017], [-0.010425915010273457, 0.5762523412704468, -0.02415546402335167, -0.8168483376502991], [0.8050399422645569, 0.17870309948921204, -0.5373383164405823, -0.17675769329071045], [0.3293210566043854, 0.017881909385323524, 0.020170792937278748, -0.9438331127166748], [0.9237770438194275, -0.33973193168640137, 0.15989480912685394, -0.0751781165599823]], "joint_names": ["Hips", "LeftUpLeg", "LeftLeg", "LeftFoot", "LeftToe", "RightUpLeg", "RightLeg", "RightFoot", "RightToe", "Spine", "Spine1", "Spine2", "Neck", "Head", "LeftShoulder", "LeftArm", "LeftForeArm", "LeftHand", "RightShoulder", "RightArm", "RightForeArm", "RightHand"]}