{"root_pos": [-34.193931579589844, 79.61821746826172, 14.58132553100586], "local_quat": [[-0.5448570847511292, -0.4920123219490051, -0.503499448299408, -0.45556876063346863], [-0.0834151953458786, -0.5176061391830444, -0.8473653793334961, -0.0842471644282341], [0.7297424077987671, 0.051592350006103516, 0.039402108639478683, -0.6806332468986511], [0.667247474193573, -0.054478589445352554, -0.09987233579158783, 0.7360967397689819], [0.9779902100563049, -0.015086589381098747, 0.02059313841164112, 0.20708346366882324], [0.05526202172040939, 0.08839330077171326, 0.9942129254341125, -0.02595042996108532], [0.8658473491668701, -0.17425882816314697, 0.012705725617706776, -0.46880781650543213], [0.7295346856117249, -0.09849146753549576, 0.1496431827545166, 0.660064697265625], [0.982354998588562, -0.003918003756552935, 0.015155958011746407, 0.18636976182460785], [0.9892878532409668, -0.0161756481975317, 0.013135230168700218, 0.14448344707489014], [0.989778995513916, -0.03158196434378624, -0.010709527879953384, 0.13865529000759125], [0.991887092590332, -0.03598989173769951, 0.005233033560216427, 0.12180851399898529], [0.9737028479576111, -0.10745591670274734, -0.2008213847875595, 0.005167046561837196], [0.9588434100151062, -0.23507174849510193, 0.149004265666008, -0.056199826300144196], [-0.04525580257177353, -0.5640293955802917, -0.0014612858649343252, -0.8245123624801636], [0.8636614084243774, 0.013343905098736286, 0.4646453261375427, -0.19497601687908173], [0.7086957693099976, -0.06221466138958931, -0.12882815301418304, -0.6908566951751709], [0.8255545496940613, 0.5075397491455078, -0.22959768772125244, 0.09026633203029633], [-0.015949007123708725, 0.5857016444206238, -0.017747709527611732, -0.8101754784584045], [0.7959482073783875, 0.20379558205604553, -0.5455408692359924, -0.16528436541557312], [0.2960045337677002, 0.01842055842280388, 0.014394916594028473, -0.9549003839492798], [0.9171046614646912, -0.3625324070453644, 0.1448400467634201, -0.08068888634443283]], "joint_names": ["Hips", "LeftUpLeg", "LeftLeg", "LeftFoot", "LeftToe", "RightUpLeg", "RightLeg", "RightFoot", "RightToe", "Spine", "Spine1", "Spine2", "Neck", "Head", "LeftShoulder", "LeftArm", "LeftForeArm", "LeftHand", "RightShoulder", "RightArm", "RightForeArm", "RightHand"]}