{"root_pos": [-22.323017120361328, 81.08863067626953, 27.750938415527344], "local_quat": [[-0.5668801069259644, -0.45161476731300354, -0.48997947573661804, -0.48436683416366577], [-0.09093862026929855, -0.5015663504600525, -0.8564856052398682, -0.08120233565568924], [0.8160717487335205, 0.06424981355667114, 0.011111360974609852, -0.5742606520652771], [0.6814315319061279, -0.05622505396604538, -0.1419467031955719, 0.7157800197601318], [0.9771090149879456, -0.015651339665055275, 0.023448390886187553, 0.2108631730079651], [0.071950264275074, 0.010537959635257721, 0.9972727298736572, 0.012617279775440693], [0.8559845089912415, -0.16922421753406525, 0.009126292541623116, -0.4884367287158966], [0.7905179858207703, -0.07483672350645065, 0.18206478655338287, 0.5799424648284912], [0.9822824001312256, -0.004200778901576996, 0.018033767119050026, 0.18648973107337952], [0.990700900554657, -0.009382544085383415, 0.01231465209275484, 0.1351740062236786], [0.9917498826980591, -0.020100513473153114, -0.018631653860211372, 0.12522397935390472], [0.9937018752098083, -0.02663407102227211, -0.000980796874500811, 0.10884014517068863], [0.9648856520652771, -0.11746399849653244, -0.23393186926841736, 0.02176816016435623], [0.9503729343414307, -0.2575843334197998, 0.17126908898353577, -0.0332944430410862], [-0.03780609741806984, -0.5661014914512634, 0.009675553999841213, -0.8234113454818726], [0.8918657898902893, 0.007248613052070141, 0.42152780294418335, -0.16382043063640594], [0.7050224542617798, -0.062325961887836456, -0.1275135576725006, -0.6948374509811401], [0.8367647528648376, 0.4981432855129242, -0.19871078431606293, 0.11041687428951263], [-0.0268974881619215, 0.6021059155464172, -0.005021743476390839, -0.7979472875595093], [0.80892014503479, 0.20361530780792236, -0.5324336886405945, -0.1438867300748825], [0.2920662760734558, 0.0210360549390316, 0.015345051884651184, -0.9560436010360718], [0.9153156876564026, -0.3652174770832062, 0.14948253333568573, -0.08042614907026291]], "joint_names": ["Hips", "LeftUpLeg", "LeftLeg", "LeftFoot", "LeftToe", "RightUpLeg", "RightLeg", "RightFoot", "RightToe", "Spine", "Spine1", "Spine2", "Neck", "Head", "LeftShoulder", "LeftArm", "LeftForeArm", "LeftHand", "RightShoulder", "RightArm", "RightForeArm", "RightHand"]}