{"root_pos": [20.15508460998535, 75.64875793457031, 124.0312271118164], "local_quat": [[-0.5703579783439636, -0.272867888212204, -0.5675263404846191, -0.5273981094360352], [-0.07861100882291794, -0.20348741114139557, -0.9269842505455017, -0.3051450252532959], [0.9579308032989502, 0.08953428268432617, -0.022126831114292145, -0.27177706360816956], [0.5787133574485779, -0.024485018104314804, -0.16380392014980316, 0.798535943031311], [0.9702755808830261, -0.020318303257226944, 0.038361091166734695, 0.23807716369628906], [0.12027837336063385, 0.20109312236309052, 0.9717592597007751, -0.027903513982892036], [0.5124568939208984, -0.1895647794008255, -0.02859259955585003, -0.8370397686958313], [0.7628942728042603, -0.057730212807655334, 0.2303176075220108, 0.6013429164886475], [0.984065592288971, -0.0025841782335191965, 0.029941502958536148, 0.17524756491184235], [0.9920005202293396, -0.02293352223932743, 0.002790936268866062, 0.12410204112529755], [0.9862154722213745, -0.044374626129865646, -0.043755289167165756, 0.1532822847366333], [0.9871453642845154, -0.06828605383634567, 0.014361794106662273, 0.14378765225410461], [0.9583457708358765, -0.07894525676965714, -0.2489061802625656, 0.11570090055465698], [0.9529924988746643, -0.23724877834320068, 0.17402906715869904, -0.07233385741710663], [-0.07891121506690979, -0.601834774017334, -0.014370866119861603, -0.7945825457572937], [0.8400672078132629, -0.2934114336967468, 0.12790027260780334, -0.4379935562610626], [0.6169067025184631, -0.08067860454320908, -0.12770724296569824, -0.7724040150642395], [0.8474811315536499, 0.48825883865356445, -0.12603093683719635, 0.16581696271896362], [-0.015159482136368752, 0.6135858297348022, -0.0029307049699127674, -0.7894771099090576], [0.8035179376602173, 0.03053898736834526, -0.5931482911109924, -0.040019143372774124], [0.4653382897377014, 0.05619325488805771, 0.06391127407550812, -0.8810323476791382], [0.9229745268821716, -0.33319932222366333, 0.1871623694896698, -0.045459289103746414]], "joint_names": ["Hips", "LeftUpLeg", "LeftLeg", "LeftFoot", "LeftToe", "RightUpLeg", "RightLeg", "RightFoot", "RightToe", "Spine", "Spine1", "Spine2", "Neck", "Head", "LeftShoulder", "LeftArm", "LeftForeArm", "LeftHand", "RightShoulder", "RightArm", "RightForeArm", "RightHand"]}