{"root_pos": [11.122186660766602, 75.72897338867188, 90.64256286621094], "local_quat": [[-0.5888708233833313, -0.36178407073020935, -0.5016466379165649, -0.5202826857566833], [-0.09610014408826828, -0.2758150100708008, -0.92847740650177, -0.22939179837703705], [0.9121934771537781, 0.09988868236541748, -0.036815494298934937, -0.39568912982940674], [0.5611436367034912, 0.0029522504191845655, -0.14645448327064514, 0.8146533370018005], [0.9726792573928833, -0.018013419583439827, 0.03420836478471756, 0.22891081869602203], [0.07392452657222748, 0.11013277620077133, 0.991021454334259, 0.016802649945020676], [0.5122450590133667, -0.18925467133522034, -0.0187593474984169, -0.8375175595283508], [0.8363687992095947, -0.06133140251040459, 0.22066743671894073, 0.49802759289741516], [0.98322993516922, -0.004604662302881479, 0.025311041623353958, 0.18054655194282532], [0.994208574295044, 0.0030731805600225925, -0.006165536120533943, 0.1072462871670723], [0.9905804395675659, 0.012344284914433956, -0.06993450224399567, 0.1170770674943924], [0.9933685660362244, -0.011659291572868824, -0.02238404005765915, 0.11216889321804047], [0.9445300698280334, -0.12402726709842682, -0.28916051983833313, 0.09416072815656662], [0.923614501953125, -0.2925216555595398, 0.24597615003585815, -0.029375895857810974], [-0.03429139405488968, -0.5544019341468811, 0.02613075263798237, -0.831131637096405], [0.8952637314796448, -0.2034408152103424, 0.2514157295227051, -0.30643871426582336], [0.6395153999328613, -0.07915832847356796, -0.13129957020282745, -0.7533354759216309], [0.8369374871253967, 0.4968266487121582, -0.18310298025608063, 0.1384633481502533], [-0.0302695631980896, 0.6104201674461365, 0.008469091728329659, -0.7914539575576782], [0.7915436625480652, 0.009168852120637894, -0.6015084385871887, -0.1075282022356987], [0.48086977005004883, 0.05132615938782692, 0.06135476753115654, -0.8731354475021362], [0.9171860218048096, -0.3539726436138153, 0.1751735806465149, -0.052796054631471634]], "joint_names": ["Hips", "LeftUpLeg", "LeftLeg", "LeftFoot", "LeftToe", "RightUpLeg", "RightLeg", "RightFoot", "RightToe", "Spine", "Spine1", "Spine2", "Neck", "Head", "LeftShoulder", "LeftArm", "LeftForeArm", "LeftHand", "RightShoulder", "RightArm", "RightForeArm", "RightHand"]}