{"root_pos": [-2.9820964336395264, 80.01774597167969, 58.2406120300293], "local_quat": [[-0.5837674140930176, -0.4049648940563202, -0.4939497113227844, -0.5012312531471252], [-0.09229008853435516, -0.34705063700675964, -0.9234794974327087, -0.1349959522485733], [0.8872292637825012, 0.09360960870981216, -0.034392282366752625, -0.4504205286502838], [0.6856597065925598, -0.02018655091524124, -0.16983690857887268, 0.7075440883636475], [0.9750527739524841, -0.01684441976249218, 0.029292475432157516, 0.219386026263237], [0.06535090506076813, -0.012920135632157326, 0.9976012110710144, 0.0188171174377203], [0.7412921190261841, -0.1760145127773285, -0.005436680279672146, -0.6476690769195557], [0.8359958529472351, -0.05769062042236328, 0.20508868992328644, 0.5056889653205872], [0.982631266117096, -0.004657377488911152, 0.02155904658138752, 0.1842537820339203], [0.9937660098075867, 0.00735192745923996, 0.006604711525142193, 0.1110471859574318], [0.9933850765228271, 0.020317446440458298, -0.04433678835630417, 0.10395903140306473], [0.9953523874282837, 0.003140427637845278, -0.012758707627654076, 0.0953989326953888], [0.9445487260818481, -0.1309184432029724, -0.29596975445747375, 0.05558810010552406], [0.9262710809707642, -0.2955119013786316, 0.23378512263298035, -0.006259170826524496], [-0.019036319106817245, -0.5566792488098145, 0.03651733323931694, -0.8297061920166016], [0.9176856279373169, -0.07073280960321426, 0.34229177236557007, -0.1889081448316574], [0.6503537893295288, -0.06792806833982468, -0.12442611902952194, -0.7462866902351379], [0.8394085764884949, 0.49630874395370483, -0.18571817874908447, 0.12074682861566544], [-0.040715426206588745, 0.6112045645713806, 0.01551649160683155, -0.7902723550796509], [0.8055707812309265, 0.08139488101005554, -0.5722489356994629, -0.13023704290390015], [0.3861945569515228, 0.03415650501847267, 0.03760886192321777, -0.9210171699523926], [0.9164413213729858, -0.3620571792125702, 0.1576191633939743, -0.06485351920127869]], "joint_names": ["Hips", "LeftUpLeg", "LeftLeg", "LeftFoot", "LeftToe", "RightUpLeg", "RightLeg", "RightFoot", "RightToe", "Spine", "Spine1", "Spine2", "Neck", "Head", "LeftShoulder", "LeftArm", "LeftForeArm", "LeftHand", "RightShoulder", "RightArm", "RightForeArm", "RightHand"]}