{"root_pos": [19.601089477539062, 74.1476058959961, 115.94153594970703], "local_quat": [[-0.5779975056648254, -0.2974280118942261, -0.5438557267189026, -0.5307319164276123], [-0.0881776511669159, -0.21580368280410767, -0.9269200563430786, -0.294062077999115], [0.9445970058441162, 0.0958206057548523, -0.029770048335194588, -0.3125198185443878], [0.5457217693328857, -0.012884946539998055, -0.15958087146282196, 0.8225300312042236], [0.9708846807479858, -0.019471531733870506, 0.037447553128004074, 0.23579975962638855], [0.09412886202335358, 0.17667576670646667, 0.9796767830848694, -0.012598815374076366], [0.4466419517993927, -0.18739411234855652, -0.03208937123417854, -0.8742795586585999], [0.784046471118927, -0.05853050574660301, 0.22601573169231415, 0.5751192569732666], [0.9838583469390869, -0.0033760294318199158, 0.028830494731664658, 0.17657902836799622], [0.9925829768180847, -0.0143040232360363, 0.002303091110661626, 0.12070275098085403], [0.987527072429657, -0.025335803627967834, -0.049195244908332825, 0.14740459620952606], [0.9890096783638, -0.04913262650370598, 0.006892686244100332, 0.13927744328975677], [0.9539140462875366, -0.09340214729309082, -0.2648090124130249, 0.10583122074604034], [0.9433412551879883, -0.25718095898628235, 0.19974790513515472, -0.06376560032367706], [-0.0655137449502945, -0.5871511697769165, -0.001043903874233365, -0.8068211674690247], [0.8530972003936768, -0.28200840950012207, 0.15138216316699982, -0.41204357147216797], [0.6232242584228516, -0.08205267041921616, -0.13053672015666962, -0.766693651676178], [0.8430458307266235, 0.49432557821273804, -0.1395898014307022, 0.15947003662586212], [-0.02168234810233116, 0.6137813329696655, 0.0035617086105048656, -0.7891702651977539], [0.8023497462272644, 0.010513024404644966, -0.5933459997177124, -0.06375768035650253], [0.48576194047927856, 0.056974440813064575, 0.06585631519556046, -0.8697425723075867], [0.9218150973320007, -0.339123010635376, 0.18203501403331757, -0.04599937051534653]], "joint_names": ["Hips", "LeftUpLeg", "LeftLeg", "LeftFoot", "LeftToe", "RightUpLeg", "RightLeg", "RightFoot", "RightToe", "Spine", "Spine1", "Spine2", "Neck", "Head", "LeftShoulder", "LeftArm", "LeftForeArm", "LeftHand", "RightShoulder", "RightArm", "RightForeArm", "RightHand"]}