{"root_pos": [16.798202514648438, 73.69840240478516, 107.2331314086914], "local_quat": [[-0.5826631784439087, -0.3197159767150879, -0.5266473293304443, -0.5300263166427612], [-0.09486110508441925, -0.22420604526996613, -0.9302552938461304, -0.27451440691947937], [0.9334317445755005, 0.09770984202623367, -0.03270804509520531, -0.34363970160484314], [0.5355444550514221, -0.01041814312338829, -0.15917906165122986, 0.8293042182922363], [0.9714824557304382, -0.01892600953578949, 0.03631158545613289, 0.23354879021644592], [0.07942532747983932, 0.1450241357088089, 0.986234724521637, -0.000766234181355685], [0.43389126658439636, -0.18684042990207672, -0.029342249035835266, -0.8808905482292175], [0.8073859810829163, -0.06699255853891373, 0.21247927844524384, 0.5463445782661438], [0.9836595058441162, -0.003747515846043825, 0.027684232220053673, 0.17785796523094177], [0.9932421445846558, -0.008410217240452766, -0.0016824431950226426, 0.1157430037856102], [0.9886525869369507, -0.01228400506079197, -0.058461129665374756, 0.13783112168312073], [0.990727961063385, -0.036139115691185, -0.0048332721926271915, 0.13087694346904755], [0.9511242508888245, -0.10296598076820374, -0.2729894816875458, 0.10118052363395691], [0.9368125200271606, -0.268501877784729, 0.21769829094409943, -0.053818847984075546], [-0.05403420329093933, -0.5730032324790955, 0.00932557787746191, -0.8177167177200317], [0.8660502433776855, -0.26697349548339844, 0.18459677696228027, -0.3802710473537445], [0.6290091872215271, -0.08192902058362961, -0.13183686137199402, -0.7617441415786743], [0.8401144742965698, 0.49639827013015747, -0.15668700635433197, 0.15246537327766418], [-0.02450733073055744, 0.6128630638122559, 0.005349726881831884, -0.7897908687591553], [0.8006580471992493, 0.0019841776229441166, -0.5944628715515137, -0.07454325258731842], [0.4973960220813751, 0.05686956271529198, 0.06714721024036407, -0.863049328327179], [0.9199720621109009, -0.3453749120235443, 0.17953531444072723, -0.04620220139622688]], "joint_names": ["Hips", "LeftUpLeg", "LeftLeg", "LeftFoot", "LeftToe", "RightUpLeg", "RightLeg", "RightFoot", "RightToe", "Spine", "Spine1", "Spine2", "Neck", "Head", "LeftShoulder", "LeftArm", "LeftForeArm", "LeftHand", "RightShoulder", "RightArm", "RightForeArm", "RightHand"]}