{"root_pos": [16.240970611572266, 73.51600646972656, 98.27378845214844], "local_quat": [[-0.5892623066902161, -0.3395402133464813, -0.5093180537223816, -0.5273305177688599], [-0.09732157737016678, -0.25705355405807495, -0.9273273944854736, -0.2539999186992645], [0.9190306663513184, 0.0991155356168747, -0.034277379512786865, -0.37997865676879883], [0.530694842338562, -0.0012122559128329158, -0.1481669396162033, 0.8345107436180115], [0.9720746874809265, -0.01862282119691372, 0.03573592007160187, 0.23118610680103302], [0.06721010059118271, 0.1364833265542984, 0.9883586764335632, -0.0014987052418291569], [0.4515220522880554, -0.1881452202796936, -0.026114262640476227, -0.8718069195747375], [0.8190273642539978, -0.06165456771850586, 0.22023257613182068, 0.5262037515640259], [0.9834312796592712, -0.004268002696335316, 0.026657508686184883, 0.1792597621679306], [0.9936672449111938, -0.004036556463688612, -0.003969669807702303, 0.11222036927938461], [0.9894753098487854, -0.0021763229742646217, -0.06470679491758347, 0.12940989434719086], [0.9918500185012817, -0.026524929329752922, -0.013462678529322147, 0.12388963252305984], [0.9475061893463135, -0.11790288984775543, -0.2802663743495941, 0.09890229254961014], [0.9283868670463562, -0.2850421071052551, 0.23482462763786316, -0.0413065105676651], [-0.04648520052433014, -0.5620898008346558, 0.01561710238456726, -0.8256211280822754], [0.8790247440338135, -0.23406103253364563, 0.2201414555311203, -0.35223397612571716], [0.6352173686027527, -0.08080748468637466, -0.13179613649845123, -0.7567026615142822], [0.837654173374176, 0.49766236543655396, -0.1725364327430725, 0.14456407725811005], [-0.027749380096793175, 0.6087813377380371, 0.007305130362510681, -0.7928189039230347], [0.7915040254592896, 0.0014982173452153802, -0.6038357019424438, -0.09434781968593597], [0.49683624505996704, 0.05457422509789467, 0.06449727714061737, -0.8637219071388245], [0.9194196462631226, -0.34755846858024597, 0.17766501009464264, -0.04801769182085991]], "joint_names": ["Hips", "LeftUpLeg", "LeftLeg", "LeftFoot", "LeftToe", "RightUpLeg", "RightLeg", "RightFoot", "RightToe", "Spine", "Spine1", "Spine2", "Neck", "Head", "LeftShoulder", "LeftArm", "LeftForeArm", "LeftHand", "RightShoulder", "RightArm", "RightForeArm", "RightHand"]}