{"root_pos": [3.620016574859619, 78.20842742919922, 74.4178695678711], "local_quat": [[-0.5865320563316345, -0.3897148370742798, -0.4969821870326996, -0.5070613026618958], [-0.0950440838932991, -0.3250211179256439, -0.9225934743881226, -0.18479490280151367], [0.8992111086845398, 0.09839031100273132, -0.038761548697948456, -0.424542635679245], [0.633148193359375, 0.00238279951736331, -0.14797358214855194, 0.7597509622573853], [0.9739000797271729, -0.01738532818853855, 0.03173305094242096, 0.22407467663288116], [0.0723172202706337, 0.0586317777633667, 0.9954157471656799, 0.02191314660012722], [0.6206382513046265, -0.18468979001045227, -0.013052094727754593, -0.7619235515594482], [0.8410274386405945, -0.052860282361507416, 0.22184054553508759, 0.49057653546333313], [0.9829322695732117, -0.004993346985429525, 0.022908983752131462, 0.18246759474277496], [0.9942644834518433, 0.009984927251935005, -0.002552011515945196, 0.10645121335983276], [0.9917672276496887, 0.028570782393217087, -0.06500133126974106, 0.106565922498703], [0.9945170283317566, 0.005583306774497032, -0.024416744709014893, 0.10153113305568695], [0.9411376714706421, -0.13218283653259277, -0.3013016879558563, 0.07749007642269135], [0.9195164442062378, -0.30148887634277344, 0.2518029510974884, -0.013754347339272499], [-0.02173645608127117, -0.5516665577888489, 0.03661251813173294, -0.8329771757125854], [0.9137322902679443, -0.13674378395080566, 0.2961188852787018, -0.24229750037193298], [0.6444162726402283, -0.07464680820703506, -0.12872011959552765, -0.7500576972961426], [0.8362455368041992, 0.49848151206970215, -0.18947696685791016, 0.12770259380340576], [-0.03799284249544144, 0.6116408109664917, 0.01472083292901516, -0.7900856733322144], [0.7962440848350525, 0.04311003163456917, -0.5891616940498352, -0.13048148155212402], [0.43567174673080444, 0.04240390658378601, 0.05083426088094711, -0.8976680636405945], [0.9169243574142456, -0.35697975754737854, 0.1679215282201767, -0.06014631316065788]], "joint_names": ["Hips", "LeftUpLeg", "LeftLeg", "LeftFoot", "LeftToe", "RightUpLeg", "RightLeg", "RightFoot", "RightToe", "Spine", "Spine1", "Spine2", "Neck", "Head", "LeftShoulder", "LeftArm", "LeftForeArm", "LeftHand", "RightShoulder", "RightArm", "RightForeArm", "RightHand"]}