{"root_pos": [6.3297319412231445, 78.6640396118164, 65.04039764404297], "local_quat": [[-0.5866029262542725, -0.3938339650630951, -0.4969252645969391, -0.5038422346115112], [-0.09648910909891129, -0.3219262361526489, -0.9274408221244812, -0.16403323411941528], [0.8863081336021423, 0.09647515416145325, -0.03641099855303764, -0.45146942138671875], [0.6496443152427673, -0.003343825228512287, -0.150741845369339, 0.7451362013816833], [0.9744662642478943, -0.017493924126029015, 0.03148495405912399, 0.22162629663944244], [0.06783051043748856, 0.03104744479060173, 0.9971669316291809, 0.009652508422732353], [0.6719902753829956, -0.17988774180412292, -0.012667701579630375, -0.7182680368423462], [0.8398494720458984, -0.04832213744521141, 0.2185833752155304, 0.4945090115070343], [0.9827332496643066, -0.005167904309928417, 0.022219514474272728, 0.18361619114875793], [0.9938837289810181, 0.006202812306582928, 0.0034532141871750355, 0.11020312458276749], [0.9925195574760437, 0.023425139486789703, -0.05416790023446083, 0.10687371343374252], [0.9946980476379395, 0.0010250165360048413, -0.017328597605228424, 0.10136336833238602], [0.9426175951957703, -0.13557760417461395, -0.2980971038341522, 0.06503120064735413], [0.9218659400939941, -0.30194568634033203, 0.24275678396224976, -0.007810060866177082], [-0.024125078693032265, -0.5556990504264832, 0.03358902037143707, -0.8303542733192444], [0.9175971746444702, -0.09932590276002884, 0.3144543766975403, -0.22196462750434875], [0.6466557383537292, -0.07184410840272903, -0.1269541233778, -0.7487038969993591], [0.8383070826530457, 0.49749064445495605, -0.18546953797340393, 0.12387603521347046], [-0.041167963296175, 0.6111158132553101, 0.016540398821234703, -0.7902967929840088], [0.800649881362915, 0.05947088077664375, -0.5813696980476379, -0.13203167915344238], [0.4172772765159607, 0.03781615570187569, 0.0450492799282074, -0.906873881816864], [0.9179894328117371, -0.3584345877170563, 0.15851595997810364, -0.0607677586376667]], "joint_names": ["Hips", "LeftUpLeg", "LeftLeg", "LeftFoot", "LeftToe", "RightUpLeg", "RightLeg", "RightFoot", "RightToe", "Spine", "Spine1", "Spine2", "Neck", "Head", "LeftShoulder", "LeftArm", "LeftForeArm", "LeftHand", "RightShoulder", "RightArm", "RightForeArm", "RightHand"]}