{"root_pos": [13.160171508789062, 75.88481140136719, 80.65669250488281], "local_quat": [[-0.590992271900177, -0.3726866543292999, -0.4969536066055298, -0.5146551132202148], [-0.1020287275314331, -0.30297309160232544, -0.9234659075737, -0.21215134859085083], [0.8986417055130005, 0.10005445778369904, -0.038452282547950745, -0.42538630962371826], [0.5690526962280273, 0.013203486800193787, -0.13316990435123444, 0.8113386631011963], [0.9733284115791321, -0.018052348867058754, 0.0339510515332222, 0.22617080807685852], [0.06589415669441223, 0.10035161674022675, 0.9927166104316711, 0.010073384270071983], [0.5480871796607971, -0.18549832701683044, -0.021370237693190575, -0.8153122663497925], [0.8352194428443909, -0.043866001069545746, 0.2351057082414627, 0.4951864778995514], [0.9829939603805542, -0.0050651030614972115, 0.024523504078388214, 0.18192245066165924], [0.9940040707588196, 0.00668113399296999, -0.005374697037041187, 0.109006367623806], [0.9906323552131653, 0.02069096453487873, -0.07064779102802277, 0.11501409858465195], [0.9935558438301086, -0.0035611512139439583, -0.026146817952394485, 0.11022920161485672], [0.9414591193199158, -0.13392552733421326, -0.2973991632461548, 0.08527780324220657], [0.9178269505500793, -0.30430713295936584, 0.2541605830192566, -0.019831925630569458], [-0.03059781715273857, -0.5526211261749268, 0.029425151646137238, -0.8323508501052856], [0.9064859747886658, -0.16485904157161713, 0.26759183406829834, -0.2819560766220093], [0.6390175223350525, -0.07710300385951996, -0.12978950142860413, -0.7542322874069214], [0.8357287049293518, 0.5006517767906189, -0.18353092670440674, 0.13123099505901337], [-0.03572830557823181, 0.6080370545387268, 0.013116972520947456, -0.7929958701133728], [0.7895916700363159, 0.021342359483242035, -0.6004235744476318, -0.12482354789972305], [0.4625928997993469, 0.04715024679899216, 0.054977402091026306, -0.8836075067520142], [0.9181011915206909, -0.3539586365222931, 0.16932588815689087, -0.05596617981791496]], "joint_names": ["Hips", "LeftUpLeg", "LeftLeg", "LeftFoot", "LeftToe", "RightUpLeg", "RightLeg", "RightFoot", "RightToe", "Spine", "Spine1", "Spine2", "Neck", "Head", "LeftShoulder", "LeftArm", "LeftForeArm", "LeftHand", "RightShoulder", "RightArm", "RightForeArm", "RightHand"]}