{"root_pos": [-4.170286178588867, 80.39701080322266, 50.25557327270508], "local_quat": [[-0.5795649290084839, -0.4133217930793762, -0.49227187037467957, -0.5009371638298035], [-0.09745471924543381, -0.3642532527446747, -0.9189360737800598, -0.11566619575023651], [0.8855956196784973, 0.0880449190735817, -0.028073327615857124, -0.4551706612110138], [0.6908966302871704, -0.032851215451955795, -0.17299848794937134, 0.7011805176734924], [0.9755735397338867, -0.01679876446723938, 0.028612220659852028, 0.21715296804904938], [0.06351808458566666, -0.04073478281497955, 0.9969897866249084, 0.017817126587033272], [0.7869488000869751, -0.17185838520526886, -0.0009438455454073846, -0.5926005244255066], [0.8268736600875854, -0.057988591492176056, 0.20199623703956604, 0.5216460824012756], [0.982527494430542, -0.004575404804199934, 0.020639287307858467, 0.18491311371326447], [0.9933093786239624, 0.0020850959699600935, 0.009274076670408249, 0.11509208381175995], [0.9937040209770203, 0.011592578142881393, -0.03680596128106117, 0.1051819771528244], [0.9953402876853943, -0.0049364916048944, -0.00856579840183258, 0.09591615945100784], [0.9480358958244324, -0.1298883706331253, -0.28680089116096497, 0.04584889113903046], [0.931024432182312, -0.29020121693611145, 0.22122257947921753, -0.006111354101449251], [-0.02204744517803192, -0.5611816048622131, 0.032108817249536514, -0.8267757296562195], [0.9179458618164062, -0.045191869139671326, 0.35835009813308716, -0.16406796872615814], [0.6550881266593933, -0.06542311608791351, -0.12321725487709045, -0.7425611019134521], [0.8421937227249146, 0.49341750144958496, -0.1822359710931778, 0.11848586052656174], [-0.03962821513414383, 0.6120423078536987, 0.012508473359048367, -0.7897323966026306], [0.8076850771903992, 0.10458464920520782, -0.5668576955795288, -0.12401328980922699], [0.36012160778045654, 0.029226431623101234, 0.03097103349864483, -0.9319329261779785], [0.9165756106376648, -0.36419960856437683, 0.15045246481895447, -0.06791006773710251]], "joint_names": ["Hips", "LeftUpLeg", "LeftLeg", "LeftFoot", "LeftToe", "RightUpLeg", "RightLeg", "RightFoot", "RightToe", "Spine", "Spine1", "Spine2", "Neck", "Head", "LeftShoulder", "LeftArm", "LeftForeArm", "LeftHand", "RightShoulder", "RightArm", "RightForeArm", "RightHand"]}