{"root_pos": [24.325435638427734, 76.7386703491211, 141.1006622314453], "local_quat": [[-0.5466647744178772, -0.2506965100765228, -0.5904679894447327, -0.5381973385810852], [-0.05255260318517685, -0.21893534064292908, -0.92718905210495, -0.29937613010406494], [0.9811697006225586, 0.06943211704492569, -0.00014051582547836006, -0.1802363246679306], [0.6716922521591187, -0.04899479076266289, -0.15920725464820862, 0.7218601107597351], [0.9688555598258972, -0.02267744205892086, 0.04196816682815552, 0.24298863112926483], [0.15902647376060486, 0.2655886709690094, 0.9493447542190552, -0.05401597544550896], [0.6615366339683533, -0.2026701718568802, -0.009123648516833782, -0.7219492793083191], [0.7033572793006897, -0.06578905135393143, 0.24595794081687927, 0.6636753678321838], [0.9843569993972778, -0.001726810703985393, 0.03263862803578377, 0.17312708497047424], [0.9928455948829651, -0.0416201576590538, 0.0006737695657648146, 0.11191478371620178], [0.9854488968849182, -0.08472120016813278, -0.039040274918079376, 0.14208708703517914], [0.9848119020462036, -0.1085461750626564, 0.026728536933660507, 0.13284872472286224], [0.9648353457450867, -0.056252386420965195, -0.2120574563741684, 0.14477583765983582], [0.970504105091095, -0.19844594597816467, 0.11944584548473358, -0.06688589602708817], [-0.09446661174297333, -0.6224780678749084, -0.029582085087895393, -0.7763517498970032], [0.8464959859848022, -0.2595677673816681, 0.12688922882080078, -0.4471781849861145], [0.610508918762207, -0.07232210785150528, -0.10961997509002686, -0.7810453772544861], [0.855817437171936, 0.4758028984069824, -0.0976540669798851, 0.17790934443473816], [0.014492853544652462, 0.6110017895698547, -0.037098441272974014, -0.790626585483551], [0.7826202511787415, 0.06628628820180893, -0.6171422600746155, 0.047404855489730835], [0.43869465589523315, 0.052825115621089935, 0.05997351557016373, -0.895075261592865], [0.9326316118240356, -0.2998168170452118, 0.19858835637569427, -0.029511626809835434]], "joint_names": ["Hips", "LeftUpLeg", "LeftLeg", "LeftFoot", "LeftToe", "RightUpLeg", "RightLeg", "RightFoot", "RightToe", "Spine", "Spine1", "Spine2", "Neck", "Head", "LeftShoulder", "LeftArm", "LeftForeArm", "LeftHand", "RightShoulder", "RightArm", "RightForeArm", "RightHand"]}