{"root_pos": [28.461774826049805, 73.219482421875, 155.24822998046875], "local_quat": [[-0.5508737564086914, -0.2523740530014038, -0.5836827158927917, -0.5405181646347046], [-0.027111351490020752, -0.23280099034309387, -0.938423752784729, -0.2538297474384308], [0.9391710162162781, 0.06929051131010056, 0.01966862939298153, -0.33581212162971497], [0.679434597492218, -0.011737918481230736, -0.09175612032413483, 0.7278816103935242], [0.9677887558937073, -0.023772714659571648, 0.04544795677065849, 0.2464841604232788], [0.11768059432506561, 0.2328437715768814, 0.9643114805221558, -0.04514802619814873], [0.6712642908096313, -0.21321506798267365, -0.005217577330768108, -0.7098706364631653], [0.6617590188980103, -0.07836634665727615, 0.2400641143321991, 0.7059058547019958], [0.9844013452529907, -0.0017904785927385092, 0.034417055547237396, 0.172528937458992], [0.9966055154800415, -0.025199105963110924, -0.004977967590093613, 0.07821563631296158], [0.9911112189292908, -0.054242946207523346, -0.05472177267074585, 0.10845133662223816], [0.9910073280334473, -0.07633383572101593, 0.02015107311308384, 0.10803486406803131], [0.9601635336875916, -0.05370376259088516, -0.22494088113307953, 0.15685497224330902], [0.9700809717178345, -0.19809569418430328, 0.12585383653640747, -0.062143292278051376], [-0.059602800756692886, -0.610832154750824, 0.0052170236594974995, -0.7894963026046753], [0.9038419127464294, -0.21246901154518127, 0.13479195535182953, -0.34606045484542847], [0.612609326839447, -0.0675773024559021, -0.09677138924598694, -0.7815231084823608], [0.862938404083252, 0.451311320066452, -0.13699284195899963, 0.18135139346122742], [0.04297365993261337, 0.6379246115684509, -0.075950488448143, -0.765138566493988], [0.7576344609260559, 0.06504388898611069, -0.6431423425674438, 0.09015141427516937], [0.4363156259059906, 0.050870612263679504, 0.05578931048512459, -0.8966205716133118], [0.9296241998672485, -0.3095831573009491, 0.1993541419506073, -0.014665456488728523]], "joint_names": ["Hips", "LeftUpLeg", "LeftLeg", "LeftFoot", "LeftToe", "RightUpLeg", "RightLeg", "RightFoot", "RightToe", "Spine", "Spine1", "Spine2", "Neck", "Head", "LeftShoulder", "LeftArm", "LeftForeArm", "LeftHand", "RightShoulder", "RightArm", "RightForeArm", "RightHand"]}