{"root_pos": [27.063655853271484, 75.44139099121094, 146.0027313232422], "local_quat": [[-0.5478671789169312, -0.25085920095443726, -0.5932525396347046, -0.5338189005851746], [-0.042993541806936264, -0.21495561301708221, -0.9332669377326965, -0.2845320999622345], [0.9771835803985596, 0.06480440497398376, 0.009351804852485657, -0.20205223560333252], [0.6969714164733887, -0.045591387897729874, -0.14035309851169586, 0.7017502188682556], [0.9684549570083618, -0.023331332951784134, 0.043234556913375854, 0.2442980855703354], [0.14785078167915344, 0.25903451442718506, 0.9528562426567078, -0.05573580041527748], [0.6640711426734924, -0.21116141974925995, -0.002336854347959161, -0.7172272801399231], [0.6813562512397766, -0.0755394771695137, 0.24734431505203247, 0.6847395896911621], [0.9843746423721313, -0.0017004074761644006, 0.03333767503499985, 0.1728937029838562], [0.9938292503356934, -0.041161809116601944, 0.00022842151520308107, 0.10300042480230331], [0.9865458011627197, -0.08433044701814651, -0.03981170430779457, 0.13427859544754028], [0.9856767058372498, -0.10754656046628952, 0.029279053211212158, 0.12656183540821075], [0.9656789898872375, -0.05060190707445145, -0.20824342966079712, 0.14675867557525635], [0.9734524488449097, -0.18926988542079926, 0.11016914993524551, -0.0665583685040474], [-0.08952859789133072, -0.6224189400672913, -0.0240766778588295, -0.7771741151809692], [0.85755455493927, -0.24703240394592285, 0.13130947947502136, -0.4316629469394684], [0.6163152456283569, -0.07048942148685455, -0.10521373897790909, -0.7772495150566101], [0.8576948642730713, 0.46989238262176514, -0.10428519546985626, 0.18079067766666412], [0.024267228320240974, 0.6166089773178101, -0.049692295491695404, -0.7853248715400696], [0.7735691070556641, 0.06946058571338654, -0.6265864372253418, 0.06446252018213272], [0.4382675290107727, 0.05258922278881073, 0.059509385377168655, -0.8953292965888977], [0.9304089546203613, -0.30254387855529785, 0.20536218583583832, -0.025154877454042435]], "joint_names": ["Hips", "LeftUpLeg", "LeftLeg", "LeftFoot", "LeftToe", "RightUpLeg", "RightLeg", "RightFoot", "RightToe", "Spine", "Spine1", "Spine2", "Neck", "Head", "LeftShoulder", "LeftArm", "LeftForeArm", "LeftHand", "RightShoulder", "RightArm", "RightForeArm", "RightHand"]}