{"root_pos": [27.669301986694336, 74.03392028808594, 150.9261016845703], "local_quat": [[-0.5475879311561584, -0.2548762857913971, -0.588650643825531, -0.5372858047485352], [-0.03219044208526611, -0.2240227907896042, -0.936009407043457, -0.2695625126361847], [0.9634999632835388, 0.06480681151151657, 0.016316581517457962, -0.2592327296733856], [0.6982158422470093, -0.03061099909245968, -0.11384056508541107, 0.706114649772644], [0.9681234955787659, -0.023543747141957283, 0.044322818517684937, 0.2453940063714981], [0.13318544626235962, 0.24666352570056915, 0.958584725856781, -0.050339698791503906], [0.6609014868736267, -0.2144118696451187, -0.0017892270116135478, -0.719189465045929], [0.6672914624214172, -0.08024848997592926, 0.24396385252475739, 0.6991165280342102], [0.9843878746032715, -0.0017601163126528263, 0.03381013870239258, 0.17272625863552094], [0.9954002499580383, -0.03444993495941162, -0.0011462136171758175, 0.08938838541507721], [0.9891318678855896, -0.07168255001306534, -0.04462976008653641, 0.12036634981632233], [0.9883809685707092, -0.09405096620321274, 0.027629612013697624, 0.11616415530443192], [0.9636908769607544, -0.050744783133268356, -0.21478132903575897, 0.15031278133392334], [0.9727438688278198, -0.19098907709121704, 0.1147284135222435, -0.06426360458135605], [-0.07512922585010529, -0.617815375328064, -0.009794517420232296, -0.7826645970344543], [0.8790266513824463, -0.23203538358211517, 0.13299186527729034, -0.39469578862190247], [0.6148990392684937, -0.06889664381742477, -0.10049429535865784, -0.7791363000869751], [0.8597339987754822, 0.4626730680465698, -0.11749383807182312, 0.18162116408348083], [0.03388241305947304, 0.6265965104103088, -0.06273020803928375, -0.7760758996009827], [0.7653539776802063, 0.06640523672103882, -0.6352978944778442, 0.07886776328086853], [0.4376009702682495, 0.05187547206878662, 0.05814157798886299, -0.895786702632904], [0.9292291402816772, -0.3076760172843933, 0.2035796344280243, -0.020589902997016907]], "joint_names": ["Hips", "LeftUpLeg", "LeftLeg", "LeftFoot", "LeftToe", "RightUpLeg", "RightLeg", "RightFoot", "RightToe", "Spine", "Spine1", "Spine2", "Neck", "Head", "LeftShoulder", "LeftArm", "LeftForeArm", "LeftHand", "RightShoulder", "RightArm", "RightForeArm", "RightHand"]}