{"root_pos": [38.84636688232422, 72.82591247558594, 167.59365844726562], "local_quat": [[-0.5587463974952698, -0.2510795295238495, -0.5576433539390564, -0.5601744651794434], [-0.027989521622657776, -0.32079991698265076, -0.9211512207984924, -0.2185966819524765], [0.8345662951469421, 0.0833340659737587, 0.026067474856972694, -0.5439439415931702], [0.6169390082359314, -0.0031633649487048388, -0.09770041704177856, 0.780916690826416], [0.9667900204658508, -0.024393562227487564, 0.04872548580169678, 0.2496953308582306], [0.07805586606264114, 0.12065993994474411, 0.9884095191955566, -0.04893866553902626], [0.6925756335258484, -0.20356014370918274, -0.015770195052027702, -0.6918479800224304], [0.6442571878433228, -0.09150069952011108, 0.1985727846622467, 0.7328909635543823], [0.9842922687530518, -0.0022707893513143063, 0.037058815360069275, 0.17259816825389862], [0.9984998106956482, -0.002381419064477086, -0.014605057425796986, 0.052717484533786774], [0.993891179561615, -0.01141138281673193, -0.07832100987434387, 0.07691457122564316], [0.9956511855125427, -0.03262370824813843, 0.002331837546080351, 0.08722935616970062], [0.947141170501709, -0.07251541316509247, -0.2552888095378876, 0.18025757372379303], [0.9584382772445679, -0.23011018335819244, 0.1622215360403061, -0.04614733159542084], [-0.022251475602388382, -0.590761661529541, 0.04026675969362259, -0.8055334091186523], [0.9547259211540222, -0.1416921764612198, 0.15207600593566895, -0.21282517910003662], [0.599561870098114, -0.06318394839763641, -0.0849715992808342, -0.7932926416397095], [0.8660281300544739, 0.4271130859851837, -0.18619464337825775, 0.18138734996318817], [0.0728270635008812, 0.6681193709373474, -0.11866966634988785, -0.73091059923172], [0.7542611956596375, 0.07448909431695938, -0.6379575729370117, 0.13620443642139435], [0.4444153606891632, 0.04869033023715019, 0.04946845769882202, -0.8931276798248291], [0.9408465027809143, -0.29122138023376465, 0.17276166379451752, 0.012307662516832352]], "joint_names": ["Hips", "LeftUpLeg", "LeftLeg", "LeftFoot", "LeftToe", "RightUpLeg", "RightLeg", "RightFoot", "RightToe", "Spine", "Spine1", "Spine2", "Neck", "Head", "LeftShoulder", "LeftArm", "LeftForeArm", "LeftHand", "RightShoulder", "RightArm", "RightForeArm", "RightHand"]}