{"root_pos": [31.95883560180664, 73.03750610351562, 159.52828979492188], "local_quat": [[-0.5504757761955261, -0.24958810210227966, -0.5802703499794006, -0.545864999294281], [-0.02411925233900547, -0.2413128763437271, -0.9408562183380127, -0.23659250140190125], [0.904407799243927, 0.07506228983402252, 0.021657632663846016, -0.4194556176662445], [0.6512852311134338, 0.0005224604974500835, -0.08209846913814545, 0.7543786764144897], [0.9674736857414246, -0.02403208054602146, 0.04657025262713432, 0.24748370051383972], [0.10285885632038116, 0.20290923118591309, 0.9727591276168823, -0.044582102447748184], [0.6787411570549011, -0.21024762094020844, -0.008570828475058079, -0.7035858035087585], [0.6573354601860046, -0.07982984930276871, 0.2300625443458557, 0.7131679654121399], [0.9843732118606567, -0.0019701782148331404, 0.03518954664468765, 0.17253196239471436], [0.9974716305732727, -0.015214292332530022, -0.009852040559053421, 0.06871506571769714], [0.9923838973045349, -0.035525910556316376, -0.06632876396179199, 0.09753266721963882], [0.9931925535202026, -0.057513583451509476, 0.010910297743976116, 0.10070543736219406], [0.955967128276825, -0.05832653492689133, -0.2357691526412964, 0.16473494470119476], [0.9664589166641235, -0.20754148066043854, 0.13975092768669128, -0.057908594608306885], [-0.04396652802824974, -0.6022385954856873, 0.020129704847931862, -0.796850323677063], [0.9280720949172974, -0.18578402698040009, 0.14145463705062866, -0.29009824991226196], [0.6130218505859375, -0.06630869954824448, -0.0935092493891716, -0.7817054390907288], [0.8662004470825195, 0.4379493296146393, -0.15699650347232819, 0.18234410881996155], [0.05209202319383621, 0.6491968035697937, -0.08924716711044312, -0.7535680532455444], [0.7512591481208801, 0.0681794062256813, -0.6484291553497314, 0.10247334837913513], [0.4363049268722534, 0.04968284070491791, 0.05265955626964569, -0.896881639957428], [0.9311972856521606, -0.31040477752685547, 0.19099122285842896, -0.0065419115126132965]], "joint_names": ["Hips", "LeftUpLeg", "LeftLeg", "LeftFoot", "LeftToe", "RightUpLeg", "RightLeg", "RightFoot", "RightToe", "Spine", "Spine1", "Spine2", "Neck", "Head", "LeftShoulder", "LeftArm", "LeftForeArm", "LeftHand", "RightShoulder", "RightArm", "RightForeArm", "RightHand"]}