{"root_pos": [23.591629028320312, 77.07571411132812, 135.50404357910156], "local_quat": [[-0.5559515357017517, -0.2507423758506775, -0.5861177444458008, -0.5333967804908752], [-0.06436527520418167, -0.2182086557149887, -0.9235661625862122, -0.3086543679237366], [0.9780420660972595, 0.07490421086549759, -0.007785482797771692, -0.1943257600069046], [0.6399114727973938, -0.04180514067411423, -0.16140565276145935, 0.750142514705658], [0.9692966938018799, -0.022037828341126442, 0.040950581431388855, 0.2414567917585373], [0.15613727271556854, 0.26756978034973145, 0.9494817852973938, -0.05011928826570511], [0.6244376301765442, -0.19282948970794678, -0.021521231159567833, -0.7565918564796448], [0.7224319577217102, -0.054204851388931274, 0.24160093069076538, 0.6455872058868408], [0.9842826128005981, -0.0018536741845309734, 0.031924568116664886, 0.17368097603321075], [0.9922101497650146, -0.03727463260293007, 0.0013135806657373905, 0.1188611313700676], [0.985169529914856, -0.07558704912662506, -0.040005918592214584, 0.14875154197216034], [0.9849680066108704, -0.0999947264790535, 0.022729840129613876, 0.13900505006313324], [0.9629225134849548, -0.06343138217926025, -0.2210341989994049, 0.14106924831867218], [0.9658409953117371, -0.21066416800022125, 0.13435758650302887, -0.06870124489068985], [-0.0938572883605957, -0.6203891634941101, -0.029206277802586555, -0.7781099677085876], [0.8412910103797913, -0.27450302243232727, 0.11783638596534729, -0.450546532869339], [0.6084614396095276, -0.07489687949419022, -0.11552256345748901, -0.7815495133399963], [0.8540000915527344, 0.47989869117736816, -0.09910764545202255, 0.17481103539466858], [0.0036230257246643305, 0.610830545425415, -0.02429843135178089, -0.7913800477981567], [0.7970831990242004, 0.06378474831581116, -0.6000239253044128, 0.023689916357398033], [0.4401264488697052, 0.0535949245095253, 0.06043388321995735, -0.8942952156066895], [0.9320698976516724, -0.30450788140296936, 0.1930091828107834, -0.035609953105449677]], "joint_names": ["Hips", "LeftUpLeg", "LeftLeg", "LeftFoot", "LeftToe", "RightUpLeg", "RightLeg", "RightFoot", "RightToe", "Spine", "Spine1", "Spine2", "Neck", "Head", "LeftShoulder", "LeftArm", "LeftForeArm", "LeftHand", "RightShoulder", "RightArm", "RightForeArm", "RightHand"]}