{"root_pos": [36.11530303955078, 73.04248809814453, 163.63047790527344], "local_quat": [[-0.553045928478241, -0.24878209829330444, -0.571899950504303, -0.5524293184280396], [-0.02515997178852558, -0.26694971323013306, -0.9367677569389343, -0.22488006949424744], [0.8633564710617065, 0.08054091781377792, 0.02341422252357006, -0.49757468700408936], [0.6266090869903564, 0.004631547722965479, -0.08365736901760101, 0.7748168110847473], [0.9671528935432434, -0.024245738983154297, 0.04773156717419624, 0.24849410355091095], [0.09008988738059998, 0.16308267414569855, 0.9813724756240845, -0.046861134469509125], [0.6840124726295471, -0.20628143846988678, -0.012885271571576595, -0.6995775699615479], [0.650948703289032, -0.08277995139360428, 0.21717698872089386, 0.72266685962677], [0.9843288064002991, -0.0021662344224750996, 0.03607321158051491, 0.17260006070137024], [0.9980818033218384, -0.0072813923470675945, -0.012849311344325542, 0.060120243579149246], [0.9932318925857544, -0.020528865978121758, -0.07436515390872955, 0.08682560920715332], [0.9946921467781067, -0.04230964183807373, 0.004729937762022018, 0.09367550909519196], [0.951512336730957, -0.06504254043102264, -0.24659988284111023, 0.17199532687664032], [0.9623361825942993, -0.21908387541770935, 0.15249484777450562, -0.05154237151145935], [-0.031150594353675842, -0.5947930216789246, 0.032141800969839096, -0.8026317358016968], [0.9443662762641907, -0.1607503741979599, 0.14803574979305267, -0.2457990199327469], [0.6095157265663147, -0.06504188477993011, -0.08989495038986206, -0.784970760345459], [0.867213249206543, 0.4297434389591217, -0.1728755384683609, 0.18269047141075134], [0.062024783343076706, 0.6591676473617554, -0.10347962379455566, -0.7422552108764648], [0.7499970197677612, 0.07191257923841476, -0.6468825936317444, 0.11779674142599106], [0.44108349084854126, 0.049285050481557846, 0.050894368439912796, -0.8946654200553894], [0.935340940952301, -0.303818017244339, 0.18116824328899384, 0.0031875213608145714]], "joint_names": ["Hips", "LeftUpLeg", "LeftLeg", "LeftFoot", "LeftToe", "RightUpLeg", "RightLeg", "RightFoot", "RightToe", "Spine", "Spine1", "Spine2", "Neck", "Head", "LeftShoulder", "LeftArm", "LeftForeArm", "LeftHand", "RightShoulder", "RightArm", "RightForeArm", "RightHand"]}