{"root_pos": [21.256868362426758, 76.76720428466797, 129.4425506591797], "local_quat": [[-0.5613576173782349, -0.2581014633178711, -0.5806776881217957, -0.5301647782325745], [-0.06738267093896866, -0.21159932017326355, -0.9240198135375977, -0.31124383211135864], [0.9677544832229614, 0.08249358087778091, -0.014745928347110748, -0.23754726350307465], [0.6068065762519836, -0.02971518225967884, -0.1580045372247696, 0.7784197926521301], [0.9698095917701721, -0.021148260682821274, 0.039534322917461395, 0.23970627784729004], [0.14157448709011078, 0.2404039055109024, 0.9594272971153259, -0.040766358375549316], [0.5743390917778015, -0.18912182748317719, -0.028666242957115173, -0.7959558963775635], [0.7431321740150452, -0.0479721873998642, 0.24069859087467194, 0.6225090026855469], [0.984190821647644, -0.002246398711577058, 0.03095901757478714, 0.17436999082565308], [0.9919386506080627, -0.03252909705042839, 0.003281195880845189, 0.12242913991212845], [0.9854552149772644, -0.06465514004230499, -0.039822958409786224, 0.15202569961547852], [0.9856191873550415, -0.08883330971002579, 0.020285367965698242, 0.14230908453464508], [0.961124062538147, -0.07172440737485886, -0.2332175374031067, 0.12925095856189728], [0.959933876991272, -0.22446510195732117, 0.1520187258720398, -0.0709417313337326], [-0.09010270982980728, -0.6141074895858765, -0.025690196081995964, -0.7836411595344543], [0.8341451287269592, -0.28967323899269104, 0.11582896113395691, -0.4548352360725403], [0.6084927916526794, -0.07785622030496597, -0.12174387276172638, -0.7802906036376953], [0.8504034876823425, 0.4859429597854614, -0.10890903323888779, 0.16974163055419922], [-0.006115365773439407, 0.6108266115188599, -0.012765427120029926, -0.7916379570960999], [0.8003031015396118, 0.04721100255846977, -0.597629725933075, -0.011173267848789692], [0.4474804699420929, 0.05458361282944679, 0.0613783523440361, -0.8905135989189148], [0.9266998171806335, -0.32089459896087646, 0.190812349319458, -0.042948946356773376]], "joint_names": ["Hips", "LeftUpLeg", "LeftLeg", "LeftFoot", "LeftToe", "RightUpLeg", "RightLeg", "RightFoot", "RightToe", "Spine", "Spine1", "Spine2", "Neck", "Head", "LeftShoulder", "LeftArm", "LeftForeArm", "LeftHand", "RightShoulder", "RightArm", "RightForeArm", "RightHand"]}