{"root_pos": [-20.232656478881836, 96.77308654785156, 79.36719512939453], "local_quat": [[-0.048306457698345184, 0.6932737231254578, 0.7177823781967163, -0.04273974895477295], [-0.15580575168132782, 0.022463932633399963, -0.9860144853591919, -0.05473034828901291], [0.8435609936714172, 0.011991641484200954, 0.023651499301195145, -0.5363783240318298], [0.7146691679954529, 0.0256880521774292, 0.030188122764229774, 0.6983385682106018], [0.981053352355957, -0.006675075739622116, -0.0023044527042657137, 0.19360880553722382], [-0.11167768388986588, 0.32746782898902893, 0.9381614923477173, -0.012082712724804878], [0.8470730185508728, 0.04745308682322502, -0.043353576213121414, -0.5275756120681763], [0.7814614772796631, -0.02709939517080784, -0.10320048034191132, 0.6147627234458923], [0.9834224581718445, -0.00032632838701829314, 0.008348207920789719, 0.1811366230249405], [0.996135950088501, -0.028469592332839966, 0.027565214782953262, 0.07837603241205215], [0.9945906400680542, -0.055242396891117096, 0.05340791121125221, 0.06989473104476929], [0.9949451088905334, -0.056842733174562454, 0.04996332898736, 0.06600424647331238], [0.9887396693229675, 0.09079692512750626, -0.010168232955038548, 0.11851678043603897], [0.9773942232131958, 0.12088809162378311, -0.1558041125535965, 0.07623481750488281], [-0.015176359564065933, -0.6502112746238708, -0.006635633762925863, -0.7595728635787964], [0.8963839411735535, 0.12122237682342529, 0.41044721007347107, -0.11547243595123291], [0.7997646331787109, -0.02523425780236721, -0.061080265790224075, -0.5966648459434509], [0.9509909749031067, 0.2727572023868561, -0.13018061220645905, 0.0653664767742157], [0.03654006868600845, 0.6226894855499268, -0.06888660788536072, -0.7785738706588745], [0.9129093885421753, -0.2627889811992645, -0.3110467791557312, 0.028077581897377968], [0.9245598912239075, 0.01675436832010746, 0.10233967751264572, -0.3666536808013916], [0.9867737293243408, -0.15413960814476013, 0.036066941916942596, 0.03489750996232033]], "joint_names": ["Hips", "LeftUpLeg", "LeftLeg", "LeftFoot", "LeftToe", "RightUpLeg", "RightLeg", "RightFoot", "RightToe", "Spine", "Spine1", "Spine2", "Neck", "Head", "LeftShoulder", "LeftArm", "LeftForeArm", "LeftHand", "RightShoulder", "RightArm", "RightForeArm", "RightHand"]}