{"root_pos": [-23.910911560058594, 102.35736846923828, 90.1441650390625], "local_quat": [[-0.08349746465682983, 0.6977118849754333, 0.7068150639533997, -0.08147852122783661], [-0.1688094437122345, 0.0259912870824337, -0.9812754392623901, -0.08903046697378159], [0.8985472917556763, 0.011238381266593933, 0.012321853078901768, -0.4385596811771393], [0.7407629489898682, 0.05999886617064476, 0.07617934793233871, 0.6647308468818665], [0.9815902709960938, -0.00475527485832572, -0.001378778601065278, 0.19093424081802368], [-0.09426460415124893, 0.3642115294933319, 0.9265334010124207, -0.0001017959657474421], [0.8407896161079407, 0.07530222088098526, -0.08048399537801743, -0.5300232768058777], [0.8263682723045349, 0.02156180329620838, -0.0913306251168251, 0.5552560687065125], [0.9831026792526245, -0.0001982787362067029, 0.005450198892503977, 0.18297335505485535], [0.996557891368866, -0.030019795522093773, 0.025519652292132378, 0.07293824106454849], [0.9951642155647278, -0.05858082324266434, 0.05080233886837959, 0.06029599905014038], [0.9954367876052856, -0.059289831668138504, 0.0485868901014328, 0.056830938905477524], [0.9884268045425415, 0.10190796852111816, -0.006199307274073362, 0.11219946295022964], [0.9732988476753235, 0.1329810470342636, -0.16549773514270782, 0.0872688889503479], [-0.020339271053671837, -0.6545255184173584, -0.008787285536527634, -0.7557152509689331], [0.9165053963661194, 0.08070815354585648, 0.3755972683429718, -0.11149360984563828], [0.7784379124641418, -0.020260808989405632, -0.05634068325161934, -0.6248597502708435], [0.9513407945632935, 0.2693966329097748, -0.13944627344608307, 0.05413764715194702], [0.03448096662759781, 0.6316457390785217, -0.06384382396936417, -0.7718541622161865], [0.898827314376831, -0.3133906126022339, -0.3035736083984375, 0.04169970378279686], [0.9454219341278076, 0.015096190385520458, 0.10296567529439926, -0.3087840676307678], [0.9900715351104736, -0.12669216096401215, 0.034863270819187164, 0.049920495599508286]], "joint_names": ["Hips", "LeftUpLeg", "LeftLeg", "LeftFoot", "LeftToe", "RightUpLeg", "RightLeg", "RightFoot", "RightToe", "Spine", "Spine1", "Spine2", "Neck", "Head", "LeftShoulder", "LeftArm", "LeftForeArm", "LeftHand", "RightShoulder", "RightArm", "RightForeArm", "RightHand"]}