{"root_pos": [-15.336836814880371, 86.62855529785156, 60.257747650146484], "local_quat": [[0.06215532124042511, 0.6851997375488281, 0.7239565253257751, 0.050249096006155014], [-0.039744436740875244, -0.18666110932826996, -0.9814153909683228, -0.020046379417181015], [0.7123761177062988, 0.016501950100064278, 0.043516095727682114, -0.7002531290054321], [0.7184455990791321, -0.02285941131412983, -0.032997503876686096, 0.6944238543510437], [0.9799966216087341, -0.008638228289783001, -0.004493470303714275, 0.1987760365009308], [-0.041042912751436234, 0.2504879832267761, 0.9665945768356323, 0.035583026707172394], [0.813383162021637, 0.012702913954854012, -0.008771189488470554, -0.5815235376358032], [0.6482380628585815, -0.06005409359931946, -0.08440855890512466, 0.7543580532073975], [0.9840519428253174, 0.00047579247620888054, 0.012927117757499218, 0.17741020023822784], [0.9959832429885864, -0.006609769072383642, 0.019298512488603592, 0.08718472719192505], [0.9954802989959717, -0.01414751261472702, 0.034994225949048996, 0.08714468032121658], [0.9959920644760132, -0.015067880041897297, 0.028726397082209587, 0.08335096389055252], [0.9879217743873596, 0.0660853311419487, -0.05513794347643852, 0.12885259091854095], [0.9897538423538208, 0.07897786051034927, -0.10810946673154831, 0.04961956664919853], [0.0009081899770535529, -0.6310638785362244, 0.006866220850497484, -0.7756998538970947], [0.8638435006141663, 0.19555404782295227, 0.4535570442676544, -0.09909045696258545], [0.8780251741409302, -0.04092380404472351, -0.08676372468471527, -0.46890199184417725], [0.9529421925544739, 0.25901633501052856, -0.12304256856441498, 0.09834707528352737], [0.019562052562832832, 0.6127108931541443, -0.05677671730518341, -0.7880221605300903], [0.9250773787498474, -0.13890224695205688, -0.33180975914001465, -0.12182065099477768], [0.8606823682785034, 0.019549814984202385, 0.09842229634523392, -0.4991559088230133], [0.9774914979934692, -0.20572789013385773, 0.0465717688202858, 0.004188391845673323]], "joint_names": ["Hips", "LeftUpLeg", "LeftLeg", "LeftFoot", "LeftToe", "RightUpLeg", "RightLeg", "RightFoot", "RightToe", "Spine", "Spine1", "Spine2", "Neck", "Head", "LeftShoulder", "LeftArm", "LeftForeArm", "LeftHand", "RightShoulder", "RightArm", "RightForeArm", "RightHand"]}