{"root_pos": [-21.925382614135742, 99.90776062011719, 84.96086883544922], "local_quat": [[-0.06876187771558762, 0.6951844692230225, 0.7125911116600037, -0.06484024971723557], [-0.1652141809463501, 0.03781863674521446, -0.9828147292137146, -0.07313844561576843], [0.8776439428329468, 0.009313025511801243, 0.01854594051837921, -0.4788636565208435], [0.7311344742774963, 0.04369041323661804, 0.05761066451668739, 0.6783910989761353], [0.9813272356987, -0.005803809966892004, -0.0018412164645269513, 0.19224940240383148], [-0.11077844351530075, 0.34220650792121887, 0.9330564737319946, -0.005328688770532608], [0.8472432494163513, 0.062041353434324265, -0.06206423416733742, -0.5239062309265137], [0.8080540895462036, -0.0019209333695471287, -0.09724774956703186, 0.5810230374336243], [0.9832544326782227, -0.0002505331940483302, 0.006930240895599127, 0.18210600316524506], [0.9963991045951843, -0.02985312044620514, 0.026565255597233772, 0.07477854192256927], [0.9948821067810059, -0.05809631571173668, 0.05236402899026871, 0.06397305428981781], [0.9951778054237366, -0.05934160202741623, 0.049585167318582535, 0.06034146249294281], [0.9885041117668152, 0.0962967798113823, -0.0069739255122840405, 0.11635250598192215], [0.9750899076461792, 0.12747082114219666, -0.16166315972805023, 0.08255866169929504], [-0.018026454374194145, -0.6528756618499756, -0.008087553083896637, -0.7572073936462402], [0.9066830277442932, 0.10643631964921951, 0.39243757724761963, -0.11220444738864899], [0.7906018495559692, -0.022204410284757614, -0.058108508586883545, -0.6091625690460205], [0.9510241746902466, 0.2722223103046417, -0.13358521461486816, 0.06002504751086235], [0.03637993708252907, 0.6274744272232056, -0.06724188476800919, -0.774874746799469], [0.9063576459884644, -0.2876037657260895, -0.30683228373527527, 0.04066857695579529], [0.9338089823722839, 0.015660550445318222, 0.10213034600019455, -0.3425271809101105], [0.9883736371994019, -0.14166608452796936, 0.03680653125047684, 0.04115317761898041]], "joint_names": ["Hips", "LeftUpLeg", "LeftLeg", "LeftFoot", "LeftToe", "RightUpLeg", "RightLeg", "RightFoot", "RightToe", "Spine", "Spine1", "Spine2", "Neck", "Head", "LeftShoulder", "LeftArm", "LeftForeArm", "LeftHand", "RightShoulder", "RightArm", "RightForeArm", "RightHand"]}