{"root_pos": [-18.92571258544922, 93.40625762939453, 74.02247619628906], "local_quat": [[-0.023090910166502, 0.6923664212226868, 0.7208693027496338, -0.02104593999683857], [-0.13913653790950775, -0.012176232412457466, -0.9893847703933716, -0.0401303693652153], [0.8044798970222473, 0.01713757961988449, 0.026704778894782066, -0.5931317210197449], [0.7129719853401184, 0.004636099096387625, -0.0052602351643145084, 0.7011575102806091], [0.9807785153388977, -0.007381661329418421, -0.002880111103877425, 0.19496329128742218], [-0.09685813635587692, 0.30733591318130493, 0.9466209411621094, -0.00848658848553896], [0.8478887677192688, 0.03495128080248833, -0.025954950600862503, -0.5283839106559753], [0.7457863092422485, -0.052324093878269196, -0.11085662245750427, 0.6548097133636475], [0.9835904240608215, -0.00020168318587820977, 0.009658606722950935, 0.18015684187412262], [0.9959762692451477, -0.024375740438699722, 0.025846634060144424, 0.0822736844420433], [0.9947267770767212, -0.04771982505917549, 0.04950934275984764, 0.07609415799379349], [0.9951263070106506, -0.04960959777235985, 0.04546646028757095, 0.07207779586315155], [0.988982081413269, 0.08602079749107361, -0.017575891688466072, 0.11918860673904419], [0.980244517326355, 0.11338280141353607, -0.1469261199235916, 0.06839367002248764], [-0.011173287406563759, -0.646263062953949, -0.0036984931211918592, -0.7630239129066467], [0.885786235332489, 0.1357860416173935, 0.4289366900920868, -0.1138341873884201], [0.8138227462768555, -0.028816794976592064, -0.06575649231672287, -0.576661229133606], [0.9516182541847229, 0.2692260146141052, -0.12901023030281067, 0.07277656346559525], [0.03517575562000275, 0.6185178756713867, -0.06879601627588272, -0.7819625735282898], [0.9168100357055664, -0.23830711841583252, -0.3203495740890503, 0.0067228712141513824], [0.91452556848526, 0.01739233359694481, 0.10174892842769623, -0.3911362886428833], [0.9850819706916809, -0.16618308424949646, 0.03377985581755638, 0.02924901619553566]], "joint_names": ["Hips", "LeftUpLeg", "LeftLeg", "LeftFoot", "LeftToe", "RightUpLeg", "RightLeg", "RightFoot", "RightToe", "Spine", "Spine1", "Spine2", "Neck", "Head", "LeftShoulder", "LeftArm", "LeftForeArm", "LeftHand", "RightShoulder", "RightArm", "RightForeArm", "RightHand"]}