{"root_pos": [-28.275177001953125, 104.33330535888672, 100.40264892578125], "local_quat": [[-0.10114184021949768, 0.7017757296562195, 0.698144793510437, -0.09937385469675064], [-0.1703195571899414, -0.015760943293571472, -0.9792487621307373, -0.10869546979665756], [0.9077212810516357, 0.014452660456299782, 0.010636280290782452, -0.4191897511482239], [0.711740255355835, 0.07687165588140488, 0.09518725425004959, 0.6917051076889038], [0.9820761680603027, -0.002321832813322544, -0.0006027183262631297, 0.18846940994262695], [-0.04682261496782303, 0.39370599389076233, 0.9180381298065186, 0.00302645075134933], [0.8230975270271301, 0.09487150609493256, -0.10945592820644379, -0.5491167902946472], [0.8435096740722656, 0.058562397956848145, -0.0811048150062561, 0.5277156829833984], [0.9828022718429565, -9.519749437458813e-05, 0.002599990228191018, 0.18464264273643494], [0.9964659810066223, -0.03064398653805256, 0.02486148476600647, 0.07415129989385605], [0.9952189326286316, -0.058903977274894714, 0.0495983250439167, 0.06007988005876541], [0.995519757270813, -0.05851306393742561, 0.04822191968560219, 0.0564921498298645], [0.9890772104263306, 0.10611456632614136, -0.00785079225897789, 0.10200237482786179], [0.9725025296211243, 0.1347668468952179, -0.16486340761184692, 0.09432370960712433], [-0.024799183011054993, -0.6577888131141663, -0.010810657404363155, -0.7527163624763489], [0.9292236566543579, 0.02584095112979412, 0.3462721109390259, -0.126376673579216], [0.7510782480239868, -0.01979493722319603, -0.05509379133582115, -0.6576125025749207], [0.9494297504425049, 0.27240797877311707, -0.15066438913345337, 0.0409543402493], [0.028598282486200333, 0.6364932060241699, -0.05533410608768463, -0.76876300573349], [0.8876064419746399, -0.3492850959300995, -0.2986772954463959, 0.03076760098338127], [0.9635261297225952, 0.01595350354909897, 0.10626170784235, -0.24509461224079132], [0.991753876209259, -0.10551539063453674, 0.03070194087922573, 0.06593964993953705]], "joint_names": ["Hips", "LeftUpLeg", "LeftLeg", "LeftFoot", "LeftToe", "RightUpLeg", "RightLeg", "RightFoot", "RightToe", "Spine", "Spine1", "Spine2", "Neck", "Head", "LeftShoulder", "LeftArm", "LeftForeArm", "LeftHand", "RightShoulder", "RightArm", "RightForeArm", "RightHand"]}