{"root_pos": [-17.62868881225586, 90.3908462524414, 69.27680206298828], "local_quat": [[0.005587335210293531, 0.6909177899360657, 0.7229093909263611, 0.0018519090954214334], [-0.11216720938682556, -0.06404171139001846, -0.991131603717804, -0.031229307875037193], [0.7675868272781372, 0.02214178815484047, 0.02782987244427204, -0.6399575471878052], [0.719677746295929, -0.008939871564507484, -0.030206730589270592, 0.6935932040214539], [0.9805072546005249, -0.007939763367176056, -0.00346367503516376, 0.19629187881946564], [-0.07649091631174088, 0.28507933020591736, 0.9554278254508972, 0.00604336429387331], [0.840935468673706, 0.02601444162428379, -0.015254000201821327, -0.5402944087982178], [0.7063592672348022, -0.06558343768119812, -0.11053526401519775, 0.6960871815681458], [0.9837517142295837, 1.3666792256117333e-05, 0.010878483764827251, 0.17920437455177307], [0.9959346055984497, -0.01830318756401539, 0.023044614121317863, 0.08513642847537994], [0.9950767755508423, -0.0365452915430069, 0.04351755976676941, 0.08119630813598633], [0.9955146312713623, -0.038471825420856476, 0.03874092921614647, 0.07726379483938217], [0.9889823794364929, 0.08085329830646515, -0.029181968420743942, 0.12052012979984283], [0.9833922386169434, 0.10407036542892456, -0.1357988566160202, 0.060562264174222946], [-0.006463844794780016, -0.6409095525741577, 0.0003182697982992977, -0.7675890922546387], [0.8756147623062134, 0.15593604743480682, 0.4442843794822693, -0.1076759472489357], [0.8340898752212524, -0.03275205194950104, -0.07209483534097672, -0.545915424823761], [0.9527367949485779, 0.26388877630233765, -0.1263096183538437, 0.08186088502407074], [0.03170096501708031, 0.6159593462944031, -0.06661490350961685, -0.7843159437179565], [0.9213973879814148, -0.20749066770076752, -0.3276481628417969, -0.024921268224716187], [0.8996960520744324, 0.01798386499285698, 0.10056187957525253, -0.42439475655555725], [0.9831554293632507, -0.17828869819641113, 0.03348923474550247, 0.022290317341685295]], "joint_names": ["Hips", "LeftUpLeg", "LeftLeg", "LeftFoot", "LeftToe", "RightUpLeg", "RightLeg", "RightFoot", "RightToe", "Spine", "Spine1", "Spine2", "Neck", "Head", "LeftShoulder", "LeftArm", "LeftForeArm", "LeftHand", "RightShoulder", "RightArm", "RightForeArm", "RightHand"]}