{"root_pos": [-30.560462951660156, 103.60564422607422, 105.88957977294922], "local_quat": [[-0.11296048015356064, 0.7026041150093079, 0.6940293312072754, -0.10913597792387009], [-0.17022892832756042, -0.03751475363969803, -0.9776456952095032, -0.11757422238588333], [0.9003324508666992, 0.01513040903955698, 0.015816662460565567, -0.43465206027030945], [0.6903151869773865, 0.07671760767698288, 0.09788677841424942, 0.7127394676208496], [0.9823077917098999, -0.0010484274243935943, -0.00022259661636780947, 0.18727053701877594], [-0.037068985402584076, 0.40717485547065735, 0.9125899076461792, 0.0037616020999848843], [0.8129464387893677, 0.09865926206111908, -0.1168498694896698, -0.5618991255760193], [0.8447401523590088, 0.06631183624267578, -0.0790724977850914, 0.5251327157020569], [0.9826568961143494, -9.154344297712669e-05, 0.0011712167179211974, 0.18542958796024323], [0.9964544177055359, -0.030597379431128502, 0.024059917777776718, 0.07458897680044174], [0.9952391386032104, -0.05852428451180458, 0.04882478341460228, 0.06074579805135727], [0.9955022931098938, -0.05807853862643242, 0.04796024039387703, 0.057461611926555634], [0.9893545508384705, 0.10521981865167618, -0.007647779770195484, 0.10023896396160126], [0.9730169773101807, 0.13312356173992157, -0.16255564987659454, 0.09535062313079834], [-0.02526726946234703, -0.6580003499984741, -0.010465805418789387, -0.752520740032196], [0.9310643076896667, 0.008820626884698868, 0.3384745419025421, -0.1359281688928604], [0.7431637644767761, -0.020168045535683632, -0.05490832403302193, -0.6665478348731995], [0.9484754204750061, 0.2754012942314148, -0.152317076921463, 0.03671491891145706], [0.02774215303361416, 0.6352235674858093, -0.05337527021765709, -0.7699822187423706], [0.8815059661865234, -0.3577115535736084, -0.30669230222702026, 0.03048587590456009], [0.9686591625213623, 0.015794456005096436, 0.10674413293600082, -0.22373135387897491], [0.9921286702156067, -0.09799636900424957, 0.03229888528585434, 0.07095231860876083]], "joint_names": ["Hips", "LeftUpLeg", "LeftLeg", "LeftFoot", "LeftToe", "RightUpLeg", "RightLeg", "RightFoot", "RightToe", "Spine", "Spine1", "Spine2", "Neck", "Head", "LeftShoulder", "LeftArm", "LeftForeArm", "LeftHand", "RightShoulder", "RightArm", "RightForeArm", "RightHand"]}