{"root_pos": [-26.05887794494629, 103.99185943603516, 95.24903869628906], "local_quat": [[-0.09283343702554703, 0.6997991800308228, 0.7023095488548279, -0.09178436547517776], [-0.1705043613910675, 0.0062956539914011955, -0.9802840352058411, -0.0996590182185173], [0.9091348052024841, 0.013112426735460758, 0.009227429516613483, -0.41619327664375305], [0.7348544001579285, 0.07048726081848145, 0.08682327717542648, 0.6689411997795105], [0.9818395376205444, -0.003591845277696848, -0.001000426011160016, 0.18967682123184204], [-0.06984112411737442, 0.3823266625404358, 0.9213823676109314, 0.0017658191500231624], [0.8339242339134216, 0.08664762228727341, -0.0964408814907074, -0.5364342927932739], [0.8380127549171448, 0.04228479415178299, -0.08566614240407944, 0.5372223258018494], [0.9829524755477905, -0.00012013407831545919, 0.004022549372166395, 0.18381550908088684], [0.9965407848358154, -0.03035304881632328, 0.02494022622704506, 0.07323387265205383], [0.9952494502067566, -0.0589493103325367, 0.04976973682641983, 0.059384893625974655], [0.9955361485481262, -0.05903627350926399, 0.04804857820272446, 0.05580194666981697], [0.9886849522590637, 0.10540112107992172, -0.006626645103096962, 0.10652991384267807], [0.9723536968231201, 0.13552069664001465, -0.16658355295658112, 0.09171868860721588], [-0.023025933653116226, -0.6567084789276123, -0.010147739201784134, -0.7537246942520142], [0.9246363639831543, 0.050948578864336014, 0.3587435185909271, -0.11728166043758392], [0.7633833289146423, -0.019530149176716805, -0.05534310266375542, -0.6432740688323975], [0.950790524482727, 0.2692343592643738, -0.145834282040596, 0.047355957329273224], [0.031266652047634125, 0.6355922222137451, -0.059235651046037674, -0.7691138386726379], [0.8938422203063965, -0.3337179124355316, -0.29726022481918335, 0.036259882152080536], [0.9556738138198853, 0.01545462291687727, 0.10481847822666168, -0.27470314502716064], [0.9912264347076416, -0.11400648951530457, 0.03183300793170929, 0.05881597846746445]], "joint_names": ["Hips", "LeftUpLeg", "LeftLeg", "LeftFoot", "LeftToe", "RightUpLeg", "RightLeg", "RightFoot", "RightToe", "Spine", "Spine1", "Spine2", "Neck", "Head", "LeftShoulder", "LeftArm", "LeftForeArm", "LeftHand", "RightShoulder", "RightArm", "RightForeArm", "RightHand"]}