{"root_pos": [-16.442211151123047, 88.11701965332031, 64.79158782958984], "local_quat": [[0.03472566232085228, 0.6884620785713196, 0.7239400744438171, 0.02692442759871483], [-0.07700049132108688, -0.12321197986602783, -0.9891061186790466, -0.023638121783733368], [0.7371793389320374, 0.021052991971373558, 0.033885836601257324, -0.6745184659957886], [0.723047137260437, -0.017355987802147865, -0.03694586455821991, 0.689591646194458], [0.9802467226982117, -0.00833299569785595, -0.00400401558727026, 0.19756241142749786], [-0.05956532806158066, 0.2688240706920624, 0.9611396789550781, 0.01990506425499916], [0.8266491293907166, 0.019007842987775803, -0.010967344045639038, -0.5622896552085876], [0.6696900725364685, -0.06705287843942642, -0.10189314186573029, 0.7325550317764282], [0.9839040040969849, 0.0002444866404403001, 0.011961378157138824, 0.1782965213060379], [0.995938777923584, -0.012266428209841251, 0.020964588969945908, 0.08669476211071014], [0.9953225255012512, -0.025138821452856064, 0.038849860429763794, 0.08480466902256012], [0.9958049058914185, -0.026688028126955032, 0.033269718289375305, 0.08095402270555496], [0.9884611964225769, 0.07479622215032578, -0.04193992540240288, 0.1248636245727539], [0.9864169955253601, 0.09337005764245987, -0.12364298850297928, 0.05455191805958748], [-0.0023210421204566956, -0.6356580853462219, 0.003930814564228058, -0.7719572186470032], [0.8684152364730835, 0.17642483115196228, 0.4519875943660736, -0.10215986520051956], [0.8578191995620728, -0.03683193027973175, -0.0796244665980339, -0.5064084529876709], [0.9535091519355774, 0.2591775953769684, -0.12383580207824707, 0.09117018431425095], [0.026270227506756783, 0.61417555809021, -0.06243187561631203, -0.786257266998291], [0.9260600805282593, -0.17024807631969452, -0.3295048177242279, -0.06967628002166748], [0.8806864619255066, 0.018948687240481377, 0.09978742152452469, -0.46268200874328613], [0.9805671572685242, -0.19167831540107727, 0.03960239514708519, 0.013380225747823715]], "joint_names": ["Hips", "LeftUpLeg", "LeftLeg", "LeftFoot", "LeftToe", "RightUpLeg", "RightLeg", "RightFoot", "RightToe", "Spine", "Spine1", "Spine2", "Neck", "Head", "LeftShoulder", "LeftArm", "LeftForeArm", "LeftHand", "RightShoulder", "RightArm", "RightForeArm", "RightHand"]}