{"root_pos": [-7.756063461303711, 96.46671295166016, 31.44460678100586], "local_quat": [[0.20246869325637817, 0.654509961605072, 0.7104624509811401, 0.16082999110221863], [0.08861391991376877, -0.2394857108592987, -0.9666863083839417, -0.01765681803226471], [0.790259838104248, 0.0029058768413960934, 0.056566573679447174, -0.6101484298706055], [0.7989429235458374, -0.06660865992307663, -0.0670744776725769, 0.5939314365386963], [0.9789056181907654, -0.012096378952264786, -0.00821019895374775, 0.20378923416137695], [0.09474131464958191, 0.20175260305404663, 0.9721847176551819, 0.07195032387971878], [0.8866943120956421, 0.016357174143195152, -0.01253458857536316, -0.46189671754837036], [0.7879406809806824, 0.01913835108280182, 0.014146341010928154, 0.6152910590171814], [0.9846435785293579, 0.0035206694155931473, 0.01826637238264084, 0.17358285188674927], [0.9978712201118469, 0.0008792562875896692, 0.006592199672013521, 0.06487546861171722], [0.9981182217597961, 0.0010344962356612086, 0.010878519155085087, 0.06033756956458092], [0.9982582330703735, 0.002298422157764435, 0.005876936949789524, 0.05865931883454323], [0.9835116267204285, -0.007918269373476505, -0.10893135517835617, 0.14413945376873016], [0.9983111619949341, -0.029727263376116753, 0.003240695223212242, 0.04980597645044327], [0.00823676586151123, -0.631280779838562, 0.011311419308185577, -0.7754281163215637], [0.8893623948097229, 0.21742939949035645, 0.40157076716423035, -0.0223616324365139], [0.8498908877372742, -0.05231200158596039, -0.0943181961774826, -0.5158032774925232], [0.9421082139015198, 0.3079802095890045, -0.09430966526269913, 0.09319839626550674], [0.008156140334904194, 0.6229596734046936, -0.05052787810564041, -0.7805778384208679], [0.8743517398834229, -0.14619602262973785, -0.4292670786380768, -0.17281630635261536], [0.760701060295105, 0.011713175103068352, 0.07759090512990952, -0.644341766834259], [0.9695144891738892, -0.2358958125114441, 0.06058259308338165, -0.026918699964880943]], "joint_names": ["Hips", "LeftUpLeg", "LeftLeg", "LeftFoot", "LeftToe", "RightUpLeg", "RightLeg", "RightFoot", "RightToe", "Spine", "Spine1", "Spine2", "Neck", "Head", "LeftShoulder", "LeftArm", "LeftForeArm", "LeftHand", "RightShoulder", "RightArm", "RightForeArm", "RightHand"]}