{"root_pos": [-14.171935081481934, 86.44718170166016, 55.922576904296875], "local_quat": [[0.0856575071811676, 0.6803352236747742, 0.7244864702224731, 0.07018708437681198], [-0.0026452497113496065, -0.24221274256706238, -0.9700071811676025, -0.020299097523093224], [0.6938539147377014, 0.009329586289823055, 0.05646801367402077, -0.7178377509117126], [0.719933807849884, -0.028754502534866333, -0.02371133491396904, 0.6930413842201233], [0.9797542095184326, -0.008895644918084145, -0.005006555933505297, 0.19994387030601501], [-0.020610423758625984, 0.23258891701698303, 0.9709963798522949, 0.0514150969684124], [0.8084176778793335, 0.007949825376272202, -0.007352293934673071, -0.588509738445282], [0.6400313973426819, -0.049084801226854324, -0.06374034285545349, 0.764125406742096], [0.984190821647644, 0.0007905088714323938, 0.013865469954907894, 0.17656627297401428], [0.9961473941802979, -0.002363876672461629, 0.018685301765799522, 0.0856480747461319], [0.995685338973999, -0.0052833580411970615, 0.0329197458922863, 0.08659648150205612], [0.9961833357810974, -0.005228697322309017, 0.026280660182237625, 0.08306987583637238], [0.987173318862915, 0.05604780837893486, -0.0681987851858139, 0.13302746415138245], [0.9927237629890442, 0.062887042760849, -0.09155712276697159, 0.046497248113155365], [0.0037122194189578295, -0.6266894936561584, 0.0094864871352911, -0.7792024612426758], [0.8612189292907715, 0.21145354211330414, 0.45193982124328613, -0.09664271771907806], [0.8905820250511169, -0.045001477003097534, -0.09281767904758453, -0.4429711699485779], [0.9513129591941833, 0.26281216740608215, -0.12485203146934509, 0.10171233862638474], [0.013005843386054039, 0.6108638048171997, -0.05101762339472771, -0.7899831533432007], [0.917338490486145, -0.1204061508178711, -0.3397250175476074, -0.16905450820922852], [0.8417019248008728, 0.01959318481385708, 0.09631173312664032, -0.5309218168258667], [0.9741747379302979, -0.21955826878547668, 0.052494220435619354, -0.004686285275965929]], "joint_names": ["Hips", "LeftUpLeg", "LeftLeg", "LeftFoot", "LeftToe", "RightUpLeg", "RightLeg", "RightFoot", "RightToe", "Spine", "Spine1", "Spine2", "Neck", "Head", "LeftShoulder", "LeftArm", "LeftForeArm", "LeftHand", "RightShoulder", "RightArm", "RightForeArm", "RightHand"]}