{"root_pos": [-10.786474227905273, 91.8316650390625, 42.44565200805664], "local_quat": [[0.14792633056640625, 0.6690153479576111, 0.7186174988746643, 0.11884892731904984], [0.07533185929059982, -0.27119311690330505, -0.95926433801651, -0.02431495301425457], [0.7212958931922913, -0.0038139696698635817, 0.07362445443868637, -0.6886922717094421], [0.7699182033538818, -0.04764992371201515, -0.019274281337857246, 0.6360690593719482], [0.9792260527610779, -0.01028967835009098, -0.006786875892430544, 0.20239664614200592], [0.056681789457798004, 0.19445481896400452, 0.976726233959198, 0.07057210057973862], [0.8593021631240845, 0.006530276965349913, -0.0049429405480623245, -0.5114026069641113], [0.713503360748291, -0.014976819977164268, -0.01642579957842827, 0.700299084186554], [0.984470009803772, 0.0025281074922531843, 0.016337700188159943, 0.1747722178697586], [0.9971604943275452, 2.858175321307499e-05, 0.014369812794029713, 0.07392271608114243], [0.9970887303352356, 0.0012885620817542076, 0.023387674242258072, 0.07256369292736053], [0.9973955154418945, 0.0034150402061641216, 0.0173342302441597, 0.06992915272712708], [0.9845077991485596, 0.015571744181215763, -0.09609586745500565, 0.1458335667848587], [0.998469352722168, 0.004447543993592262, -0.03557806462049484, 0.04211043193936348], [0.007859583012759686, -0.6241146922111511, 0.012374118901789188, -0.7811951637268066], [0.8684515357017517, 0.23737932741641998, 0.4322958290576935, -0.0506276898086071], [0.8895863890647888, -0.05171489343047142, -0.09940153360366821, -0.4428105056285858], [0.9474415183067322, 0.2789739668369293, -0.11910833418369293, 0.10169220715761185], [0.006518710870295763, 0.6117501854896545, -0.04745624214410782, -0.7895992994308472], [0.884552001953125, -0.11545708030462265, -0.4059269428253174, -0.1986474096775055], [0.7893164753913879, 0.015093394555151463, 0.08483477681875229, -0.60791015625], [0.9685789942741394, -0.2357243150472641, 0.07566391676664352, -0.02374338172376156]], "joint_names": ["Hips", "LeftUpLeg", "LeftLeg", "LeftFoot", "LeftToe", "RightUpLeg", "RightLeg", "RightFoot", "RightToe", "Spine", "Spine1", "Spine2", "Neck", "Head", "LeftShoulder", "LeftArm", "LeftForeArm", "LeftHand", "RightShoulder", "RightArm", "RightForeArm", "RightHand"]}