{"root_pos": [-11.952581405639648, 89.38947296142578, 47.32459259033203], "local_quat": [[0.12528596818447113, 0.6710235476493835, 0.723731517791748, 0.10120965540409088], [0.05750500038266182, -0.2763501703739166, -0.9589213132858276, -0.028174426406621933], [0.6937523484230042, -0.003668580437079072, 0.0760551318526268, -0.716177225112915], [0.7438797354698181, -0.03946822136640549, -0.007270385045558214, 0.667107343673706], [0.9793718457221985, -0.009673712775111198, -0.0061282445676624775, 0.20174144208431244], [0.03125860169529915, 0.20387694239616394, 0.9763180613517761, 0.0652695968747139], [0.8360929489135742, 0.005280373152345419, -0.00580083392560482, -0.5485317707061768], [0.6761268973350525, -0.024642296135425568, -0.02805681712925434, 0.7358382940292358], [0.9843966960906982, 0.0018520473968237638, 0.015553978271782398, 0.17526501417160034], [0.9967918992042542, -0.000185295837582089, 0.01637459732592106, 0.07834401726722717], [0.9965579509735107, 0.0006932617980055511, 0.027010664343833923, 0.07837162911891937], [0.9969294667243958, 0.0025849435478448868, 0.020718853920698166, 0.07547082751989365], [0.985332727432251, 0.029969120398163795, -0.08813667297363281, 0.14301465451717377], [0.9972647428512573, 0.024718554690480232, -0.05461573600769043, 0.04323390871286392], [0.007126722484827042, -0.6225033402442932, 0.012124920263886452, -0.7824907898902893], [0.863386869430542, 0.2349548488855362, 0.44063881039619446, -0.07208973169326782], [0.8973914384841919, -0.05085713416337967, -0.09989922493696213, -0.42675790190696716], [0.9484336972236633, 0.272822767496109, -0.12417294085025787, 0.10306485742330551], [0.0072423615492880344, 0.6084882020950317, -0.04700331762433052, -0.7921364903450012], [0.8944398760795593, -0.11073266714811325, -0.3840150833129883, -0.20061908662319183], [0.806238055229187, 0.017451895400881767, 0.08943004906177521, -0.5845322608947754], [0.9690828919410706, -0.23565387725830078, 0.07044120132923126, -0.019584499299526215]], "joint_names": ["Hips", "LeftUpLeg", "LeftLeg", "LeftFoot", "LeftToe", "RightUpLeg", "RightLeg", "RightFoot", "RightToe", "Spine", "Spine1", "Spine2", "Neck", "Head", "LeftShoulder", "LeftArm", "LeftForeArm", "LeftHand", "RightShoulder", "RightArm", "RightForeArm", "RightHand"]}