{"root_pos": [-5.64885139465332, 97.81700897216797, 25.654369354248047], "local_quat": [[0.24051840603351593, 0.6409271955490112, 0.7034432291984558, 0.1911303699016571], [0.08954940736293793, -0.2153911143541336, -0.9722853899002075, -0.015767483040690422], [0.815011739730835, 0.007641220465302467, 0.046928439289331436, -0.5774903893470764], [0.8047112226486206, -0.06914270669221878, -0.08345051109790802, 0.5836910009384155], [0.9787118434906006, -0.013227520510554314, -0.008805102668702602, 0.20462319254875183], [0.10640714317560196, 0.20199546217918396, 0.9710509181022644, 0.07025328278541565], [0.8887073397636414, 0.02010159008204937, -0.016690298914909363, -0.45772993564605713], [0.8141525983810425, 0.03548978269100189, 0.029979612678289413, 0.578789472579956], [0.9847400188446045, 0.0037724769208580256, 0.019406868144869804, 0.1729050725698471], [0.9980665445327759, 0.0011497215600684285, 0.0023792609572410583, 0.06209807097911835], [0.9983707070350647, 0.00017572192882653326, 0.004319548141211271, 0.05689621716737747], [0.9984586834907532, 0.0009552699630148709, -0.00021623307839035988, 0.055491853505373], [0.9831656813621521, -0.0189680065959692, -0.11364907771348953, 0.14180763065814972], [0.9971799850463867, -0.04566385596990585, 0.022220104932785034, 0.055255528539419174], [0.0074441502802073956, -0.6337501406669617, 0.009656581096351147, -0.773441731929779], [0.8988211154937744, 0.199546679854393, 0.3897463381290436, -0.0199897401034832], [0.8267492055892944, -0.052198443561792374, -0.09129929542541504, -0.5526531934738159], [0.938917875289917, 0.3221530318260193, -0.08331397920846939, 0.08780285716056824], [0.00964882131665945, 0.6281304955482483, -0.05255528539419174, -0.7762712240219116], [0.8720180988311768, -0.16630855202674866, -0.4308723211288452, -0.16209550201892853], [0.7570209503173828, 0.010767374187707901, 0.07629774510860443, -0.6488312482833862], [0.9713039398193359, -0.23108726739883423, 0.05032091960310936, -0.025202976539731026]], "joint_names": ["Hips", "LeftUpLeg", "LeftLeg", "LeftFoot", "LeftToe", "RightUpLeg", "RightLeg", "RightFoot", "RightToe", "Spine", "Spine1", "Spine2", "Neck", "Head", "LeftShoulder", "LeftArm", "LeftForeArm", "LeftHand", "RightShoulder", "RightArm", "RightForeArm", "RightHand"]}