{"root_pos": [-13.042709350585938, 87.60426330566406, 51.809967041015625], "local_quat": [[0.10601937025785446, 0.6743565201759338, 0.7255269289016724, 0.08725760132074356], [0.03127729520201683, -0.2761715352535248, -0.9603046774864197, -0.023788120597600937], [0.684150755405426, 0.0019328565103933215, 0.06865082681179047, -0.7260999083518982], [0.7285627722740173, -0.033490732312202454, -0.012047989293932915, 0.6840537190437317], [0.9795425534248352, -0.009231369942426682, -0.0055185891687870026, 0.20094941556453705], [0.004747960716485977, 0.2159099131822586, 0.9744603633880615, 0.06154211238026619], [0.8169203400611877, 0.0058165304362773895, -0.006524795200675726, -0.576684296131134], [0.648585319519043, -0.03673325851559639, -0.04462162032723427, 0.7589444518089294], [0.9843084812164307, 0.0012413753429427743, 0.014736359938979149, 0.1758355051279068], [0.9964120388031006, -0.0005623367032967508, 0.017793167382478714, 0.08274167776107788], [0.9960343241691589, -0.0008501441334374249, 0.03023688495159149, 0.08367001265287399], [0.9964783191680908, 0.0003948521625716239, 0.023663489148020744, 0.08044120669364929], [0.9862819314002991, 0.043850548565387726, -0.0794852152466774, 0.13786622881889343], [0.9952986836433411, 0.04453608766198158, -0.07370169460773468, 0.044329412281513214], [0.005668564699590206, -0.6238182187080383, 0.011241970583796501, -0.7814679741859436], [0.8619986772537231, 0.22348758578300476, 0.44649598002433777, -0.08748140186071396], [0.8968015313148499, -0.04843504726886749, -0.09741494059562683, -0.42884907126426697], [0.9497610926628113, 0.2675308287143707, -0.12569253146648407, 0.10287139564752579], [0.00896536000072956, 0.6089924573898315, -0.04775180667638779, -0.791686475276947], [0.9068336486816406, -0.11035559326410294, -0.35726264119148254, -0.19451949000358582], [0.8238793611526489, 0.019064567983150482, 0.09346534311771393, -0.5586801171302795], [0.9711928367614746, -0.22985094785690308, 0.0615554004907608, -0.012802403420209885]], "joint_names": ["Hips", "LeftUpLeg", "LeftLeg", "LeftFoot", "LeftToe", "RightUpLeg", "RightLeg", "RightFoot", "RightToe", "Spine", "Spine1", "Spine2", "Neck", "Head", "LeftShoulder", "LeftArm", "LeftForeArm", "LeftHand", "RightShoulder", "RightArm", "RightForeArm", "RightHand"]}