{"root_pos": [2.677933692932129, 96.50616455078125, 10.502227783203125], "local_quat": [[0.3910176455974579, 0.5734604597091675, 0.6389517188072205, 0.33164599537849426], [0.07447244971990585, -0.18863029778003693, -0.9791380167007446, -0.012696809135377407], [0.8671534061431885, 0.014651893638074398, 0.029557883739471436, -0.49694737792015076], [0.7793840169906616, -0.052535757422447205, -0.07956821471452713, 0.6192491054534912], [0.9779913425445557, -0.016305837780237198, -0.010182078927755356, 0.20775769650936127], [0.07905804365873337, 0.19605466723442078, 0.9765393137931824, 0.04102715849876404], [0.8447274565696716, 0.01868097297847271, -0.02125033736228943, -0.5344482660293579], [0.8046900033950806, 0.030208609998226166, 0.02278846688568592, 0.5924881100654602], [0.9850230813026428, 0.003556479699909687, 0.023167988285422325, 0.170821875333786], [0.9983511567115784, 0.006746659521013498, -0.004538797307759523, 0.056823015213012695], [0.9985213875770569, 0.006333582103252411, -0.005057604983448982, 0.053752969950437546], [0.9985070824623108, 0.0059278616681694984, -0.00997052900493145, 0.05337666720151901], [0.983062207698822, -0.0493420772254467, -0.12353543937206268, 0.1260676383972168], [0.9922583699226379, -0.08734092116355896, 0.06965425610542297, 0.05425020307302475], [0.012958968989551067, -0.6285871863365173, 0.01243223249912262, -0.7775317430496216], [0.9071621894836426, 0.16269060969352722, 0.3879314959049225, -0.009886043146252632], [0.7963950634002686, -0.05448875576257706, -0.09099794179201126, -0.5954035520553589], [0.9320152997970581, 0.34780681133270264, -0.06528981775045395, 0.07819822430610657], [0.013748782686889172, 0.6348170638084412, -0.05856421962380409, -0.7703171968460083], [0.87445068359375, -0.1939472109079361, -0.4098305404186249, -0.17250914871692657], [0.7641491293907166, 0.01247694157063961, 0.0805414617061615, -0.6398698687553406], [0.9734305143356323, -0.2233789712190628, 0.04429374635219574, -0.02393626794219017]], "joint_names": ["Hips", "LeftUpLeg", "LeftLeg", "LeftFoot", "LeftToe", "RightUpLeg", "RightLeg", "RightFoot", "RightToe", "Spine", "Spine1", "Spine2", "Neck", "Head", "LeftShoulder", "LeftArm", "LeftForeArm", "LeftHand", "RightShoulder", "RightArm", "RightForeArm", "RightHand"]}