{"root_pos": [-9.42805290222168, 94.33829498291016, 37.05695724487305], "local_quat": [[0.17280235886573792, 0.6637238264083862, 0.7141967415809631, 0.13976073265075684], [0.08363498747348785, -0.2570130527019501, -0.9625447988510132, -0.021375717595219612], [0.7581489682197571, -0.0014249937376007438, 0.06602717936038971, -0.6487284302711487], [0.787327229976654, -0.05807909369468689, -0.04244644567370415, 0.6123241782188416], [0.9790798425674438, -0.011110786348581314, -0.007515413220971823, 0.2030337005853653], [0.07827254384756088, 0.19574777781963348, 0.974755048751831, 0.07354436069726944], [0.8767146468162537, 0.010975209064781666, -0.007930324412882328, -0.48082032799720764], [0.7538947463035583, 0.001913687214255333, -0.0005947452737018466, 0.6569921374320984], [0.9845498204231262, 0.003097092965617776, 0.017226049676537514, 0.17422761023044586], [0.9975468516349792, -0.0001444086665287614, 0.010812351480126381, 0.06916151195764542], [0.9976536631584167, 0.00031570068676956, 0.017568878829479218, 0.06616922467947006], [0.997877299785614, 0.0021331259049475193, 0.01201450265944004, 0.06396963447332382], [0.9840382933616638, 0.003509474452584982, -0.10239824652671814, 0.14550235867500305], [0.9988041520118713, -0.012862994335591793, -0.016986191272735596, 0.04400338605046272], [0.007955748587846756, -0.6279153227806091, 0.011659868992865086, -0.778153657913208], [0.8783497214317322, 0.2310585379600525, 0.41722631454467773, -0.03218546882271767], [0.8725948333740234, -0.052130986005067825, -0.09723483771085739, -0.47582143545150757], [0.9450310468673706, 0.2927539646625519, -0.1077619418501854, 0.09797342866659164], [0.00730269867926836, 0.6169015765190125, -0.0491555891931057, -0.7854697704315186], [0.8781483769416809, -0.12654878199100494, -0.4215225279331207, -0.1875087171792984], [0.7708503603935242, 0.013181112706661224, 0.08052114397287369, -0.6317691802978516], [0.9684016704559326, -0.23734797537326813, 0.07171127200126648, -0.026865148916840553]], "joint_names": ["Hips", "LeftUpLeg", "LeftLeg", "LeftFoot", "LeftToe", "RightUpLeg", "RightLeg", "RightFoot", "RightToe", "Spine", "Spine1", "Spine2", "Neck", "Head", "LeftShoulder", "LeftArm", "LeftForeArm", "LeftHand", "RightShoulder", "RightArm", "RightForeArm", "RightHand"]}