{"root_pos": [-0.32044076919555664, 97.86748504638672, 15.573049545288086], "local_quat": [[0.3386930525302887, 0.6007905006408691, 0.6677492260932922, 0.2800871729850769], [0.08074955642223358, -0.19236749410629272, -0.9779437184333801, -0.010017499327659607], [0.8551013469696045, 0.0130007928237319, 0.03597799688577652, -0.5170477628707886], [0.7957419753074646, -0.07077249884605408, -0.10069076716899872, 0.5929985642433167], [0.9782620072364807, -0.015269759111106396, -0.009745991788804531, 0.20657993853092194], [0.09805432707071304, 0.19793155789375305, 0.9736823439598083, 0.05613495409488678], [0.8642489910125732, 0.020713966339826584, -0.020106423646211624, -0.5022354125976562], [0.8225669860839844, 0.03684813156723976, 0.030448123812675476, 0.566655695438385], [0.9849306344985962, 0.0037623054813593626, 0.02177445963025093, 0.17153237760066986], [0.9982696175575256, 0.004845756571739912, -0.0029788336250931025, 0.058526184409856796], [0.9985273480415344, 0.004187633283436298, -0.003037662012502551, 0.05400333181023598], [0.9985385537147522, 0.00409590732306242, -0.00752277672290802, 0.053360726684331894], [0.9830334782600403, -0.03971058875322342, -0.12277959287166595, 0.13035930693149567], [0.9938536286354065, -0.07471316307783127, 0.05601147562265396, 0.059461891651153564], [0.010551066137850285, -0.6325061321258545, 0.010891953483223915, -0.7744068503379822], [0.9074782729148865, 0.17180125415325165, 0.38310113549232483, -0.014180094003677368], [0.7949314713478088, -0.05276978388428688, -0.08863626420497894, -0.5978653430938721], [0.9337520599365234, 0.3423096537590027, -0.067666195333004, 0.07970351725816727], [0.011010492220520973, 0.6347265243530273, -0.054448094218969345, -0.7707375884056091], [0.8727022409439087, -0.19321958720684052, -0.41637834906578064, -0.166391521692276], [0.7598025798797607, 0.010736122727394104, 0.07759949564933777, -0.6454170346260071], [0.9735861420631409, -0.22360573709011078, 0.039808597415685654, -0.02336241491138935]], "joint_names": ["Hips", "LeftUpLeg", "LeftLeg", "LeftFoot", "LeftToe", "RightUpLeg", "RightLeg", "RightFoot", "RightToe", "Spine", "Spine1", "Spine2", "Neck", "Head", "LeftShoulder", "LeftArm", "LeftForeArm", "LeftHand", "RightShoulder", "RightArm", "RightForeArm", "RightHand"]}