{"root_pos": [-3.2483322620391846, 98.20999145507812, 20.16471290588379], "local_quat": [[0.28687623143196106, 0.6231492161750793, 0.6893270611763, 0.2328418344259262], [0.08670991659164429, -0.1967930942773819, -0.9765357971191406, -0.011479181237518787], [0.8353488445281982, 0.011231660842895508, 0.04051928594708443, -0.5481097102165222], [0.8027435541152954, -0.07150796055793762, -0.09615490585565567, 0.5841606259346008], [0.978496789932251, -0.014269396662712097, -0.009318339638411999, 0.20555667579174042], [0.10851892083883286, 0.20169620215892792, 0.971233606338501, 0.06517393887042999], [0.8792349696159363, 0.021558981388807297, -0.019738538190722466, -0.4754907786846161], [0.8270987272262573, 0.04184810817241669, 0.035640548914670944, 0.5593624114990234], [0.9848387241363525, 0.0038461668882519007, 0.020566506311297417, 0.1722058653831482], [0.9981752634048462, 0.0027732234448194504, -0.0006507973303087056, 0.06031607463955879], [0.998465359210968, 0.001804012106731534, -4.7698031266918406e-05, 0.05535155162215233], [0.9985158443450928, 0.0021006418392062187, -0.004418031312525272, 0.054241765290498734], [0.9829363226890564, -0.029768649488687515, -0.11932817846536636, 0.13678786158561707], [0.9955834746360779, -0.061172857880592346, 0.04050984978675842, 0.058568939566612244], [0.008380504325032234, -0.6340682506561279, 0.009609452448785305, -0.7731719017028809], [0.9049213528633118, 0.18312841653823853, 0.3837727904319763, -0.017308859154582024], [0.8063797354698181, -0.052303560078144073, -0.08912785351276398, -0.5822991728782654], [0.9358999133110046, 0.3341193199157715, -0.0748802050948143, 0.08275683969259262], [0.009876095689833164, 0.6320034861564636, -0.052933502942323685, -0.77309250831604], [0.8705551028251648, -0.1831519603729248, -0.4264635741710663, -0.16345635056495667], [0.7576519250869751, 0.010375205427408218, 0.07639649510383606, -0.6480890512466431], [0.9727081060409546, -0.22680553793907166, 0.042858678847551346, -0.023688899353146553]], "joint_names": ["Hips", "LeftUpLeg", "LeftLeg", "LeftFoot", "LeftToe", "RightUpLeg", "RightLeg", "RightFoot", "RightToe", "Spine", "Spine1", "Spine2", "Neck", "Head", "LeftShoulder", "LeftArm", "LeftForeArm", "LeftHand", "RightShoulder", "RightArm", "RightForeArm", "RightHand"]}