{"root_pos": [8.937605857849121, 92.57758331298828, 1.3286151885986328], "local_quat": [[0.50114506483078, 0.4984402358531952, 0.5548936724662781, 0.4387527406215668], [0.06145736575126648, -0.19087719917297363, -0.9796074628829956, -0.012571512721478939], [0.866482138633728, 0.016440419480204582, 0.01931970939040184, -0.49856317043304443], [0.7452466487884521, -0.015303127467632294, -0.03157973289489746, 0.6658648252487183], [0.977441668510437, -0.01829552836716175, -0.011360477656126022, 0.21010452508926392], [0.03971051052212715, 0.19899623095989227, 0.9784613251686096, 0.037909042090177536], [0.7918475270271301, 0.013407851569354534, -0.022865524515509605, -0.6101434230804443], [0.7617945075035095, 0.007321411743760109, -0.0041502490639686584, 0.6477640867233276], [0.9852031469345093, 0.003085410688072443, 0.025968147441744804, 0.16938363015651703], [0.9984967112541199, 0.009577671997249126, -0.0038074003532528877, 0.053833626210689545], [0.9984486699104309, 0.009660569950938225, -0.003032062202692032, 0.05475138872861862], [0.9983996748924255, 0.008896704763174057, -0.009775928221642971, 0.05498291179537773], [0.9830462336540222, -0.06740042567253113, -0.12172729521989822, 0.11941485106945038], [0.9894476532936096, -0.11003906279802322, 0.08994381129741669, 0.028194257989525795], [0.01739603653550148, -0.6166797280311584, 0.015273631550371647, -0.7868736386299133], [0.8946599960327148, 0.1551341712474823, 0.4189412593841553, -0.0022678039968013763], [0.819935142993927, -0.059819627553224564, -0.09956841170787811, -0.5605481266975403], [0.9308252334594727, 0.3488944172859192, -0.07380830496549606, 0.07993392646312714], [0.020427243784070015, 0.6315141916275024, -0.0701361671090126, -0.7719153761863708], [0.8766546249389648, -0.181463360786438, -0.40050432085990906, -0.1953047811985016], [0.7816124558448792, 0.01735217310488224, 0.08940348029136658, -0.6170801520347595], [0.9714560508728027, -0.23054490983486176, 0.051641397178173065, -0.021337073296308517]], "joint_names": ["Hips", "LeftUpLeg", "LeftLeg", "LeftFoot", "LeftToe", "RightUpLeg", "RightLeg", "RightFoot", "RightToe", "Spine", "Spine1", "Spine2", "Neck", "Head", "LeftShoulder", "LeftArm", "LeftForeArm", "LeftHand", "RightShoulder", "RightArm", "RightForeArm", "RightHand"]}