{"root_pos": [10.911961555480957, 90.91300964355469, -2.3829424381256104], "local_quat": [[0.5521246194839478, 0.45279327034950256, 0.4994209110736847, 0.4906276762485504], [0.056960511952638626, -0.1995561569929123, -0.97817063331604, -0.010725852102041245], [0.863171398639679, 0.017164945602416992, 0.014960411004722118, -0.5043973922729492], [0.7328349351882935, -0.0061556510627269745, -0.020604576915502548, 0.6800665855407715], [0.9772484302520752, -0.019064541906118393, -0.012015089392662048, 0.21089738607406616], [0.02196851186454296, 0.19916102290153503, 0.9787136912345886, 0.044404320418834686], [0.7826472520828247, 0.013429724611341953, -0.021277301013469696, -0.6219568252563477], [0.7420438528060913, -0.006655269302427769, -0.021943911910057068, 0.6699590682983398], [0.9852696061134338, 0.002939234720543027, 0.02696944773197174, 0.1688424050807953], [0.9986334443092346, 0.010225232690572739, -0.003266523592174053, 0.05114680156111717], [0.9985419511795044, 0.01021689921617508, -0.0017684943741187453, 0.052974484860897064], [0.9984657168388367, 0.009485798887908459, -0.009530690498650074, 0.05371680110692978], [0.9827811121940613, -0.07505381852388382, -0.12238607555627823, 0.11631837487220764], [0.9878244996070862, -0.12001246213912964, 0.09791799634695053, 0.014553568325936794], [0.019195690751075745, -0.6099007725715637, 0.016380643472075462, -0.7920758724212646], [0.8856755495071411, 0.15175820887088776, 0.4388028383255005, 0.0006758018862456083], [0.8265682458877563, -0.0616912916302681, -0.10206691920757294, -0.5500558018684387], [0.9296711087226868, 0.350772500038147, -0.08000730723142624, 0.07917694002389908], [0.023776693269610405, 0.6299129128456116, -0.07621198147535324, -0.7725516557693481], [0.8756510615348816, -0.18078948557376862, -0.3972535729408264, -0.2067362368106842], [0.7940446734428406, 0.01939740963280201, 0.09396808594465256, -0.6002389788627625], [0.9711580276489258, -0.231772780418396, 0.05301390215754509, -0.017972059547901154]], "joint_names": ["Hips", "LeftUpLeg", "LeftLeg", "LeftFoot", "LeftToe", "RightUpLeg", "RightLeg", "RightFoot", "RightToe", "Spine", "Spine1", "Spine2", "Neck", "Head", "LeftShoulder", "LeftArm", "LeftForeArm", "LeftHand", "RightShoulder", "RightArm", "RightForeArm", "RightHand"]}