{"root_pos": [17.727209091186523, 92.83084106445312, -19.314809799194336], "local_quat": [[0.6710624098777771, 0.2757682502269745, 0.26269933581352234, 0.6360945105552673], [0.03501872718334198, -0.16055695712566376, -0.9858794212341309, -0.032201286405324936], [0.8906776905059814, 0.039275988936424255, -0.01605525054037571, -0.4526509642601013], [0.7543462514877319, -0.023549295961856842, -0.09485027939081192, 0.6491614580154419], [0.9764882922172546, -0.02209867537021637, -0.015759408473968506, 0.21385487914085388], [-0.0011222136672586203, 0.1687488555908203, 0.9856582283973694, -0.0005759868072345853], [0.847330629825592, 0.024661323055624962, -0.012636879459023476, -0.5303422808647156], [0.7353876233100891, 0.007494028657674789, -0.0038184006698429585, 0.6775945425033569], [0.9855435490608215, 0.00426655076444149, 0.03058544173836708, 0.16658413410186768], [0.9986191987991333, 0.015494202263653278, -0.005531943868845701, 0.049890656024217606], [0.9985071420669556, 0.01559867337346077, -0.003064136253669858, 0.05225718393921852], [0.9984172582626343, 0.015563813969492912, -0.012770853005349636, 0.05251382663846016], [0.9846199750900269, -0.08807416260242462, -0.12890294194221497, 0.07842443138360977], [0.9819528460502625, -0.14050576090812683, 0.12659208476543427, -0.0010580777889117599], [0.021428551524877548, -0.599079430103302, 0.012491823174059391, -0.8003054261207581], [0.8839902877807617, 0.1557016521692276, 0.44080841541290283, 0.0024764975532889366], [0.7851783633232117, -0.0668523833155632, -0.10169282555580139, -0.6071938872337341], [0.9228816628456116, 0.374351441860199, -0.06435953825712204, 0.06331042945384979], [0.028489435091614723, 0.6393598318099976, -0.08502938598394394, -0.7636605501174927], [0.8622695207595825, -0.23061273992061615, -0.39648380875587463, -0.21473149955272675], [0.8054394721984863, 0.02145061083137989, 0.09825079143047333, -0.5840838551521301], [0.9731969833374023, -0.22725389897823334, 0.03221694752573967, -0.014331917278468609]], "joint_names": ["Hips", "LeftUpLeg", "LeftLeg", "LeftFoot", "LeftToe", "RightUpLeg", "RightLeg", "RightFoot", "RightToe", "Spine", "Spine1", "Spine2", "Neck", "Head", "LeftShoulder", "LeftArm", "LeftForeArm", "LeftHand", "RightShoulder", "RightArm", "RightForeArm", "RightHand"]}