{"root_pos": [12.36620044708252, 89.7253189086914, -6.073456764221191], "local_quat": [[0.5932541489601135, 0.40813034772872925, 0.4432027339935303, 0.5339012742042542], [0.04872352257370949, -0.1966160237789154, -0.9791707396507263, -0.013887960463762283], [0.8655548691749573, 0.01821902021765709, 0.010196009650826454, -0.5003787875175476], [0.7186381220817566, -0.0019646307919174433, -0.018420062959194183, 0.6951374411582947], [0.9770882725715637, -0.01970997080206871, -0.01263858750462532, 0.2115425020456314], [0.004026995040476322, 0.1898968517780304, 0.9808140993118286, 0.04389329254627228], [0.7853337526321411, 0.013700884766876698, -0.01784239336848259, -0.6186637282371521], [0.7249643802642822, -0.015009014867246151, -0.03077612817287445, 0.6879346966743469], [0.9853321313858032, 0.002833099802955985, 0.027745040133595467, 0.16835302114486694], [0.9986577033996582, 0.011942656710743904, -0.002370136324316263, 0.05034508556127548], [0.9985160827636719, 0.01273504551500082, 0.00028313882648944855, 0.05294695124030113], [0.998451828956604, 0.011909738183021545, -0.008516496978700161, 0.0536610409617424], [0.9828517436981201, -0.08165441453456879, -0.1249641627073288, 0.10825349390506744], [0.9858526587486267, -0.12939003109931946, 0.10647828131914139, 0.003882301738485694], [0.02091292105615139, -0.6049486994743347, 0.01736750639975071, -0.7958002686500549], [0.8789103627204895, 0.14696742594242096, 0.4537791609764099, -0.0012205931125208735], [0.8257219195365906, -0.06320091336965561, -0.10298796743154526, -0.5509832501411438], [0.92811518907547, 0.35474738478660583, -0.0827828124165535, 0.07683508098125458], [0.02535983920097351, 0.6310573816299438, -0.0797213539481163, -0.7712120413780212], [0.873312771320343, -0.18474216759204865, -0.39327603578567505, -0.2202931046485901], [0.803189218044281, 0.021000267937779427, 0.0970790833234787, -0.5873854160308838], [0.9703992009162903, -0.2358950823545456, 0.04940173402428627, -0.01543879508972168]], "joint_names": ["Hips", "LeftUpLeg", "LeftLeg", "LeftFoot", "LeftToe", "RightUpLeg", "RightLeg", "RightFoot", "RightToe", "Spine", "Spine1", "Spine2", "Neck", "Head", "LeftShoulder", "LeftArm", "LeftForeArm", "LeftHand", "RightShoulder", "RightArm", "RightForeArm", "RightHand"]}