{"root_pos": [19.08945083618164, 93.31645202636719, -22.383073806762695], "local_quat": [[0.6808882355690002, 0.24570924043655396, 0.2245548516511917, 0.6523751616477966], [0.03699318692088127, -0.14219601452350616, -0.9885393381118774, -0.03466658294200897], [0.9007759094238281, 0.04208029806613922, -0.01890704222023487, -0.4318268597126007], [0.7738714218139648, -0.027516193687915802, -0.10578902810811996, 0.6238386034965515], [0.9763104915618896, -0.022684523835778236, -0.016569294035434723, 0.2145431488752365], [0.0064683761447668076, 0.17810097336769104, 0.9838550090789795, -0.016356294974684715], [0.8586685061454773, 0.02630583755671978, -0.011151750572025776, -0.5117344856262207], [0.7334122657775879, 0.015157132409512997, 0.007679529953747988, 0.6795716285705566], [0.985586941242218, 0.004742503631860018, 0.03133559972047806, 0.1661742627620697], [0.9986941814422607, 0.016253899782896042, -0.00843623373657465, 0.047691889107227325], [0.9985997080802917, 0.015609793365001678, -0.007359219714999199, 0.05000906437635422], [0.9984602928161621, 0.015447553247213364, -0.016446223482489586, 0.05067603290081024], [0.9845679402351379, -0.09016045182943344, -0.13061930239200592, 0.07372726500034332], [0.9803993701934814, -0.14414633810520172, 0.1342998743057251, 0.0016074696322903037], [0.022146765142679214, -0.5987768769264221, 0.01173043716698885, -0.800523579120636], [0.8864277601242065, 0.16528856754302979, 0.4322253465652466, 0.01032991986721754], [0.7786058783531189, -0.06715679913759232, -0.10131670534610748, -0.6156279444694519], [0.9216029644012451, 0.3791246712207794, -0.05592143163084984, 0.06152396649122238], [0.029951926320791245, 0.6391689777374268, -0.08680947870016098, -0.7635639905929565], [0.8604972958564758, -0.24155953526496887, -0.40233051776885986, -0.1983015090227127], [0.7987005114555359, 0.02064409852027893, 0.09696439653635025, -0.593505859375], [0.9747205376625061, -0.22036390006542206, 0.032986968755722046, -0.016476541757583618]], "joint_names": ["Hips", "LeftUpLeg", "LeftLeg", "LeftFoot", "LeftToe", "RightUpLeg", "RightLeg", "RightFoot", "RightToe", "Spine", "Spine1", "Spine2", "Neck", "Head", "LeftShoulder", "LeftArm", "LeftForeArm", "LeftHand", "RightShoulder", "RightArm", "RightForeArm", "RightHand"]}