{"root_pos": [6.048942565917969, 94.78975677490234, 5.456718444824219], "local_quat": [[0.44491976499557495, 0.5405662655830383, 0.6004126071929932, 0.3864443600177765], [0.06808779388666153, -0.18937547504901886, -0.9794480204582214, -0.013510329648852348], [0.8695111274719238, 0.0161471925675869, 0.023057080805301666, -0.4931105971336365], [0.762181282043457, -0.030299551784992218, -0.05191279202699661, 0.6445670127868652], [0.9776939153671265, -0.01737632229924202, -0.010720591060817242, 0.20904003083705902], [0.06007673591375351, 0.1977020502090454, 0.9778205156326294, 0.03422950580716133], [0.818451464176178, 0.015933405607938766, -0.02305622771382332, -0.573891818523407], [0.7856734991073608, 0.021577604115009308, 0.012332618236541748, 0.6181419491767883], [0.9851194620132446, 0.0033217512536793947, 0.02465851604938507, 0.170060396194458], [0.998395562171936, 0.008191266097128391, -0.0047820983454585075, 0.055823277682065964], [0.9984464049339294, 0.00787406973540783, -0.005055732559412718, 0.0549297034740448], [0.9984171390533447, 0.007343431003391743, -0.010729139670729637, 0.05471791326999664], [0.9830998778343201, -0.058382198214530945, -0.12299903482198715, 0.12238206714391708], [0.9909282326698303, -0.09890426695346832, 0.08067291975021362, 0.04208392649888992], [0.015003948472440243, -0.6232069134712219, 0.013570360839366913, -0.7817952632904053], [0.9028689861297607, 0.1574602723121643, 0.39999550580978394, -0.00611775740981102], [0.8072254061698914, -0.05718151107430458, -0.09533675014972687, -0.5796794891357422], [0.9311655759811401, 0.3493717610836029, -0.06856478750705719, 0.07854320853948593], [0.0168521199375391, 0.6333277225494385, -0.06383116543292999, -0.7710626125335693], [0.8755001425743103, -0.187743678689003, -0.4053466320037842, -0.18424393236637115], [0.7708626985549927, 0.01493161078542471, 0.08463993668556213, -0.6311765313148499], [0.9723486304283142, -0.22688551247119904, 0.049966104328632355, -0.023753995075821877]], "joint_names": ["Hips", "LeftUpLeg", "LeftLeg", "LeftFoot", "LeftToe", "RightUpLeg", "RightLeg", "RightFoot", "RightToe", "Spine", "Spine1", "Spine2", "Neck", "Head", "LeftShoulder", "LeftArm", "LeftForeArm", "LeftHand", "RightShoulder", "RightArm", "RightForeArm", "RightHand"]}