{"root_pos": [15.428610801696777, 90.21912384033203, -13.110369682312012], "local_quat": [[0.6447523236274719, 0.33292803168296814, 0.34056299924850464, 0.5978880524635315], [0.03612653166055679, -0.18221330642700195, -0.982236385345459, -0.026548393070697784], [0.8721606731414795, 0.027722451835870743, -0.002680589910596609, -0.4884261190891266], [0.7187666893005371, -0.005395829677581787, -0.04339784011244774, 0.6938746571540833], [0.9767842888832092, -0.02099873125553131, -0.014031033031642437, 0.21273154020309448], [-0.012024307623505592, 0.17270460724830627, 0.9844642877578735, 0.029301870614290237], [0.8118166923522949, 0.018181324005126953, -0.013957572169601917, -0.5834623575210571], [0.718762993812561, -0.013724409975111485, -0.02966652624309063, 0.6944863200187683], [0.9854486584663391, 0.0031706085428595543, 0.029209090396761894, 0.16741469502449036], [0.998612642288208, 0.013443827629089355, -0.002437480026856065, 0.05085354670882225], [0.9984439015388489, 0.013931631110608578, 0.0012571897823363543, 0.05398259684443474], [0.9983991980552673, 0.013571552000939846, -0.008731338195502758, 0.05421114340424538], [0.983806848526001, -0.08660481125116348, -0.12725616991519928, 0.09181227535009384], [0.9836589694023132, -0.13724485039710999, 0.11631755530834198, -0.007002095691859722], [0.021500730887055397, -0.5999578237533569, 0.015411335043609142, -0.7995941042900085], [0.8775836825370789, 0.14438238739967346, 0.4571157395839691, -0.006759119685739279], [0.8077175617218018, -0.0657787099480629, -0.10283078253269196, -0.5767940282821655], [0.9243850111961365, 0.36672571301460266, -0.07964809983968735, 0.06841728091239929], [0.027607358992099762, 0.6345090270042419, -0.08385923504829407, -0.7678564786911011], [0.8681697845458984, -0.1978808492422104, -0.3902451992034912, -0.23416487872600555], [0.8116647601127625, 0.022529425099492073, 0.09987947344779968, -0.5750799179077148], [0.9701715111732483, -0.23876936733722687, 0.0399370938539505, -0.012708831578493118]], "joint_names": ["Hips", "LeftUpLeg", "LeftLeg", "LeftFoot", "LeftToe", "RightUpLeg", "RightLeg", "RightFoot", "RightToe", "Spine", "Spine1", "Spine2", "Neck", "Head", "LeftShoulder", "LeftArm", "LeftForeArm", "LeftHand", "RightShoulder", "RightArm", "RightForeArm", "RightHand"]}