{"root_pos": [20.48825454711914, 93.53314208984375, -25.429540634155273], "local_quat": [[0.6898568272590637, 0.21338826417922974, 0.18480756878852844, 0.6666402220726013], [0.039007317274808884, -0.13146381080150604, -0.9897604584693909, -0.03962230682373047], [0.9078652262687683, 0.04204423725605011, -0.017802715301513672, -0.41676855087280273], [0.7854343056678772, -0.030228445306420326, -0.10900230705738068, 0.6085209250450134], [0.9761316776275635, -0.023254789412021637, -0.017335588112473488, 0.21523424983024597], [0.011597822420299053, 0.19178809225559235, 0.9809081554412842, -0.030033845454454422], [0.8674205541610718, 0.02676614373922348, -0.008924038149416447, -0.4967751204967499], [0.7243874073028564, 0.01953701861202717, 0.01651877351105213, 0.6889181137084961], [0.9856300354003906, 0.005083070136606693, 0.032100167125463486, 0.16576245427131653], [0.9987765550613403, 0.016728367656469345, -0.011272246018052101, 0.04515011981129646], [0.9986792206764221, 0.015238628722727299, -0.01158487144857645, 0.047680336982011795], [0.998491108417511, 0.015064064413309097, -0.02001321129500866, 0.04886631667613983], [0.9845477938652039, -0.0921488106250763, -0.13259224593639374, 0.06777551770210266], [0.9787098169326782, -0.1479295790195465, 0.14225998520851135, 0.002444235607981682], [0.023177212104201317, -0.5977613925933838, 0.01125352829694748, -0.8012599349021912], [0.8897601962089539, 0.17102868854999542, 0.4228430986404419, 0.016720116138458252], [0.7734051942825317, -0.06764015555381775, -0.10138944536447525, -0.6220846176147461], [0.9203163981437683, 0.3834967613220215, -0.04893380403518677, 0.05961252376437187], [0.03180645778775215, 0.6374180316925049, -0.08922804892063141, -0.7646730542182922], [0.8618117570877075, -0.2471141517162323, -0.4043935537338257, -0.18077895045280457], [0.7950590252876282, 0.02022753655910492, 0.09673145413398743, -0.5984271764755249], [0.9761791825294495, -0.2133806198835373, 0.034825220704078674, -0.01817064918577671]], "joint_names": ["Hips", "LeftUpLeg", "LeftLeg", "LeftFoot", "LeftToe", "RightUpLeg", "RightLeg", "RightFoot", "RightToe", "Spine", "Spine1", "Spine2", "Neck", "Head", "LeftShoulder", "LeftArm", "LeftForeArm", "LeftHand", "RightShoulder", "RightArm", "RightForeArm", "RightHand"]}