{"root_pos": [14.050165176391602, 89.5078353881836, -9.639368057250977], "local_quat": [[0.6241934299468994, 0.3672116696834564, 0.38772135972976685, 0.5702721476554871], [0.042743977159261703, -0.1897628754377365, -0.9807459115982056, -0.017332768067717552], [0.8682010769844055, 0.021908195689320564, 0.0037265405990183353, -0.49571460485458374], [0.7126789093017578, -0.0006481075542978942, -0.02506737783551216, 0.701042115688324], [0.9769299626350403, -0.020412011072039604, -0.013288285583257675, 0.21216659247875214], [-0.008478675968945026, 0.17950989305973053, 0.9829532504081726, 0.03882255032658577], [0.7943161129951477, 0.014994429424405098, -0.015331977047026157, -0.607125997543335], [0.7179677486419678, -0.01662212423980236, -0.03195599839091301, 0.6951436996459961], [0.9853888750076294, 0.0028861956670880318, 0.028525004163384438, 0.1678892970085144], [0.9986580014228821, 0.012233057990670204, -0.0025956141762435436, 0.05025777965784073], [0.9985014796257019, 0.012461075559258461, 0.000505498144775629, 0.05328533053398132], [0.9984419941902161, 0.011797631159424782, -0.008974681608378887, 0.05379564315080643], [0.9832899570465088, -0.08480820804834366, -0.12609341740608215, 0.10024450719356537], [0.9846073389053345, -0.13421007990837097, 0.11190824955701828, -0.0035468179266899824], [0.021249467507004738, -0.6017259955406189, 0.016428733244538307, -0.7982507944107056], [0.876613199710846, 0.14358191192150116, 0.45923253893852234, -0.006233158055692911], [0.8183038234710693, -0.06469167023897171, -0.10318616032600403, -0.561735212802887], [0.9258819222450256, 0.3615669906139374, -0.08210925757884979, 0.07259552925825119], [0.027283528819680214, 0.6322935223579407, -0.08299948275089264, -0.7697866559028625], [0.8706992864608765, -0.18952597677707672, -0.39182049036026, -0.22899633646011353], [0.80874103307724, 0.022256575524806976, 0.0991661548614502, -0.5793173313140869], [0.9698982238769531, -0.2389741837978363, 0.04475346952676773, -0.013640409335494041]], "joint_names": ["Hips", "LeftUpLeg", "LeftLeg", "LeftFoot", "LeftToe", "RightUpLeg", "RightLeg", "RightFoot", "RightToe", "Spine", "Spine1", "Spine2", "Neck", "Head", "LeftShoulder", "LeftArm", "LeftForeArm", "LeftHand", "RightShoulder", "RightArm", "RightForeArm", "RightHand"]}