{"root_pos": [16.464080810546875, 91.58255767822266, -16.303752899169922], "local_quat": [[0.6595826148986816, 0.30367404222488403, 0.3007541596889496, 0.6182876825332642], [0.033760104328393936, -0.17392322421073914, -0.9836720824241638, -0.03162551671266556], [0.8801815509796143, 0.034331295639276505, -0.010076375678181648, -0.4732867181301117], [0.734253466129303, -0.015059306286275387, -0.07147693634033203, 0.6749342083930969], [0.9766480326652527, -0.021527495235204697, -0.014885714277625084, 0.21324510872364044], [-0.009259527549147606, 0.16782920062541962, 0.9856544733047485, 0.015260023064911366], [0.830125093460083, 0.021479548886418343, -0.013345985673367977, -0.5570034384727478], [0.7265410423278809, -0.004040107596665621, -0.0183541439473629, 0.6868659853935242], [0.9854992032051086, 0.003686468815430999, 0.029864415526390076, 0.16699062287807465], [0.9985896348953247, 0.01425740122795105, -0.0031718858517706394, 0.0510435476899147], [0.9984419941902161, 0.014541362412273884, 0.00043033581459894776, 0.053868841379880905], [0.998391330242157, 0.0144437151029706, -0.00961882621049881, 0.05397685989737511], [0.9844269752502441, -0.08681659400463104, -0.12757039070129395, 0.08421538770198822], [0.9830995202064514, -0.1380709558725357, 0.12010354548692703, -0.0051784939132630825], [0.021272912621498108, -0.5992567539215088, 0.013719136826694012, -0.8001566529273987], [0.880993127822876, 0.14723387360572815, 0.4496135413646698, -0.0045842332765460014], [0.7945492267608643, -0.06649135798215866, -0.10217741131782532, -0.5948361754417419], [0.9234269857406616, 0.3710775077342987, -0.07316038012504578, 0.06505107879638672], [0.027996039018034935, 0.637292742729187, -0.0844116136431694, -0.765472948551178], [0.8654540181159973, -0.2147495150566101, -0.3916786015033722, -0.2268477976322174], [0.8104647994041443, 0.022205015644431114, 0.0994752049446106, -0.5768521428108215], [0.9714062809944153, -0.23460820317268372, 0.03410184010863304, -0.012881285510957241]], "joint_names": ["Hips", "LeftUpLeg", "LeftLeg", "LeftFoot", "LeftToe", "RightUpLeg", "RightLeg", "RightFoot", "RightToe", "Spine", "Spine1", "Spine2", "Neck", "Head", "LeftShoulder", "LeftArm", "LeftForeArm", "LeftHand", "RightShoulder", "RightArm", "RightForeArm", "RightHand"]}