{"root_pos": [24.610794067382812, 90.13855743408203, -51.84796142578125], "local_quat": [[0.7059105634689331, -0.05069037526845932, -0.08960315585136414, 0.7007795572280884], [0.054869022220373154, -0.11176130920648575, -0.9895445704460144, -0.07280443608760834], [0.8787806034088135, 0.059397172182798386, -0.012434158474206924, -0.4733518958091736], [0.7192913889884949, -0.03806672245264053, -0.1263502985239029, 0.6820604205131531], [0.9751020073890686, -0.026426350697875023, -0.024686893448233604, 0.21878817677497864], [0.01084868609905243, 0.28347158432006836, 0.9577059149742126, -0.048224639147520065], [0.9002387523651123, 0.021798502653837204, 0.010082267224788666, -0.43473365902900696], [0.6859943270683289, 0.014913284219801426, 0.032769568264484406, 0.726715624332428], [0.9860008955001831, 0.0077783651649951935, 0.037857621908187866, 0.16219909489154816], [0.9992485642433167, 0.0230523981153965, -0.008473442867398262, 0.02998506650328636], [0.9988760948181152, 0.023689139634370804, -0.0024901903234422207, 0.040979862213134766], [0.9985786080360413, 0.02485019713640213, -0.014422581531107426, 0.04489040747284889], [0.9853643178939819, -0.09524387121200562, -0.1341594159603119, 0.044576335698366165], [0.9711217880249023, -0.15839660167694092, 0.17841418087482452, 0.0011174953542649746], [0.03132982924580574, -0.5855405330657959, 0.009538603946566582, -0.8099812865257263], [0.9044323563575745, 0.1426662802696228, 0.400387167930603, -0.03658759593963623], [0.838930070400238, -0.08281690627336502, -0.12887078523635864, -0.522235631942749], [0.9360700845718384, 0.34117060899734497, -0.022217197343707085, 0.08295657485723495], [0.04601616784930229, 0.6216933131217957, -0.11445187032222748, -0.7734861373901367], [0.8770498037338257, -0.2057783156633377, -0.3947027623653412, -0.18068918585777283], [0.8153020739555359, 0.02032938227057457, 0.10945112258195877, -0.5682337880134583], [0.9851633310317993, -0.1526920199394226, 0.076046422123909, -0.018851909786462784]], "joint_names": ["Hips", "LeftUpLeg", "LeftLeg", "LeftFoot", "LeftToe", "RightUpLeg", "RightLeg", "RightFoot", "RightToe", "Spine", "Spine1", "Spine2", "Neck", "Head", "LeftShoulder", "LeftArm", "LeftForeArm", "LeftHand", "RightShoulder", "RightArm", "RightForeArm", "RightHand"]}