{"root_pos": [24.253618240356445, 91.65538787841797, -37.852500915527344], "local_quat": [[0.7095171809196472, 0.08951564133167267, 0.043389275670051575, 0.6976315379142761], [0.04153277352452278, -0.12290047109127045, -0.9898399114608765, -0.058201760053634644], [0.874796986579895, 0.05211804062128067, -0.018368583172559738, -0.48132795095443726], [0.753449022769928, -0.025590235367417336, -0.10924427956342697, 0.6478621363639832], [0.9755940437316895, -0.0252012200653553, -0.020253179594874382, 0.21718893945217133], [0.017482861876487732, 0.2437860071659088, 0.9676414728164673, -0.0627119317650795], [0.8884636759757996, 0.024976270273327827, 0.0008150538196787238, -0.45826610922813416], [0.6793721318244934, 0.017680063843727112, 0.0247542355209589, 0.7331631183624268], [0.9857907891273499, 0.005737044382840395, 0.034908343106508255, 0.16421040892601013], [0.9991042017936707, 0.02046208456158638, -0.011249965988099575, 0.0352938212454319], [0.9989367127418518, 0.020262522622942924, -0.009694340638816357, 0.04025909677147865], [0.9986618161201477, 0.020526407286524773, -0.019093845039606094, 0.0434584878385067], [0.9842627644538879, -0.10216470807790756, -0.13711050152778625, 0.0446101576089859], [0.9719103574752808, -0.1641935557126999, 0.16861186921596527, -0.0008491736953146756], [0.027295777574181557, -0.5909767746925354, 0.011884495615959167, -0.8061389923095703], [0.9007771015167236, 0.15224045515060425, 0.40669500827789307, 0.0047746580094099045], [0.7838692665100098, -0.07256278395652771, -0.10957874357700348, -0.6068575978279114], [0.9277739524841309, 0.3661678433418274, -0.0363033190369606, 0.061957377940416336], [0.039413828402757645, 0.6293413639068604, -0.1020650863647461, -0.7693884968757629], [0.8748235702514648, -0.23755860328674316, -0.38910239934921265, -0.16385644674301147], [0.8086683750152588, 0.02172711491584778, 0.10304872691631317, -0.578761100769043], [0.9794631600379944, -0.19495773315429688, 0.04763806238770485, -0.01933882012963295]], "joint_names": ["Hips", "LeftUpLeg", "LeftLeg", "LeftFoot", "LeftToe", "RightUpLeg", "RightLeg", "RightFoot", "RightToe", "Spine", "Spine1", "Spine2", "Neck", "Head", "LeftShoulder", "LeftArm", "LeftForeArm", "LeftHand", "RightShoulder", "RightArm", "RightForeArm", "RightHand"]}