{"root_pos": [25.32927894592285, 90.44477844238281, -49.51350402832031], "local_quat": [[0.7101830244064331, -0.022878365591168404, -0.06653308123350143, 0.7004927396774292], [0.049043722450733185, -0.11244505643844604, -0.9900280237197876, -0.06924890726804733], [0.8658058047294617, 0.058311376720666885, -0.014698752202093601, -0.496753454208374], [0.726898729801178, -0.03739096596837044, -0.12634265422821045, 0.6739864945411682], [0.9751569628715515, -0.026398545131087303, -0.02373664081096649, 0.2186516523361206], [0.01733929105103016, 0.2808322608470917, 0.9582313299179077, -0.05123770609498024], [0.9025230407714844, 0.022480379790067673, 0.010302291251718998, -0.42993104457855225], [0.6843180656433105, 0.01235981471836567, 0.028089510276913643, 0.7285376191139221], [0.9859701991081238, 0.0072626760229468346, 0.03744855150580406, 0.1625041961669922], [0.9992436766624451, 0.02256937138736248, -0.007718915585428476, 0.030711743980646133], [0.9989181160926819, 0.023399172350764275, -0.001892141648568213, 0.040144823491573334], [0.9986449480056763, 0.02443603426218033, -0.013730288483202457, 0.043845973908901215], [0.9851914048194885, -0.09801022708415985, -0.13412167131900787, 0.04246363416314125], [0.9711264371871948, -0.1609203964471817, 0.1761193871498108, -0.0001331824460066855], [0.02975645288825035, -0.5870012044906616, 0.009501614607870579, -0.8089832663536072], [0.9030466675758362, 0.1440935730934143, 0.40339145064353943, -0.03192295879125595], [0.8270565271377563, -0.08097999542951584, -0.12480537593364716, -0.5420732498168945], [0.9347091317176819, 0.3456583321094513, -0.029541192576289177, 0.07724359631538391], [0.04495961591601372, 0.6236153841018677, -0.11274442821741104, -0.772250771522522], [0.8779863119125366, -0.20746932923793793, -0.3916153013706207, -0.18092532455921173], [0.8144562244415283, 0.020625561475753784, 0.10799010097980499, -0.569713830947876], [0.9833747148513794, -0.16410142183303833, 0.07512223720550537, -0.02003750018775463]], "joint_names": ["Hips", "LeftUpLeg", "LeftLeg", "LeftFoot", "LeftToe", "RightUpLeg", "RightLeg", "RightFoot", "RightToe", "Spine", "Spine1", "Spine2", "Neck", "Head", "LeftShoulder", "LeftArm", "LeftForeArm", "LeftHand", "RightShoulder", "RightArm", "RightForeArm", "RightHand"]}