{"root_pos": [25.302621841430664, 90.9893798828125, -43.8037109375], "local_quat": [[0.713467001914978, 0.03332536295056343, -0.014072856865823269, 0.6997544765472412], [0.04214586317539215, -0.11625157296657562, -0.9904066324234009, -0.061675574630498886], [0.8574879169464111, 0.05696071311831474, -0.018947292119264603, -0.5109901428222656], [0.7398483753204346, -0.028570158407092094, -0.11649475991725922, 0.6619946956634521], [0.975353479385376, -0.025938600301742554, -0.021907629445195198, 0.21802017092704773], [0.021872473880648613, 0.2717909514904022, 0.9603464007377625, -0.058190930634737015], [0.8987311124801636, 0.023671414703130722, 0.006978558376431465, -0.43780517578125], [0.6769933700561523, 0.01351369358599186, 0.025239786133170128, 0.7354320287704468], [0.9858792424201965, 0.006370916962623596, 0.03625266253948212, 0.16336210072040558], [0.9991772174835205, 0.022042052820324898, -0.008665687404572964, 0.03292342275381088], [0.9989254474639893, 0.022944962605834007, -0.0044791013933718204, 0.040015045553445816], [0.9986608028411865, 0.02353733777999878, -0.015355502255260944, 0.043437253683805466], [0.9846125245094299, -0.1020190417766571, -0.13588377833366394, 0.040815241634845734], [0.9709163904190063, -0.1649266481399536, 0.17354841530323029, -0.0012475535040721297], [0.027913233265280724, -0.5890058279037476, 0.010535777546465397, -0.807577908039093], [0.9027904868125916, 0.14520607888698578, 0.4045284688472748, -0.015534257516264915], [0.8035499453544617, -0.07654204219579697, -0.11662443727254868, -0.5786601901054382], [0.9325486421585083, 0.3527109622955322, -0.035800736397504807, 0.06831078976392746], [0.041992176324129105, 0.6275129318237305, -0.10748864710330963, -0.7700067758560181], [0.8777964115142822, -0.22276882827281952, -0.3868544101715088, -0.17375591397285461], [0.8119927048683167, 0.021456671878695488, 0.10526370257139206, -0.573695957660675], [0.9808033108711243, -0.1829836517572403, 0.06412220746278763, -0.020738229155540466]], "joint_names": ["Hips", "LeftUpLeg", "LeftLeg", "LeftFoot", "LeftToe", "RightUpLeg", "RightLeg", "RightFoot", "RightToe", "Spine", "Spine1", "Spine2", "Neck", "Head", "LeftShoulder", "LeftArm", "LeftForeArm", "LeftHand", "RightShoulder", "RightArm", "RightForeArm", "RightHand"]}