{"root_pos": [23.056171417236328, 92.70774841308594, -31.559913635253906], "local_quat": [[0.7018859386444092, 0.15008005499839783, 0.1094796285033226, 0.6876382231712341], [0.041049327701330185, -0.13059492409229279, -0.9894370436668396, -0.0476887971162796], [0.8974192142486572, 0.04489840939640999, -0.015387139283120632, -0.4386184811592102], [0.7737688422203064, -0.03061581775546074, -0.1096414253115654, 0.6231558322906494], [0.9758195281028748, -0.024356378242373466, -0.01873643882572651, 0.2164066731929779], [0.014065027236938477, 0.2159026712179184, 0.97491854429245, -0.05217396095395088], [0.8798941969871521, 0.027460193261504173, -0.004882386419922113, -0.47435036301612854], [0.6999884843826294, 0.021918825805187225, 0.023790055885910988, 0.7134211659431458], [0.9857169985771179, 0.005357819609344006, 0.033619824796915054, 0.16493292152881622], [0.9989784359931946, 0.018465301021933556, -0.013267247937619686, 0.03905371576547623], [0.99886554479599, 0.017091279849410057, -0.014062509872019291, 0.042164020240306854], [0.9986022114753723, 0.01712205447256565, -0.02243100292980671, 0.04469272494316101], [0.9841662645339966, -0.0982271134853363, -0.1369084119796753, 0.054993871599435806], [0.9746367335319519, -0.15797977149486542, 0.1584981381893158, 0.001968582859262824], [0.026414278894662857, -0.5943606495857239, 0.012462463229894638, -0.8036681413650513], [0.8958910703659058, 0.16756057739257812, 0.41099637746810913, 0.01961110346019268], [0.7722429633140564, -0.06971172243356705, -0.1043415293097496, -0.6228113174438477], [0.9217498302459717, 0.38137608766555786, -0.03867076709866524, 0.05860075354576111], [0.03611909598112106, 0.6328075528144836, -0.0958743691444397, -0.767501175403595], [0.8685105443000793, -0.2465718388557434, -0.3985574543476105, -0.16138051450252533], [0.800508975982666, 0.020835889503359795, 0.0996934100985527, -0.5906034708023071], [0.9786739349365234, -0.20126500725746155, 0.03682733699679375, -0.018263164907693863]], "joint_names": ["Hips", "LeftUpLeg", "LeftLeg", "LeftFoot", "LeftToe", "RightUpLeg", "RightLeg", "RightFoot", "RightToe", "Spine", "Spine1", "Spine2", "Neck", "Head", "LeftShoulder", "LeftArm", "LeftForeArm", "LeftHand", "RightShoulder", "RightArm", "RightForeArm", "RightHand"]}