{"root_pos": [21.750141143798828, 93.22728729248047, -28.572629928588867], "local_quat": [[0.6972337365150452, 0.1812703162431717, 0.146528422832489, 0.6778905987739563], [0.04013333097100258, -0.1275525540113449, -0.9900639057159424, -0.043509550392627716], [0.905687153339386, 0.042165957391262054, -0.015254756435751915, -0.4215686321258545], [0.7840007543563843, -0.03126969933509827, -0.1085173711180687, 0.6104007363319397], [0.9759646058082581, -0.023806439712643623, -0.018041575327515602, 0.21587233245372772], [0.013253731653094292, 0.20387829840183258, 0.9779777526855469, -0.04263310506939888], [0.8746269345283508, 0.027070648968219757, -0.006601101253181696, -0.4839951694011688], [0.7111958861351013, 0.022067857906222343, 0.02265707030892372, 0.7022820115089417], [0.9856734275817871, 0.005258799530565739, 0.032875046133995056, 0.1653463989496231], [0.9988812804222107, 0.017669709399342537, -0.012908954173326492, 0.04192129895091057], [0.9987742900848389, 0.016165371984243393, -0.013932473957538605, 0.04465847089886665], [0.9985442161560059, 0.01604919135570526, -0.02209881879389286, 0.046514034271240234], [0.9843676686286926, -0.09475918859243393, -0.13515090942382812, 0.06144269183278084], [0.9767332673072815, -0.1526132971048355, 0.15063858032226562, 0.0030594959389418364], [0.025014257058501244, -0.5959439873695374, 0.011943326331675053, -0.8025475740432739], [0.892694354057312, 0.172010138630867, 0.41603121161460876, 0.020672304555773735], [0.7710073590278625, -0.06848623603582382, -0.10237091034650803, -0.6248020529747009], [0.9202953577041626, 0.3844296336174011, -0.04296569898724556, 0.05851690098643303], [0.033799201250076294, 0.6351305842399597, -0.09218887984752655, -0.7661382555961609], [0.8643444180488586, -0.24976412951946259, -0.4028392434120178, -0.16806860268115997], [0.7972705960273743, 0.020303338766098022, 0.09793808311223984, -0.5952777862548828], [0.9778076410293579, -0.2057168185710907, 0.03528447449207306, -0.018103070557117462]], "joint_names": ["Hips", "LeftUpLeg", "LeftLeg", "LeftFoot", "LeftToe", "RightUpLeg", "RightLeg", "RightFoot", "RightToe", "Spine", "Spine1", "Spine2", "Neck", "Head", "LeftShoulder", "LeftArm", "LeftForeArm", "LeftHand", "RightShoulder", "RightArm", "RightForeArm", "RightHand"]}