{"root_pos": [23.50861167907715, 89.90399932861328, -53.80009078979492], "local_quat": [[0.7005357146263123, -0.07723920792341232, -0.109442338347435, 0.7009323239326477], [0.060025330632925034, -0.11260253190994263, -0.9890409111976624, -0.07426812499761581], [0.8939887285232544, 0.059975337237119675, -0.00865252036601305, -0.44397321343421936], [0.7121902704238892, -0.03546321764588356, -0.12010972201824188, 0.6907251477241516], [0.9750695824623108, -0.02632034569978714, -0.02566566877067089, 0.21883270144462585], [0.0038852717261761427, 0.2931740880012512, 0.9550278186798096, -0.044222861528396606], [0.8929787278175354, 0.019956396892666817, 0.009190340526401997, -0.44956231117248535], [0.6858559846878052, 0.019163476303219795, 0.040938060730695724, 0.7263321280479431], [0.9860234260559082, 0.008310914970934391, 0.03815140202641487, 0.16196651756763458], [0.9992470145225525, 0.023378994315862656, -0.009570425376296043, 0.029450375586748123], [0.998818576335907, 0.023508640006184578, -0.0035590308252722025, 0.042381253093481064], [0.9984940886497498, 0.024663178250193596, -0.015203147195279598, 0.04658529534935951], [0.9856087565422058, -0.09149758517742157, -0.13383816182613373, 0.04786287248134613], [0.9713337421417236, -0.15469561517238617, 0.18047119677066803, 0.0032070104498416185], [0.03280715271830559, -0.5836020708084106, 0.009416710585355759, -0.8113220930099487], [0.9068768620491028, 0.1366516500711441, 0.3962220549583435, -0.04369104653596878], [0.8481666445732117, -0.08437863737344742, -0.1325787603855133, -0.5058819055557251], [0.9376136660575867, 0.3360258936882019, -0.015408836305141449, 0.08791888505220413], [0.046762436628341675, 0.6196848154067993, -0.11548925191164017, -0.774897575378418], [0.874667227268219, -0.20999689400196075, -0.4002383351325989, -0.17512181401252747], [0.8163983821868896, 0.02009129524230957, 0.11092124879360199, -0.5663802027702332], [0.9870595932006836, -0.14016591012477875, 0.07588229328393936, -0.017575668171048164]], "joint_names": ["Hips", "LeftUpLeg", "LeftLeg", "LeftFoot", "LeftToe", "RightUpLeg", "RightLeg", "RightFoot", "RightToe", "Spine", "Spine1", "Spine2", "Neck", "Head", "LeftShoulder", "LeftArm", "LeftForeArm", "LeftHand", "RightShoulder", "RightArm", "RightForeArm", "RightHand"]}