{"root_pos": [25.443483352661133, 90.7083740234375, -46.741451263427734], "local_quat": [[0.7128348350524902, 0.0052476925775408745, -0.04059407487511635, 0.7001365423202515], [0.044460732489824295, -0.11406780779361725, -0.9904122352600098, -0.06399619579315186], [0.8584052920341492, 0.05789707973599434, -0.017575765028595924, -0.5093911290168762], [0.7340638637542725, -0.03274836763739586, -0.12166445702314377, 0.667289674282074], [0.9752463102340698, -0.026224641129374504, -0.02280055731534958, 0.21837373077869415], [0.02118965983390808, 0.2766142189502716, 0.9592187404632568, -0.054174959659576416], [0.9019917845726013, 0.02293219044804573, 0.009459240362048149, -0.431039959192276], [0.6816686987876892, 0.012086957693099976, 0.026102209463715553, 0.7310953140258789], [0.985927402973175, 0.006793543230742216, 0.036889269948005676, 0.16291144490242004], [0.9992141723632812, 0.02236136421561241, -0.00782351940870285, 0.03177637979388237], [0.9989237785339355, 0.023360952734947205, -0.002650948939844966, 0.03997921198606491], [0.9986610412597656, 0.024177217856049538, -0.014108587056398392, 0.04350164532661438], [0.9849309921264648, -0.10030786693096161, -0.13469327986240387, 0.04131413623690605], [0.9710254073143005, -0.1631700098514557, 0.1745963990688324, -0.0011351812863722444], [0.028605246916413307, -0.5879668593406677, 0.009892054833471775, -0.808318555355072], [0.9025043249130249, 0.14468033611774445, 0.4048979878425598, -0.024724075570702553], [0.8155712485313416, -0.07884152233600616, -0.12077387422323227, -0.5603938102722168], [0.9337892532348633, 0.348707914352417, -0.034581515938043594, 0.0724191889166832], [0.04358742758631706, 0.6254807114601135, -0.1103668287396431, -0.7711635828018188], [0.8779617547988892, -0.21400608122348785, -0.3893447816371918, -0.1783122569322586], [0.8131354451179504, 0.020998844876885414, 0.10649064928293228, -0.5718649625778198], [0.9819687604904175, -0.17382413148880005, 0.0713648647069931, -0.020722297951579094]], "joint_names": ["Hips", "LeftUpLeg", "LeftLeg", "LeftFoot", "LeftToe", "RightUpLeg", "RightLeg", "RightFoot", "RightToe", "Spine", "Spine1", "Spine2", "Neck", "Head", "LeftShoulder", "LeftArm", "LeftForeArm", "LeftHand", "RightShoulder", "RightArm", "RightForeArm", "RightHand"]}