{"root_pos": [24.841379165649414, 91.30550384521484, -40.93666076660156], "local_quat": [[0.7120842933654785, 0.061049770563840866, 0.013212610967457294, 0.6993099451065063], [0.04150157421827316, -0.11845364421606064, -0.9902628660202026, -0.06021415442228317], [0.863307535648346, 0.05511578917503357, -0.019066335633397102, -0.5012971758842468], [0.745654284954071, -0.025428136810660362, -0.11126989126205444, 0.6564847230911255], [0.9754722714424133, -0.02557789906859398, -0.021054385229945183, 0.21761520206928253], [0.01971534639596939, 0.26003298163414, 0.9634101986885071, -0.061927370727062225], [0.8932226896286011, 0.024305999279022217, 0.0038191478233784437, -0.4489409029483795], [0.6748723983764648, 0.015859441831707954, 0.025363756343722343, 0.7373279333114624], [0.9858325719833374, 0.006007890682667494, 0.035579536110162735, 0.1638050526380539], [0.9991430640220642, 0.021541502326726913, -0.009823820553719997, 0.03394967317581177], [0.9989328980445862, 0.022126441821455956, -0.006854626350104809, 0.03995402529835701], [0.9986627697944641, 0.022539127618074417, -0.017024874687194824, 0.043299317359924316], [0.9843795299530029, -0.1024673655629158, -0.13688842952251434, 0.04193877801299095], [0.9712176322937012, -0.16514617204666138, 0.17164555191993713, -0.0009026831248775125], [0.027661997824907303, -0.589750349521637, 0.011426295153796673, -0.8070308566093445], [0.9023992419242859, 0.14700719714164734, 0.40501657128334045, -0.005109682213515043], [0.7921198606491089, -0.0743933618068695, -0.11277036368846893, -0.5952265858650208], [0.9305040240287781, 0.35872673988342285, -0.03611712157726288, 0.06459763646125793], [0.040528327226638794, 0.6287685036659241, -0.10461904108524323, -0.7694560289382935], [0.8765562176704407, -0.23159179091453552, -0.3866673707962036, -0.16882747411727905], [0.8113717436790466, 0.021728407591581345, 0.10426290333271027, -0.5747460126876831], [0.9800995588302612, -0.18972626328468323, 0.05491211265325546, -0.01983432099223137]], "joint_names": ["Hips", "LeftUpLeg", "LeftLeg", "LeftFoot", "LeftToe", "RightUpLeg", "RightLeg", "RightFoot", "RightToe", "Spine", "Spine1", "Spine2", "Neck", "Head", "LeftShoulder", "LeftArm", "LeftForeArm", "LeftHand", "RightShoulder", "RightArm", "RightForeArm", "RightHand"]}