{"root_pos": [23.77403450012207, 92.06442260742188, -34.71950912475586], "local_quat": [[0.7058505415916443, 0.11914949864149094, 0.07552273571491241, 0.6941719055175781], [0.04099943861365318, -0.12854716181755066, -0.9894195795059204, -0.053323905915021896], [0.8864175081253052, 0.04874807596206665, -0.017118481919169426, -0.45999422669410706], [0.7624940276145935, -0.027459073811769485, -0.1088256686925888, 0.6371858716011047], [0.9757029414176941, -0.02483421191573143, -0.019472260028123856, 0.21681299805641174], [0.015201293863356113, 0.22713430225849152, 0.971921443939209, -0.05956173315644264], [0.8849523067474365, 0.026443248614668846, -0.0021075671538710594, -0.46492552757263184], [0.6895948052406311, 0.01968217082321644, 0.02374349907040596, 0.7235384583473206], [0.9857549071311951, 0.005508111324161291, 0.0342869870364666, 0.16456425189971924], [0.9990570545196533, 0.01924327202141285, -0.012475740164518356, 0.0368654727935791], [0.9989269971847534, 0.018237104639410973, -0.012265346013009548, 0.04076562821865082], [0.9986525177955627, 0.018372321501374245, -0.02107090689241886, 0.04371965304017067], [0.9841729998588562, -0.10088999569416046, -0.13709187507629395, 0.04929913580417633], [0.9730294942855835, -0.16192775964736938, 0.16429513692855835, 0.00011202864698134363], [0.02702358365058899, -0.59257972240448, 0.012339399196207523, -0.8049638867378235], [0.8983391523361206, 0.1605706363916397, 0.40867894887924194, 0.013617913238704205], [0.777466356754303, -0.07106602191925049, -0.10684803128242493, -0.6156941056251526], [0.9245576858520508, 0.3745079040527344, -0.03658686578273773, 0.05998542532324791], [0.038266077637672424, 0.6304185390472412, -0.09950042515993118, -0.7689003944396973], [0.871881902217865, -0.24296076595783234, -0.3939167857170105, -0.16006726026535034], [0.8049653172492981, 0.02136879973113537, 0.10154003649950027, -0.5841778516769409], [0.9791892766952515, -0.1978927105665207, 0.041021525859832764, -0.018551427870988846]], "joint_names": ["Hips", "LeftUpLeg", "LeftLeg", "LeftFoot", "LeftToe", "RightUpLeg", "RightLeg", "RightFoot", "RightToe", "Spine", "Spine1", "Spine2", "Neck", "Head", "LeftShoulder", "LeftArm", "LeftForeArm", "LeftHand", "RightShoulder", "RightArm", "RightForeArm", "RightHand"]}