{"root_pos": [18.577495574951172, 91.21440887451172, -60.77448272705078], "local_quat": [[0.6711500883102417, -0.16212552785873413, -0.1773928552865982, 0.7012878656387329], [0.03471650183200836, -0.11141521483659744, -0.9898620247840881, -0.08096086233854294], [0.9362136721611023, 0.061215534806251526, 0.00827121827751398, -0.34595993161201477], [0.7129636406898499, -0.029916826635599136, -0.10293091088533401, 0.692959725856781], [0.9749946594238281, -0.0261845663189888, -0.03002331033349037, 0.21862831711769104], [-0.030056733638048172, 0.35690924525260925, 0.9331634640693665, -0.030304359272122383], [0.8759084939956665, 0.019157037138938904, -0.001125283190049231, -0.48209550976753235], [0.7389829754829407, 0.04326301068067551, 0.07462944090366364, 0.6681788563728333], [0.9860872030258179, 0.010947076603770256, 0.03929106891155243, 0.16114726662635803], [0.9991655945777893, 0.017321405932307243, -0.020162906497716904, 0.03101060725748539], [0.9984882473945618, 0.009505968540906906, -0.018660785630345345, 0.05081937834620476], [0.9980602860450745, 0.010031222365796566, -0.026696937158703804, 0.05533824861049652], [0.9867360591888428, -0.07436179369688034, -0.12852199375629425, 0.06560774147510529], [0.9720852375030518, -0.13717171549797058, 0.1903073787689209, 0.004154420457780361], [0.029929349198937416, -0.5855036973953247, -0.000847647781483829, -0.8101165294647217], [0.9300097227096558, 0.053304027765989304, 0.3514677584171295, -0.09333246201276779], [0.8413492441177368, -0.08549998700618744, -0.1370268166065216, -0.5157953500747681], [0.9373328685760498, 0.33471372723579407, 0.009091116487979889, 0.09639044106006622], [0.05531274899840355, 0.6121518611907959, -0.12135034799575806, -0.779413104057312], [0.8411443829536438, -0.2997812032699585, -0.4380142390727997, -0.10368645191192627], [0.8528109788894653, 0.018457729369401932, 0.119202621281147, -0.5080978274345398], [0.9943882822990417, -0.08246088027954102, 0.06616836041212082, -0.0037444140762090683]], "joint_names": ["Hips", "LeftUpLeg", "LeftLeg", "LeftFoot", "LeftToe", "RightUpLeg", "RightLeg", "RightFoot", "RightToe", "Spine", "Spine1", "Spine2", "Neck", "Head", "LeftShoulder", "LeftArm", "LeftForeArm", "LeftHand", "RightShoulder", "RightArm", "RightForeArm", "RightHand"]}