{"root_pos": [14.032888412475586, 84.64044189453125, -67.68696594238281], "local_quat": [[0.6390464305877686, -0.24366579949855804, -0.2127905786037445, 0.697830080986023], [0.035693660378456116, -0.09296306222677231, -0.9926038980484009, -0.06943530589342117], [0.9022275805473328, 0.06107966974377632, 0.019147230312228203, -0.42648330330848694], [0.6544857621192932, -0.014250523410737514, -0.07922042161226273, 0.7517774701118469], [0.9749844670295715, -0.02601005882024765, -0.03354138880968094, 0.2181825488805771], [-0.03358254209160805, 0.4355521500110626, 0.8988339304924011, -0.03555489704012871], [0.8379912376403809, 0.00713762454688549, -0.003892195411026478, -0.5456231236457825], [0.738444447517395, 0.04590630903840065, 0.09352929145097733, 0.6662167310714722], [0.9861388206481934, 0.012609097175300121, 0.040578775107860565, 0.16038869321346283], [0.9988435506820679, 0.006302081048488617, -0.02545226737856865, 0.040299635380506516], [0.9971621632575989, -0.011397603899240494, -0.028755608946084976, 0.06863538920879364], [0.9967890977859497, -0.013381894677877426, -0.03278537094593048, 0.07181598246097565], [0.9898637533187866, -0.06559156626462936, -0.10570597648620605, 0.06851216405630112], [0.973924994468689, -0.1231694221496582, 0.1895831674337387, -0.0189109705388546], [0.020344343036413193, -0.587237536907196, -0.01824304834008217, -0.8089533448219299], [0.9254236817359924, -0.04857460781931877, 0.3243613839149475, -0.1897924840450287], [0.8451662659645081, -0.09017513692378998, -0.14274278283119202, -0.5071360468864441], [0.9321286678314209, 0.3497263789176941, -0.015785686671733856, 0.09261970221996307], [0.0701766237616539, 0.6015987992286682, -0.13740164041519165, -0.7837569713592529], [0.8441453576087952, -0.299116313457489, -0.4422694146633148, -0.048433903604745865], [0.8580197691917419, 0.01622682996094227, 0.12336332350969315, -0.4983174204826355], [0.9962359070777893, -0.06385672092437744, 0.05855107679963112, -0.0028620946686714888]], "joint_names": ["Hips", "LeftUpLeg", "LeftLeg", "LeftFoot", "LeftToe", "RightUpLeg", "RightLeg", "RightFoot", "RightToe", "Spine", "Spine1", "Spine2", "Neck", "Head", "LeftShoulder", "LeftArm", "LeftForeArm", "LeftHand", "RightShoulder", "RightArm", "RightForeArm", "RightHand"]}