{"root_pos": [17.665164947509766, 89.137451171875, -64.03076934814453], "local_quat": [[0.6530941128730774, -0.20983505249023438, -0.20395687222480774, 0.6984546780586243], [0.029531318694353104, -0.08963878452777863, -0.9929592609405518, -0.07158653438091278], [0.9316936731338501, 0.0630158856511116, 0.010277356952428818, -0.35758936405181885], [0.7083252668380737, -0.02672354131937027, -0.10273413360118866, 0.6978588104248047], [0.9749241471290588, -0.02648862823843956, -0.03201548382639885, 0.21862377226352692], [-0.03942945599555969, 0.3913886249065399, 0.9190004467964172, -0.026428671553730965], [0.873238742351532, 0.01838158443570137, -0.0041139512322843075, -0.4869283139705658], [0.755753219127655, 0.050115104764699936, 0.08457110822200775, 0.6474359631538391], [0.9860924482345581, 0.011952756904065609, 0.040263786911964417, 0.16080330312252045], [0.9990506768226624, 0.012362638488411903, -0.02342473715543747, 0.03458547964692116], [0.9980219602584839, -0.00027029457851313055, -0.024310993030667305, 0.05797617509961128], [0.9976204037666321, -0.0009071861277334392, -0.030245337635278702, 0.061952006071805954], [0.9876908659934998, -0.07080475986003876, -0.12044290453195572, 0.0703330859541893], [0.9724248647689819, -0.13172760605812073, 0.19242297112941742, -0.003339938586577773], [0.026238009333610535, -0.5877187848091125, -0.007975549437105656, -0.8086004257202148], [0.933100700378418, 0.004744432400912046, 0.33911508321762085, -0.11958930641412735], [0.841460645198822, -0.08572842180728912, -0.13779576122760773, -0.5153706669807434], [0.9372932314872742, 0.3343789279460907, 0.0043309535831213, 0.09825246036052704], [0.06355030834674835, 0.6066300272941589, -0.12952399253845215, -0.7817832231521606], [0.8372042179107666, -0.3152216076850891, -0.4423093795776367, -0.06392834335565567], [0.8520482182502747, 0.01569817215204239, 0.11869481205940247, -0.5095871090888977], [0.9962484240531921, -0.06999990344047546, 0.05083904042840004, -0.0020780484192073345]], "joint_names": ["Hips", "LeftUpLeg", "LeftLeg", "LeftFoot", "LeftToe", "RightUpLeg", "RightLeg", "RightFoot", "RightToe", "Spine", "Spine1", "Spine2", "Neck", "Head", "LeftShoulder", "LeftArm", "LeftForeArm", "LeftHand", "RightShoulder", "RightArm", "RightForeArm", "RightHand"]}