{"root_pos": [19.805631637573242, 90.65592193603516, -59.17509841918945], "local_quat": [[0.6792142391204834, -0.1417241096496582, -0.16436119377613068, 0.7011188864707947], [0.044570211321115494, -0.11827076226472855, -0.9889973998069763, -0.07687461376190186], [0.9287124276161194, 0.05975567549467087, 0.008015274070203304, -0.36586645245552063], [0.7021906971931458, -0.029486294835805893, -0.10045876353979111, 0.7042490839958191], [0.9750029444694519, -0.02604101225733757, -0.028944917023181915, 0.21875403821468353], [-0.020276106894016266, 0.3451205790042877, 0.9377375245094299, -0.03360072523355484], [0.8715447187423706, 0.017787981778383255, 0.0010374195408076048, -0.4899921119213104], [0.7155635356903076, 0.038359932601451874, 0.06974221020936966, 0.6939980983734131], [0.9860793948173523, 0.0102675911039114, 0.03895615041255951, 0.1613205522298813], [0.9991651177406311, 0.01884591020643711, -0.018219968304038048, 0.03133514150977135], [0.9985237717628479, 0.012712851166725159, -0.015737665817141533, 0.050408851355314255], [0.9980989694595337, 0.013531574048101902, -0.02472182735800743, 0.054809797555208206], [0.9863561391830444, -0.07847711443901062, -0.13099899888038635, 0.06149889528751373], [0.971500813961029, -0.14212831854820251, 0.18964827060699463, 0.0043832180090248585], [0.030552741140127182, -0.5840361714363098, 0.0008598212152719498, -0.8111519813537598], [0.926916778087616, 0.07451043277978897, 0.35657426714897156, -0.09015697985887527], [0.8443654775619507, -0.08671292662620544, -0.13792972266674042, -0.5103952288627625], [0.9372223019599915, 0.33592092990875244, 0.0036078260745853186, 0.09358598291873932], [0.05153907835483551, 0.6146892309188843, -0.11849726736545563, -0.7781126499176025], [0.85208660364151, -0.2711735665798187, -0.42995375394821167, -0.12471156567335129], [0.8437668681144714, 0.01959872990846634, 0.11823560297489166, -0.5231573581695557], [0.9928582906723022, -0.0942719355225563, 0.07270631939172745, -0.007676973007619381]], "joint_names": ["Hips", "LeftUpLeg", "LeftLeg", "LeftFoot", "LeftToe", "RightUpLeg", "RightLeg", "RightFoot", "RightToe", "Spine", "Spine1", "Spine2", "Neck", "Head", "LeftShoulder", "LeftArm", "LeftForeArm", "LeftHand", "RightShoulder", "RightArm", "RightForeArm", "RightHand"]}