{"root_pos": [12.227147102355957, 81.79107666015625, -70.17071533203125], "local_quat": [[0.6363478899002075, -0.24888277053833008, -0.21041031181812286, 0.6991753578186035], [0.03930903971195221, -0.09076793491840363, -0.9919589161872864, -0.07895299792289734], [0.8912400603294373, 0.05878666415810585, 0.02424675226211548, -0.44905152916908264], [0.6224905252456665, -0.009113751351833344, -0.0671953558921814, 0.7796840071678162], [0.9750083684921265, -0.025861840695142746, -0.034190576523542404, 0.21799276769161224], [-0.03270217403769493, 0.44950029253959656, 0.8917038440704346, -0.04176552593708038], [0.8170385360717773, -0.00034822640009224415, -0.0035602750722318888, -0.5765720009803772], [0.7251268029212952, 0.046417124569416046, 0.10410284996032715, 0.6791164875030518], [0.9861865043640137, 0.012869754806160927, 0.04082845151424408, 0.1600113958120346], [0.9986956715583801, 0.004585175309330225, -0.02564830891788006, 0.043910130858421326], [0.9966142177581787, -0.01427129004150629, -0.02990397997200489, 0.07524843513965607], [0.9962570667266846, -0.01730809360742569, -0.03312407433986664, 0.07794331759214401], [0.9911693334579468, -0.060200709849596024, -0.09764684736728668, 0.0665150135755539], [0.9754481315612793, -0.11540763825178146, 0.1854773312807083, -0.027932142838835716], [0.018960312008857727, -0.5861691832542419, -0.02185957320034504, -0.8096718192100525], [0.9170789122581482, -0.057469870895147324, 0.32787710428237915, -0.21945390105247498], [0.8455488085746765, -0.09198883920907974, -0.14407476782798767, -0.50579434633255], [0.9292663931846619, 0.35755881667137146, -0.020373724400997162, 0.09055668115615845], [0.07280293107032776, 0.5993841886520386, -0.1402072161436081, -0.7847166657447815], [0.8434247970581055, -0.2972976267337799, -0.44541001319885254, -0.043112050741910934], [0.8602135181427002, 0.0166147630661726, 0.12551142275333405, -0.4939672350883484], [0.9959561228752136, -0.06369224190711975, 0.06326951086521149, -0.003415461163967848]], "joint_names": ["Hips", "LeftUpLeg", "LeftLeg", "LeftFoot", "LeftToe", "RightUpLeg", "RightLeg", "RightFoot", "RightToe", "Spine", "Spine1", "Spine2", "Neck", "Head", "LeftShoulder", "LeftArm", "LeftForeArm", "LeftHand", "RightShoulder", "RightArm", "RightForeArm", "RightHand"]}