{"root_pos": [15.838505744934082, 87.16448974609375, -65.7472152709961], "local_quat": [[0.644748866558075, -0.2313382476568222, -0.21244706213474274, 0.6968843936920166], [0.03237202763557434, -0.09136088192462921, -0.9931069016456604, -0.0659087598323822], [0.918134868144989, 0.06311459839344025, 0.01297147199511528, -0.3909943699836731], [0.6861754655838013, -0.01945948228240013, -0.09186716377735138, 0.7213493585586548], [0.9749545454978943, -0.02624773047864437, -0.032821353524923325, 0.21839772164821625], [-0.03647686168551445, 0.41440117359161377, 0.9088573455810547, -0.030323095619678497], [0.858730137348175, 0.01398452278226614, -0.004565858747810125, -0.5122168064117432], [0.7513239979743958, 0.04852116480469704, 0.08768996596336365, 0.6522793769836426], [0.9861040711402893, 0.01231314241886139, 0.040392883121967316, 0.16067220270633698], [0.9989780187606812, 0.00919792428612709, -0.02420932427048683, 0.03704281523823738], [0.9976761937141418, -0.006124589592218399, -0.026034407317638397, 0.06266456097364426], [0.9972956776618958, -0.007327387575060129, -0.03102332539856434, 0.0662199854850769], [0.9885279536247253, -0.06933607906103134, -0.11427890509366989, 0.07032342255115509], [0.9727882146835327, -0.12902633845806122, 0.19214342534542084, -0.010787381790578365], [0.02308037504553795, -0.5877977609634399, -0.013190614990890026, -0.8085709810256958], [0.93105149269104, -0.026205675676465034, 0.32994312047958374, -0.15360286831855774], [0.8435487747192383, -0.08774569630622864, -0.1401190459728241, -0.5109724402427673], [0.9352449178695679, 0.34078696370124817, -0.006939371582120657, 0.09556654095649719], [0.06679509580135345, 0.604190468788147, -0.1335473507642746, -0.7827243804931641], [0.8412145972251892, -0.308576762676239, -0.4405498802661896, -0.055264219641685486], [0.8543688654899597, 0.015637464821338654, 0.12057577818632126, -0.5052433013916016], [0.9963415265083313, -0.06637870520353317, 0.053763944655656815, -0.002600334119051695]], "joint_names": ["Hips", "LeftUpLeg", "LeftLeg", "LeftFoot", "LeftToe", "RightUpLeg", "RightLeg", "RightFoot", "RightToe", "Spine", "Spine1", "Spine2", "Neck", "Head", "LeftShoulder", "LeftArm", "LeftForeArm", "LeftHand", "RightShoulder", "RightArm", "RightForeArm", "RightHand"]}