{"root_pos": [18.091176986694336, 90.75537872314453, -62.36013412475586], "local_quat": [[0.6624605059623718, -0.18587389588356018, -0.19034191966056824, 0.7002619504928589], [0.03020622208714485, -0.09956420212984085, -0.9913243055343628, -0.08031626790761948], [0.9375, 0.06156376376748085, 0.010115621611475945, -0.34234678745269775], [0.7163787484169006, -0.031204206869006157, -0.10591481626033783, 0.6889192461967468], [0.9749584197998047, -0.026384133845567703, -0.0310752484947443, 0.21861907839775085], [-0.03622289001941681, 0.37355098128318787, 0.9264876842498779, -0.027715781703591347], [0.8797268271446228, 0.02024872414767742, -0.002859004307538271, -0.47503936290740967], [0.7517933249473572, 0.04854471981525421, 0.08051768690347672, 0.6526615023612976], [0.9860914945602417, 0.011523314751684666, 0.03977763280272484, 0.16096118092536926], [0.9991230964660645, 0.014965620823204517, -0.022003449499607086, 0.03232494741678238], [0.9983194470405579, 0.004803520627319813, -0.021813418716192245, 0.053472813218832016], [0.997900664806366, 0.004832407925277948, -0.02871730364859104, 0.05784644931554794], [0.9872614741325378, -0.0717596560716629, -0.12443070113658905, 0.0684274360537529], [0.9724695682525635, -0.1334172934293747, 0.19103407859802246, 0.0029541379772126675], [0.02848123386502266, -0.5870059728622437, -0.0037396573461592197, -0.8090729117393494], [0.9324402213096619, 0.030700089409947395, 0.34558457136154175, -0.10091588646173477], [0.8389177322387695, -0.08504440635442734, -0.1366412341594696, -0.5199169516563416], [0.9372508525848389, 0.3344584107398987, 0.010615582577884197, 0.09790726751089096], [0.05973083898425102, 0.6094633340835571, -0.1254395842552185, -0.7805456519126892], [0.8364169597625732, -0.3142126798629761, -0.44197219610214233, -0.07960870116949081], [0.8540286421775818, 0.016902297735214233, 0.1188669502735138, -0.5061818361282349], [0.9956797957420349, -0.07472243905067444, 0.05509601905941963, -0.0016814913833513856]], "joint_names": ["Hips", "LeftUpLeg", "LeftLeg", "LeftFoot", "LeftToe", "RightUpLeg", "RightLeg", "RightFoot", "RightToe", "Spine", "Spine1", "Spine2", "Neck", "Head", "LeftShoulder", "LeftArm", "LeftForeArm", "LeftHand", "RightShoulder", "RightArm", "RightForeArm", "RightHand"]}