{"root_pos": [20.821928024291992, 89.87816619873047, -57.408599853515625], "local_quat": [[0.6868996620178223, -0.12090716511011124, -0.14660777151584625, 0.7014672756195068], [0.054324209690093994, -0.11636251211166382, -0.9889639616012573, -0.0738837793469429], [0.9188579320907593, 0.05932966619729996, 0.003933812025934458, -0.3900827467441559], [0.6990242004394531, -0.029260210692882538, -0.1018054187297821, 0.7072092294692993], [0.9750338792800903, -0.025971008464694023, -0.02781735360622406, 0.21877072751522064], [-0.011235247366130352, 0.3277130424976349, 0.9439451098442078, -0.03802093490958214], [0.8732484579086304, 0.017318271100521088, 0.0038311807438731194, -0.4869522750377655], [0.6960874199867249, 0.03262568265199661, 0.06212159991264343, 0.7145199775695801], [0.986063539981842, 0.00958085898309946, 0.038592495024204254, 0.16154712438583374], [0.9991885423660278, 0.02080266736447811, -0.014899448491632938, 0.03110451065003872], [0.9986028671264648, 0.017065677791833878, -0.010930522345006466, 0.04880208149552345], [0.9982057809829712, 0.01802055910229683, -0.02091829665005207, 0.053131479769945145], [0.9860398769378662, -0.08290787041187286, -0.1325065791606903, 0.05739039182662964], [0.9713252782821655, -0.14670337736606598, 0.18704499304294586, 0.004412136040627956], [0.031923238188028336, -0.5824810266494751, 0.004127095453441143, -0.8122067451477051], [0.9199855923652649, 0.09980340301990509, 0.371072918176651, -0.07727004587650299], [0.8493320941925049, -0.08681164681911469, -0.13753078877925873, -0.5021792054176331], [0.9376177787780762, 0.3352789580821991, -0.002749066101387143, 0.09194300323724747], [0.04908913001418114, 0.6159717440605164, -0.11692953109741211, -0.7774936556816101], [0.8614411354064941, -0.24400843679904938, -0.4210700988769531, -0.14518652856349945], [0.8316839933395386, 0.019877906888723373, 0.11570734530687332, -0.5426955223083496], [0.9911406636238098, -0.10937141627073288, 0.07443489134311676, -0.01172836683690548]], "joint_names": ["Hips", "LeftUpLeg", "LeftLeg", "LeftFoot", "LeftToe", "RightUpLeg", "RightLeg", "RightFoot", "RightToe", "Spine", "Spine1", "Spine2", "Neck", "Head", "LeftShoulder", "LeftArm", "LeftForeArm", "LeftHand", "RightShoulder", "RightArm", "RightForeArm", "RightHand"]}