{"root_pos": [22.124059677124023, 89.70038604736328, -55.5649299621582], "local_quat": [[0.6939438581466675, -0.10042078793048859, -0.1282615214586258, 0.7013604640960693], [0.06066978722810745, -0.11274532973766327, -0.9890178442001343, -0.0738341435790062], [0.9088452458381653, 0.05979512259364128, -0.0032746519427746534, -0.4128125011920929], [0.7044371366500854, -0.030949067324399948, -0.10931110382080078, 0.7006150484085083], [0.9750592708587646, -0.026111546903848648, -0.02670796401798725, 0.21877916157245636], [-0.0033193263225257397, 0.3090837895870209, 0.9501692056655884, -0.04043000563979149], [0.8826022744178772, 0.018055973574519157, 0.00713697262108326, -0.469719260931015], [0.6885109543800354, 0.025899671018123627, 0.05228086933493614, 0.7228752374649048], [0.9860423803329468, 0.00891638733446598, 0.0383358970284462, 0.16177517175674438], [0.9992345571517944, 0.022500978782773018, -0.011736365966498852, 0.02977128140628338], [0.9987432360649109, 0.021023688837885857, -0.006390347611159086, 0.045045312494039536], [0.9983847141265869, 0.02207101695239544, -0.017342718318104744, 0.049397218972444534], [0.9858266115188599, -0.08720613270998001, -0.1332266926765442, 0.05283493548631668], [0.9714328646659851, -0.15064094960689545, 0.18331962823867798, 0.004408128093928099], [0.03298206999897957, -0.582413911819458, 0.007570110727101564, -0.8121877908706665], [0.9123893976211548, 0.12216303497552872, 0.38635486364364624, -0.057892896234989166], [0.8520717024803162, -0.08577252179384232, -0.135639950633049, -0.4982154667377472], [0.938132643699646, 0.3340013325214386, -0.009153112769126892, 0.09092046320438385], [0.04787997528910637, 0.6175634264945984, -0.11644579470157623, -0.7763782143592834], [0.8695480227470398, -0.22273096442222595, -0.4099099040031433, -0.16202177107334137], [0.8214612603187561, 0.01985333301126957, 0.11292307823896408, -0.5586193203926086], [0.9891660809516907, -0.1251576542854309, 0.07520536333322525, -0.015171128325164318]], "joint_names": ["Hips", "LeftUpLeg", "LeftLeg", "LeftFoot", "LeftToe", "RightUpLeg", "RightLeg", "RightFoot", "RightToe", "Spine", "Spine1", "Spine2", "Neck", "Head", "LeftShoulder", "LeftArm", "LeftForeArm", "LeftHand", "RightShoulder", "RightArm", "RightForeArm", "RightHand"]}