{"root_pos": [-32.658966064453125, 102.23249816894531, 111.32572174072266], "local_quat": [[-0.1286347508430481, 0.7008973360061646, 0.6904281377792358, -0.12451925128698349], [-0.1666489541530609, -0.0491202175617218, -0.977466344833374, -0.11989506334066391], [0.8980244994163513, 0.01769094355404377, 0.016248196363449097, -0.4392891824245453], [0.6761630773544312, 0.07721719890832901, 0.09666257351636887, 0.7262901067733765], [0.9825242757797241, -5.017099283577409e-06, 2.653001865837723e-05, 0.18613438308238983], [-0.03272237628698349, 0.4244943857192993, 0.9047867059707642, 0.009735586121678352], [0.8039343357086182, 0.10101798176765442, -0.12027855217456818, -0.5736009478569031], [0.8526161909103394, 0.06949029117822647, -0.07757730782032013, 0.5120531916618347], [0.9825242757797241, 4.905905370833352e-06, -2.669319474080112e-05, 0.1861344873905182], [0.9966127276420593, -0.0293289702385664, 0.021976036950945854, 0.07361980527639389], [0.9955111145973206, -0.05663536861538887, 0.046398598700761795, 0.059977199882268906], [0.9956737160682678, -0.056786466389894485, 0.04621463641524315, 0.05721326544880867], [0.9895767569541931, 0.1017502024769783, -0.005033266264945269, 0.1017809808254242], [0.9740878343582153, 0.1297294795513153, -0.15898671746253967, 0.0951126366853714], [-0.025348398834466934, -0.6586415767669678, -0.009667405858635902, -0.7519676089286804], [0.9318069219589233, 0.001073565799742937, 0.3347145915031433, -0.14035974442958832], [0.7418443560600281, -0.02063603885471821, -0.05519420653581619, -0.667978048324585], [0.9491264224052429, 0.2736409604549408, -0.15147265791893005, 0.036546751856803894], [0.02859135903418064, 0.6339200735092163, -0.053881075233221054, -0.7709894180297852], [0.8803532123565674, -0.3536885380744934, -0.3144857883453369, 0.031326260417699814], [0.970453679561615, 0.014888732694089413, 0.10613932460546494, -0.21617674827575684], [0.9924448728561401, -0.09203451126813889, 0.032995689660310745, 0.07412247359752655]], "joint_names": ["Hips", "LeftUpLeg", "LeftLeg", "LeftFoot", "LeftToe", "RightUpLeg", "RightLeg", "RightFoot", "RightToe", "Spine", "Spine1", "Spine2", "Neck", "Head", "LeftShoulder", "LeftArm", "LeftForeArm", "LeftHand", "RightShoulder", "RightArm", "RightForeArm", "RightHand"]}