{"root_pos": [11.938106536865234, 81.54007720947266, -70.19023895263672], "local_quat": [[0.619972288608551, -0.26470181345939636, -0.23014457523822784, 0.7018552422523499], [0.07606520503759384, -0.13523614406585693, -0.9797303080558777, -0.12670361995697021], [0.8926057815551758, 0.039689015597105026, 0.03248809650540352, -0.447910875082016], [0.6006552577018738, -0.049762021750211716, -0.09392942488193512, 0.7924104332923889], [0.9825242757797241, -5.022425284550991e-06, 2.6511246687732637e-05, 0.18613439798355103], [0.02385462448000908, 0.44285455346107483, 0.892748236656189, -0.0794442668557167], [0.795748770236969, -0.025249574333429337, -0.0036867123562842607, -0.605089008808136], [0.6914308071136475, 0.07685905694961548, 0.12675721943378448, 0.707070529460907], [0.9825242757797241, 4.900578005617717e-06, -2.671196671144571e-05, 0.18613441288471222], [0.9970611333847046, -0.010340283624827862, -0.017372604459524155, 0.07389449328184128], [0.9973491430282593, -0.022151153534650803, -0.03379478678107262, 0.060513488948345184], [0.9975133538246155, -0.022040801122784615, -0.03386570140719414, 0.057744745165109634], [0.9859122633934021, -0.0631159320473671, -0.11570417881011963, 0.10298526287078857], [0.9754054546356201, -0.1427403837442398, 0.15302130579948425, 0.06923738867044449], [0.016533605754375458, -0.6229751110076904, 0.039040856063365936, -0.7810918092727661], [0.9155982732772827, -0.060057900846004486, 0.3812772035598755, -0.11269664019346237], [0.8419834971427917, -0.05844935402274132, -0.13237881660461426, -0.5197339057922363], [0.9154143929481506, 0.39373263716697693, 0.000675313058309257, 0.08361019939184189], [0.019042933359742165, 0.6317461133003235, -0.0423298105597496, -0.7737844586372375], [0.8485142588615417, -0.3077567517757416, -0.4242364764213562, -0.07302581518888474], [0.851580798625946, 0.039774227887392044, 0.09970175474882126, -0.5131157040596008], [0.9908658862113953, -0.07972083240747452, 0.09441979229450226, 0.053984224796295166]], "joint_names": ["Hips", "LeftUpLeg", "LeftLeg", "LeftFoot", "LeftToe", "RightUpLeg", "RightLeg", "RightFoot", "RightToe", "Spine", "Spine1", "Spine2", "Neck", "Head", "LeftShoulder", "LeftArm", "LeftForeArm", "LeftHand", "RightShoulder", "RightArm", "RightForeArm", "RightHand"]}